time_utc,tclw_kgm2
2023-01-01 00:00:00,0.000366
2023-01-01 01:00:00,0.000000
2023-01-01 02:00:00,0.000000
2023-01-01 03:00:00,0.000000
2023-01-01 04:00:00,0.000000
2023-01-01 05:00:00,0.000000
2023-01-01 06:00:00,0.000000
2023-01-01 07:00:00,0.001038
2023-01-01 08:00:00,0.001709
2023-01-01 09:00:00,0.001587
2023-01-01 10:00:00,0.000427
2023-01-01 11:00:00,0.000397
2023-01-01 12:00:00,0.000305
2023-01-01 13:00:00,0.000427
2023-01-01 14:00:00,0.001526
2023-01-01 15:00:00,0.004028
2023-01-01 16:00:00,0.010559
2023-01-01 17:00:00,0.019043
2023-01-01 18:00:00,0.029419
2023-01-01 19:00:00,0.037659
2023-01-01 20:00:00,0.045898
2023-01-01 21:00:00,0.034424
2023-01-01 22:00:00,0.045807
2023-01-01 23:00:00,0.062866
2023-01-02 00:00:00,0.075134
2023-01-02 01:00:00,0.081451
2023-01-02 02:00:00,0.076233
2023-01-02 03:00:00,0.066864
2023-01-02 04:00:00,0.057495
2023-01-02 05:00:00,0.045532
2023-01-02 06:00:00,0.002502
2023-01-02 07:00:00,0.000549
2023-01-02 08:00:00,0.000122
2023-01-02 09:00:00,0.001160
2023-01-02 10:00:00,0.001282
2023-01-02 11:00:00,0.001160
2023-01-02 12:00:00,0.000885
2023-01-02 13:00:00,0.000397
2023-01-02 14:00:00,0.000061
2023-01-02 15:00:00,0.000031
2023-01-02 16:00:00,0.000061
2023-01-02 17:00:00,0.000061
2023-01-02 18:00:00,0.000061
2023-01-02 19:00:00,0.000061
2023-01-02 20:00:00,0.000122
2023-01-02 21:00:00,0.000244
2023-01-02 22:00:00,0.000122
2023-01-02 23:00:00,0.000305
2023-01-03 00:00:00,0.000610
2023-01-03 01:00:00,0.001465
2023-01-03 02:00:00,0.005585
2023-01-03 03:00:00,0.014191
2023-01-03 04:00:00,0.010040
2023-01-03 05:00:00,0.006897
2023-01-03 06:00:00,0.015320
2023-01-03 07:00:00,0.016052
2023-01-03 08:00:00,0.012085
2023-01-03 09:00:00,0.008423
2023-01-03 10:00:00,0.005554
2023-01-03 11:00:00,0.002167
2023-01-03 12:00:00,0.000488
2023-01-03 13:00:00,0.000275
2023-01-03 14:00:00,0.000366
2023-01-03 15:00:00,0.000671
2023-01-03 16:00:00,0.001160
2023-01-03 17:00:00,0.001160
2023-01-03 18:00:00,0.000610
2023-01-03 19:00:00,0.000305
2023-01-03 20:00:00,0.000214
2023-01-03 21:00:00,0.000183
2023-01-03 22:00:00,0.000092
2023-01-03 23:00:00,0.000061
2023-01-04 00:00:00,0.000061
2023-01-04 01:00:00,0.000061
2023-01-04 02:00:00,0.000061
2023-01-04 03:00:00,0.000305
2023-01-04 04:00:00,0.000977
2023-01-04 05:00:00,0.000305
2023-01-04 06:00:00,0.000122
2023-01-04 07:00:00,0.000000
2023-01-04 08:00:00,0.000000
2023-01-04 09:00:00,0.000000
2023-01-04 10:00:00,0.000000
2023-01-04 11:00:00,0.000000
2023-01-04 12:00:00,0.000000
2023-01-04 13:00:00,0.000000
2023-01-04 14:00:00,0.000000
2023-01-04 15:00:00,0.000000
2023-01-04 16:00:00,0.000000
2023-01-04 17:00:00,0.000000
2023-01-04 18:00:00,0.000000
2023-01-04 19:00:00,0.000000
2023-01-04 20:00:00,0.000000
2023-01-04 21:00:00,0.000000
2023-01-04 22:00:00,0.002228
2023-01-04 23:00:00,0.011963
2023-01-05 00:00:00,0.052643
2023-01-05 01:00:00,0.092682
2023-01-05 02:00:00,0.122681
2023-01-05 03:00:00,0.139679
2023-01-05 04:00:00,0.129547
2023-01-05 05:00:00,0.087769
2023-01-05 06:00:00,0.038574
2023-01-05 07:00:00,0.013489
2023-01-05 08:00:00,0.001434
2023-01-05 09:00:00,0.000000
2023-01-05 10:00:00,0.000000
2023-01-05 11:00:00,0.000000
2023-01-05 12:00:00,0.000000
2023-01-05 13:00:00,0.000000
2023-01-05 14:00:00,0.000000
2023-01-05 15:00:00,0.000000
2023-01-05 16:00:00,0.000000
2023-01-05 17:00:00,0.000000
2023-01-05 18:00:00,0.000000
2023-01-05 19:00:00,0.000000
2023-01-05 20:00:00,0.000000
2023-01-05 21:00:00,0.000000
2023-01-05 22:00:00,0.005737
2023-01-05 23:00:00,0.033966
2023-01-06 00:00:00,0.063995
2023-01-06 01:00:00,0.090576
2023-01-06 02:00:00,0.125427
2023-01-06 03:00:00,0.153931
2023-01-06 04:00:00,0.164276
2023-01-06 05:00:00,0.127502
2023-01-06 06:00:00,0.060364
2023-01-06 07:00:00,0.016418
2023-01-06 08:00:00,0.001404
2023-01-06 09:00:00,0.000000
2023-01-06 10:00:00,0.000000
2023-01-06 11:00:00,0.000000
2023-01-06 12:00:00,0.000000
2023-01-06 13:00:00,0.000000
2023-01-06 14:00:00,0.000000
2023-01-06 15:00:00,0.000000
2023-01-06 16:00:00,0.000000
2023-01-06 17:00:00,0.000000
2023-01-06 18:00:00,0.000000
2023-01-06 19:00:00,0.000000
2023-01-06 20:00:00,0.000000
2023-01-06 21:00:00,0.000153
2023-01-06 22:00:00,0.001587
2023-01-06 23:00:00,0.011780
2023-01-07 00:00:00,0.030975
2023-01-07 01:00:00,0.066528
2023-01-07 02:00:00,0.100281
2023-01-07 03:00:00,0.108582
2023-01-07 04:00:00,0.071136
2023-01-07 05:00:00,0.017181
2023-01-07 06:00:00,0.001434
2023-01-07 07:00:00,0.000061
2023-01-07 08:00:00,0.000000
2023-01-07 09:00:00,0.000000
2023-01-07 10:00:00,0.000000
2023-01-07 11:00:00,0.000000
2023-01-07 12:00:00,0.000000
2023-01-07 13:00:00,0.000000
2023-01-07 14:00:00,0.000000
2023-01-07 15:00:00,0.000000
2023-01-07 16:00:00,0.000000
2023-01-07 17:00:00,0.000000
2023-01-07 18:00:00,0.000000
2023-01-07 19:00:00,0.000000
2023-01-07 20:00:00,0.000000
2023-01-07 21:00:00,0.000000
2023-01-07 22:00:00,0.000000
2023-01-07 23:00:00,0.000061
2023-01-08 00:00:00,0.001129
2023-01-08 01:00:00,0.005035
2023-01-08 02:00:00,0.015442
2023-01-08 03:00:00,0.030762
2023-01-08 04:00:00,0.023499
2023-01-08 05:00:00,0.007233
2023-01-08 06:00:00,0.000732
2023-01-08 07:00:00,0.000031
2023-01-08 08:00:00,0.000031
2023-01-08 09:00:00,0.000031
2023-01-08 10:00:00,0.000000
2023-01-08 11:00:00,0.000031
2023-01-08 12:00:00,0.000000
2023-01-08 13:00:00,0.000031
2023-01-08 14:00:00,0.000061
2023-01-08 15:00:00,0.000092
2023-01-08 16:00:00,0.000092
2023-01-08 17:00:00,0.000061
2023-01-08 18:00:00,0.000061
2023-01-08 19:00:00,0.000061
2023-01-08 20:00:00,0.000061
2023-01-08 21:00:00,0.002319
2023-01-08 22:00:00,0.005737
2023-01-08 23:00:00,0.015259
2023-01-09 00:00:00,0.039001
2023-01-09 01:00:00,0.053833
2023-01-09 02:00:00,0.061279
2023-01-09 03:00:00,0.063782
2023-01-09 04:00:00,0.049744
2023-01-09 05:00:00,0.021240
2023-01-09 06:00:00,0.002777
2023-01-09 07:00:00,0.000000
2023-01-09 08:00:00,0.000000
2023-01-09 09:00:00,0.000000
2023-01-09 10:00:00,0.000000
2023-01-09 11:00:00,0.000000
2023-01-09 12:00:00,0.000000
2023-01-09 13:00:00,0.000000
2023-01-09 14:00:00,0.000000
2023-01-09 15:00:00,0.000000
2023-01-09 16:00:00,0.000000
2023-01-09 17:00:00,0.000061
2023-01-09 18:00:00,0.000061
2023-01-09 19:00:00,0.000000
2023-01-09 20:00:00,0.000000
2023-01-09 21:00:00,0.000000
2023-01-09 22:00:00,0.000000
2023-01-09 23:00:00,0.000000
2023-01-10 00:00:00,0.000519
2023-01-10 01:00:00,0.003326
2023-01-10 02:00:00,0.007782
2023-01-10 03:00:00,0.011200
2023-01-10 04:00:00,0.002899
2023-01-10 05:00:00,0.000458
2023-01-10 06:00:00,0.000000
2023-01-10 07:00:00,0.000000
2023-01-10 08:00:00,0.000000
2023-01-10 09:00:00,0.000000
2023-01-10 10:00:00,0.000000
2023-01-10 11:00:00,0.000000
2023-01-10 12:00:00,0.000000
2023-01-10 13:00:00,0.000000
2023-01-10 14:00:00,0.000000
2023-01-10 15:00:00,0.000000
2023-01-10 16:00:00,0.000000
2023-01-10 17:00:00,0.000000
2023-01-10 18:00:00,0.000000
2023-01-10 19:00:00,0.000061
2023-01-10 20:00:00,0.000214
2023-01-10 21:00:00,0.000519
2023-01-10 22:00:00,0.001770
2023-01-10 23:00:00,0.013306
2023-01-11 00:00:00,0.040344
2023-01-11 01:00:00,0.065613
2023-01-11 02:00:00,0.076538
2023-01-11 03:00:00,0.091339
2023-01-11 04:00:00,0.082336
2023-01-11 05:00:00,0.050964
2023-01-11 06:00:00,0.010864
2023-01-11 07:00:00,0.000275
2023-01-11 08:00:00,0.000061
2023-01-11 09:00:00,0.000031
2023-01-11 10:00:00,0.000061
2023-01-11 11:00:00,0.000793
2023-01-11 12:00:00,0.002014
2023-01-11 13:00:00,0.003784
2023-01-11 14:00:00,0.005737
2023-01-11 15:00:00,0.009094
2023-01-11 16:00:00,0.026489
2023-01-11 17:00:00,0.075073
2023-01-11 18:00:00,0.218414
2023-01-11 19:00:00,0.385986
2023-01-11 20:00:00,0.314758
2023-01-11 21:00:00,0.246979
2023-01-11 22:00:00,0.167023
2023-01-11 23:00:00,0.113770
2023-01-12 00:00:00,0.094147
2023-01-12 01:00:00,0.061707
2023-01-12 02:00:00,0.049591
2023-01-12 03:00:00,0.035858
2023-01-12 04:00:00,0.030670
2023-01-12 05:00:00,0.025299
2023-01-12 06:00:00,0.044006
2023-01-12 07:00:00,0.059875
2023-01-12 08:00:00,0.069672
2023-01-12 09:00:00,0.077271
2023-01-12 10:00:00,0.099121
2023-01-12 11:00:00,0.075378
2023-01-12 12:00:00,0.060394
2023-01-12 13:00:00,0.070007
2023-01-12 14:00:00,0.100311
2023-01-12 15:00:00,0.081421
2023-01-12 16:00:00,0.056213
2023-01-12 17:00:00,0.038483
2023-01-12 18:00:00,0.025757
2023-01-12 19:00:00,0.017395
2023-01-12 20:00:00,0.021271
2023-01-12 21:00:00,0.033020
2023-01-12 22:00:00,0.055328
2023-01-12 23:00:00,0.072418
2023-01-13 00:00:00,0.066376
2023-01-13 01:00:00,0.070160
2023-01-13 02:00:00,0.065613
2023-01-13 03:00:00,0.069153
2023-01-13 04:00:00,0.044678
2023-01-13 05:00:00,0.060791
2023-01-13 06:00:00,0.076355
2023-01-13 07:00:00,0.080566
2023-01-13 08:00:00,0.094574
2023-01-13 09:00:00,0.117523
2023-01-13 10:00:00,0.175751
2023-01-13 11:00:00,0.147858
2023-01-13 12:00:00,0.140533
2023-01-13 13:00:00,0.137085
2023-01-13 14:00:00,0.131683
2023-01-13 15:00:00,0.142670
2023-01-13 16:00:00,0.118896
2023-01-13 17:00:00,0.086853
2023-01-13 18:00:00,0.056335
2023-01-13 19:00:00,0.037781
2023-01-13 20:00:00,0.023743
2023-01-13 21:00:00,0.012939
2023-01-13 22:00:00,0.015808
2023-01-13 23:00:00,0.036713
2023-01-14 00:00:00,0.057251
2023-01-14 01:00:00,0.050781
2023-01-14 02:00:00,0.044800
2023-01-14 03:00:00,0.013733
2023-01-14 04:00:00,0.003662
2023-01-14 05:00:00,0.002502
2023-01-14 06:00:00,0.002136
2023-01-14 07:00:00,0.001343
2023-01-14 08:00:00,0.000427
2023-01-14 09:00:00,0.000183
2023-01-14 10:00:00,0.000061
2023-01-14 11:00:00,0.000000
2023-01-14 12:00:00,0.000000
2023-01-14 13:00:00,0.000000
2023-01-14 14:00:00,0.000000
2023-01-14 15:00:00,0.000000
2023-01-14 16:00:00,0.000061
2023-01-14 17:00:00,0.000092
2023-01-14 18:00:00,0.000061
2023-01-14 19:00:00,0.000183
2023-01-14 20:00:00,0.000610
2023-01-14 21:00:00,0.001251
2023-01-14 22:00:00,0.001282
2023-01-14 23:00:00,0.002045
2023-01-15 00:00:00,0.002502
2023-01-15 01:00:00,0.002319
2023-01-15 02:00:00,0.001831
2023-01-15 03:00:00,0.001587
2023-01-15 04:00:00,0.001556
2023-01-15 05:00:00,0.001617
2023-01-15 06:00:00,0.001953
2023-01-15 07:00:00,0.000793
2023-01-15 08:00:00,0.000061
2023-01-15 09:00:00,0.000000
2023-01-15 10:00:00,0.000000
2023-01-15 11:00:00,0.000000
2023-01-15 12:00:00,0.000000
2023-01-15 13:00:00,0.000061
2023-01-15 14:00:00,0.000061
2023-01-15 15:00:00,0.000061
2023-01-15 16:00:00,0.000061
2023-01-15 17:00:00,0.000061
2023-01-15 18:00:00,0.000061
2023-01-15 19:00:00,0.000061
2023-01-15 20:00:00,0.000061
2023-01-15 21:00:00,0.000061
2023-01-15 22:00:00,0.000000
2023-01-15 23:00:00,0.000000
2023-01-16 00:00:00,0.000061
2023-01-16 01:00:00,0.000061
2023-01-16 02:00:00,0.000122
2023-01-16 03:00:00,0.000061
2023-01-16 04:00:00,0.000061
2023-01-16 05:00:00,0.000092
2023-01-16 06:00:00,0.000061
2023-01-16 07:00:00,0.000000
2023-01-16 08:00:00,0.000000
2023-01-16 09:00:00,0.000000
2023-01-16 10:00:00,0.000000
2023-01-16 11:00:00,0.000000
2023-01-16 12:00:00,0.000000
2023-01-16 13:00:00,0.000000
2023-01-16 14:00:00,0.000000
2023-01-16 15:00:00,0.000000
2023-01-16 16:00:00,0.000061
2023-01-16 17:00:00,0.000061
2023-01-16 18:00:00,0.000031
2023-01-16 19:00:00,0.000061
2023-01-16 20:00:00,0.000061
2023-01-16 21:00:00,0.000061
2023-01-16 22:00:00,0.000000
2023-01-16 23:00:00,0.000000
2023-01-17 00:00:00,0.000000
2023-01-17 01:00:00,0.000000
2023-01-17 02:00:00,0.000000
2023-01-17 03:00:00,0.000000
2023-01-17 04:00:00,0.000000
2023-01-17 05:00:00,0.000000
2023-01-17 06:00:00,0.000000
2023-01-17 07:00:00,0.000000
2023-01-17 08:00:00,0.000000
2023-01-17 09:00:00,0.000000
2023-01-17 10:00:00,0.000000
2023-01-17 11:00:00,0.000000
2023-01-17 12:00:00,0.000000
2023-01-17 13:00:00,0.000000
2023-01-17 14:00:00,0.000000
2023-01-17 15:00:00,0.000000
2023-01-17 16:00:00,0.000000
2023-01-17 17:00:00,0.000000
2023-01-17 18:00:00,0.000000
2023-01-17 19:00:00,0.000000
2023-01-17 20:00:00,0.000000
2023-01-17 21:00:00,0.000000
2023-01-17 22:00:00,0.000031
2023-01-17 23:00:00,0.000183
2023-01-18 00:00:00,0.000000
2023-01-18 01:00:00,0.000000
2023-01-18 02:00:00,0.000000
2023-01-18 03:00:00,0.000000
2023-01-18 04:00:00,0.000000
2023-01-18 05:00:00,0.000000
2023-01-18 06:00:00,0.000000
2023-01-18 07:00:00,0.000000
2023-01-18 08:00:00,0.000000
2023-01-18 09:00:00,0.000000
2023-01-18 10:00:00,0.000000
2023-01-18 11:00:00,0.000000
2023-01-18 12:00:00,0.000000
2023-01-18 13:00:00,0.000000
2023-01-18 14:00:00,0.000000
2023-01-18 15:00:00,0.000000
2023-01-18 16:00:00,0.000427
2023-01-18 17:00:00,0.002197
2023-01-18 18:00:00,0.001526
2023-01-18 19:00:00,0.001526
2023-01-18 20:00:00,0.000122
2023-01-18 21:00:00,0.004791
2023-01-18 22:00:00,0.009033
2023-01-18 23:00:00,0.015350
2023-01-19 00:00:00,0.109985
2023-01-19 01:00:00,0.066711
2023-01-19 02:00:00,0.017853
2023-01-19 03:00:00,0.006592
2023-01-19 04:00:00,0.004364
2023-01-19 05:00:00,0.001587
2023-01-19 06:00:00,0.011780
2023-01-19 07:00:00,0.011658
2023-01-19 08:00:00,0.008850
2023-01-19 09:00:00,0.002014
2023-01-19 10:00:00,0.000488
2023-01-19 11:00:00,0.001648
2023-01-19 12:00:00,0.003235
2023-01-19 13:00:00,0.000854
2023-01-19 14:00:00,0.000122
2023-01-19 15:00:00,0.001221
2023-01-19 16:00:00,0.009094
2023-01-19 17:00:00,0.016632
2023-01-19 18:00:00,0.020477
2023-01-19 19:00:00,0.006287
2023-01-19 20:00:00,0.004517
2023-01-19 21:00:00,0.037598
2023-01-19 22:00:00,0.043976
2023-01-19 23:00:00,0.033661
2023-01-20 00:00:00,0.002167
2023-01-20 01:00:00,0.000061
2023-01-20 02:00:00,0.000031
2023-01-20 03:00:00,0.000061
2023-01-20 04:00:00,0.001038
2023-01-20 05:00:00,0.003143
2023-01-20 06:00:00,0.006348
2023-01-20 07:00:00,0.011322
2023-01-20 08:00:00,0.019379
2023-01-20 09:00:00,0.025116
2023-01-20 10:00:00,0.016083
2023-01-20 11:00:00,0.012634
2023-01-20 12:00:00,0.012482
2023-01-20 13:00:00,0.014252
2023-01-20 14:00:00,0.017456
2023-01-20 15:00:00,0.021179
2023-01-20 16:00:00,0.024658
2023-01-20 17:00:00,0.021545
2023-01-20 18:00:00,0.010681
2023-01-20 19:00:00,0.005310
2023-01-20 20:00:00,0.003937
2023-01-20 21:00:00,0.003174
2023-01-20 22:00:00,0.001282
2023-01-20 23:00:00,0.000763
2023-01-21 00:00:00,0.000671
2023-01-21 01:00:00,0.000519
2023-01-21 02:00:00,0.000275
2023-01-21 03:00:00,0.000153
2023-01-21 04:00:00,0.000122
2023-01-21 05:00:00,0.000092
2023-01-21 06:00:00,0.000122
2023-01-21 07:00:00,0.000122
2023-01-21 08:00:00,0.000092
2023-01-21 09:00:00,0.000061
2023-01-21 10:00:00,0.000000
2023-01-21 11:00:00,0.000000
2023-01-21 12:00:00,0.000000
2023-01-21 13:00:00,0.000000
2023-01-21 14:00:00,0.000061
2023-01-21 15:00:00,0.000122
2023-01-21 16:00:00,0.000244
2023-01-21 17:00:00,0.000519
2023-01-21 18:00:00,0.001099
2023-01-21 19:00:00,0.002106
2023-01-21 20:00:00,0.003204
2023-01-21 21:00:00,0.004211
2023-01-21 22:00:00,0.007324
2023-01-21 23:00:00,0.013184
2023-01-22 00:00:00,0.024323
2023-01-22 01:00:00,0.034210
2023-01-22 02:00:00,0.040894
2023-01-22 03:00:00,0.043457
2023-01-22 04:00:00,0.048157
2023-01-22 05:00:00,0.047424
2023-01-22 06:00:00,0.049927
2023-01-22 07:00:00,0.050690
2023-01-22 08:00:00,0.050659
2023-01-22 09:00:00,0.060120
2023-01-22 10:00:00,0.085236
2023-01-22 11:00:00,0.111816
2023-01-22 12:00:00,0.100281
2023-01-22 13:00:00,0.073486
2023-01-22 14:00:00,0.050812
2023-01-22 15:00:00,0.033844
2023-01-22 16:00:00,0.023773
2023-01-22 17:00:00,0.023499
2023-01-22 18:00:00,0.027740
2023-01-22 19:00:00,0.028625
2023-01-22 20:00:00,0.028381
2023-01-22 21:00:00,0.028961
2023-01-22 22:00:00,0.023315
2023-01-22 23:00:00,0.023712
2023-01-23 00:00:00,0.025146
2023-01-23 01:00:00,0.022034
2023-01-23 02:00:00,0.015686
2023-01-23 03:00:00,0.008820
2023-01-23 04:00:00,0.005768
2023-01-23 05:00:00,0.002838
2023-01-23 06:00:00,0.001526
2023-01-23 07:00:00,0.001007
2023-01-23 08:00:00,0.001160
2023-01-23 09:00:00,0.001709
2023-01-23 10:00:00,0.003937
2023-01-23 11:00:00,0.012878
2023-01-23 12:00:00,0.026733
2023-01-23 13:00:00,0.052490
2023-01-23 14:00:00,0.079041
2023-01-23 15:00:00,0.094849
2023-01-23 16:00:00,0.090942
2023-01-23 17:00:00,0.138184
2023-01-23 18:00:00,0.176117
2023-01-23 19:00:00,0.171844
2023-01-23 20:00:00,0.096252
2023-01-23 21:00:00,0.136719
2023-01-23 22:00:00,0.166077
2023-01-23 23:00:00,0.141235
2023-01-24 00:00:00,0.169800
2023-01-24 01:00:00,0.171692
2023-01-24 02:00:00,0.125916
2023-01-24 03:00:00,0.072998
2023-01-24 04:00:00,0.071350
2023-01-24 05:00:00,0.097839
2023-01-24 06:00:00,0.204437
2023-01-24 07:00:00,0.279327
2023-01-24 08:00:00,0.174774
2023-01-24 09:00:00,0.145355
2023-01-24 10:00:00,0.142151
2023-01-24 11:00:00,0.152222
2023-01-24 12:00:00,0.144623
2023-01-24 13:00:00,0.162323
2023-01-24 14:00:00,0.181793
2023-01-24 15:00:00,0.150635
2023-01-24 16:00:00,0.164795
2023-01-24 17:00:00,0.140564
2023-01-24 18:00:00,0.103210
2023-01-24 19:00:00,0.098633
2023-01-24 20:00:00,0.068176
2023-01-24 21:00:00,0.038879
2023-01-24 22:00:00,0.026245
2023-01-24 23:00:00,0.023926
2023-01-25 00:00:00,0.021667
2023-01-25 01:00:00,0.019196
2023-01-25 02:00:00,0.021332
2023-01-25 03:00:00,0.038391
2023-01-25 04:00:00,0.064117
2023-01-25 05:00:00,0.088226
2023-01-25 06:00:00,0.116028
2023-01-25 07:00:00,0.143463
2023-01-25 08:00:00,0.144318
2023-01-25 09:00:00,0.116333
2023-01-25 10:00:00,0.154114
2023-01-25 11:00:00,0.268036
2023-01-25 12:00:00,0.238342
2023-01-25 13:00:00,0.174988
2023-01-25 14:00:00,0.116089
2023-01-25 15:00:00,0.085846
2023-01-25 16:00:00,0.068268
2023-01-25 17:00:00,0.065491
2023-01-25 18:00:00,0.064667
2023-01-25 19:00:00,0.061310
2023-01-25 20:00:00,0.054565
2023-01-25 21:00:00,0.050232
2023-01-25 22:00:00,0.074219
2023-01-25 23:00:00,0.083862
2023-01-26 00:00:00,0.085052
2023-01-26 01:00:00,0.091064
2023-01-26 02:00:00,0.098999
2023-01-26 03:00:00,0.088745
2023-01-26 04:00:00,0.064728
2023-01-26 05:00:00,0.033295
2023-01-26 06:00:00,0.017517
2023-01-26 07:00:00,0.009857
2023-01-26 08:00:00,0.004303
2023-01-26 09:00:00,0.002380
2023-01-26 10:00:00,0.001892
2023-01-26 11:00:00,0.003052
2023-01-26 12:00:00,0.002472
2023-01-26 13:00:00,0.002441
2023-01-26 14:00:00,0.001160
2023-01-26 15:00:00,0.000183
2023-01-26 16:00:00,0.000061
2023-01-26 17:00:00,0.000122
2023-01-26 18:00:00,0.000427
2023-01-26 19:00:00,0.000854
2023-01-26 20:00:00,0.001282
2023-01-26 21:00:00,0.001709
2023-01-26 22:00:00,0.000977
2023-01-26 23:00:00,0.001038
2023-01-27 00:00:00,0.000977
2023-01-27 01:00:00,0.001007
2023-01-27 02:00:00,0.001038
2023-01-27 03:00:00,0.001129
2023-01-27 04:00:00,0.000916
2023-01-27 05:00:00,0.000610
2023-01-27 06:00:00,0.000305
2023-01-27 07:00:00,0.000092
2023-01-27 08:00:00,0.000000
2023-01-27 09:00:00,0.000000
2023-01-27 10:00:00,0.000000
2023-01-27 11:00:00,0.000000
2023-01-27 12:00:00,0.000000
2023-01-27 13:00:00,0.000000
2023-01-27 14:00:00,0.000000
2023-01-27 15:00:00,0.000000
2023-01-27 16:00:00,0.000000
2023-01-27 17:00:00,0.000000
2023-01-27 18:00:00,0.000000
2023-01-27 19:00:00,0.000000
2023-01-27 20:00:00,0.000000
2023-01-27 21:00:00,0.000000
2023-01-27 22:00:00,0.000000
2023-01-27 23:00:00,0.000000
2023-01-28 00:00:00,0.000000
2023-01-28 01:00:00,0.000000
2023-01-28 02:00:00,0.000000
2023-01-28 03:00:00,0.000000
2023-01-28 04:00:00,0.000000
2023-01-28 05:00:00,0.000000
2023-01-28 06:00:00,0.000000
2023-01-28 07:00:00,0.000000
2023-01-28 08:00:00,0.000000
2023-01-28 09:00:00,0.000000
2023-01-28 10:00:00,0.000000
2023-01-28 11:00:00,0.000000
2023-01-28 12:00:00,0.000000
2023-01-28 13:00:00,0.000000
2023-01-28 14:00:00,0.000000
2023-01-28 15:00:00,0.000000
2023-01-28 16:00:00,0.000336
2023-01-28 17:00:00,0.001343
2023-01-28 18:00:00,0.003174
2023-01-28 19:00:00,0.006439
2023-01-28 20:00:00,0.006897
2023-01-28 21:00:00,0.004456
2023-01-28 22:00:00,0.000122
2023-01-28 23:00:00,0.000061
2023-01-29 00:00:00,0.001038
2023-01-29 01:00:00,0.041687
2023-01-29 02:00:00,0.064301
2023-01-29 03:00:00,0.029541
2023-01-29 04:00:00,0.095612
2023-01-29 05:00:00,0.034729
2023-01-29 06:00:00,0.055298
2023-01-29 07:00:00,0.093323
2023-01-29 08:00:00,0.123077
2023-01-29 09:00:00,0.004944
2023-01-29 10:00:00,0.013336
2023-01-29 11:00:00,0.008606
2023-01-29 12:00:00,0.031494
2023-01-29 13:00:00,0.010437
2023-01-29 14:00:00,0.013580
2023-01-29 15:00:00,0.034637
2023-01-29 16:00:00,0.032410
2023-01-29 17:00:00,0.030090
2023-01-29 18:00:00,0.015625
2023-01-29 19:00:00,0.004364
2023-01-29 20:00:00,0.007812
2023-01-29 21:00:00,0.025269
2023-01-29 22:00:00,0.195709
2023-01-29 23:00:00,0.055603
2023-01-30 00:00:00,0.234619
2023-01-30 01:00:00,0.124146
2023-01-30 02:00:00,0.120270
2023-01-30 03:00:00,0.097656
2023-01-30 04:00:00,0.034729
2023-01-30 05:00:00,0.005768
2023-01-30 06:00:00,0.013397
2023-01-30 07:00:00,0.042114
2023-01-30 08:00:00,0.042664
2023-01-30 09:00:00,0.041443
2023-01-30 10:00:00,0.070343
2023-01-30 11:00:00,0.027893
2023-01-30 12:00:00,0.007599
2023-01-30 13:00:00,0.003296
2023-01-30 14:00:00,0.003418
2023-01-30 15:00:00,0.004150
2023-01-30 16:00:00,0.003845
2023-01-30 17:00:00,0.003754
2023-01-30 18:00:00,0.003387
2023-01-30 19:00:00,0.002747
2023-01-30 20:00:00,0.002686
2023-01-30 21:00:00,0.003723
2023-01-30 22:00:00,0.005127
2023-01-30 23:00:00,0.000793
2023-01-31 00:00:00,0.000366
2023-01-31 01:00:00,0.001282
2023-01-31 02:00:00,0.003967
2023-01-31 03:00:00,0.001953
2023-01-31 04:00:00,0.000275
2023-01-31 05:00:00,0.000000
2023-01-31 06:00:00,0.000000
2023-01-31 07:00:00,0.000061
2023-01-31 08:00:00,0.000000
2023-01-31 09:00:00,0.000000
2023-01-31 10:00:00,0.005066
2023-01-31 11:00:00,0.000641
2023-01-31 12:00:00,0.000000
2023-01-31 13:00:00,0.000000
2023-01-31 14:00:00,0.000031
2023-01-31 15:00:00,0.000000
2023-01-31 16:00:00,0.000000
2023-01-31 17:00:00,0.000000
2023-01-31 18:00:00,0.000000
2023-01-31 19:00:00,0.000000
2023-01-31 20:00:00,0.000000
2023-01-31 21:00:00,0.000000
2023-01-31 22:00:00,0.000000
2023-01-31 23:00:00,0.000000
2023-02-01 00:00:00,0.000000
2023-02-01 01:00:00,0.000000
2023-02-01 02:00:00,0.000000
2023-02-01 03:00:00,0.000000
2023-02-01 04:00:00,0.000000
2023-02-01 05:00:00,0.000000
2023-02-01 06:00:00,0.000000
2023-02-01 07:00:00,0.000000
2023-02-01 08:00:00,0.000000
2023-02-01 09:00:00,0.000000
2023-02-01 10:00:00,0.000000
2023-02-01 11:00:00,0.000000
2023-02-01 12:00:00,0.000000
2023-02-01 13:00:00,0.000000
2023-02-01 14:00:00,0.000000
2023-02-01 15:00:00,0.000000
2023-02-01 16:00:00,0.000000
2023-02-01 17:00:00,0.000000
2023-02-01 18:00:00,0.000000
2023-02-01 19:00:00,0.000000
2023-02-01 20:00:00,0.000000
2023-02-01 21:00:00,0.000000
2023-02-01 22:00:00,0.000000
2023-02-01 23:00:00,0.000000
2023-02-02 00:00:00,0.000000
2023-02-02 01:00:00,0.000000
2023-02-02 02:00:00,0.000000
2023-02-02 03:00:00,0.000000
2023-02-02 04:00:00,0.000000
2023-02-02 05:00:00,0.000000
2023-02-02 06:00:00,0.000000
2023-02-02 07:00:00,0.000000
2023-02-02 08:00:00,0.000000
2023-02-02 09:00:00,0.000000
2023-02-02 10:00:00,0.000000
2023-02-02 11:00:00,0.000000
2023-02-02 12:00:00,0.000000
2023-02-02 13:00:00,0.000000
2023-02-02 14:00:00,0.000000
2023-02-02 15:00:00,0.000000
2023-02-02 16:00:00,0.000000
2023-02-02 17:00:00,0.000000
2023-02-02 18:00:00,0.000000
2023-02-02 19:00:00,0.000000
2023-02-02 20:00:00,0.000000
2023-02-02 21:00:00,0.000000
2023-02-02 22:00:00,0.000000
2023-02-02 23:00:00,0.000000
2023-02-03 00:00:00,0.000000
2023-02-03 01:00:00,0.000000
2023-02-03 02:00:00,0.000000
2023-02-03 03:00:00,0.000000
2023-02-03 04:00:00,0.000000
2023-02-03 05:00:00,0.000000
2023-02-03 06:00:00,0.000000
2023-02-03 07:00:00,0.000000
2023-02-03 08:00:00,0.000000
2023-02-03 09:00:00,0.000000
2023-02-03 10:00:00,0.000000
2023-02-03 11:00:00,0.000000
2023-02-03 12:00:00,0.000000
2023-02-03 13:00:00,0.000000
2023-02-03 14:00:00,0.000000
2023-02-03 15:00:00,0.000000
2023-02-03 16:00:00,0.000000
2023-02-03 17:00:00,0.000000
2023-02-03 18:00:00,0.000000
2023-02-03 19:00:00,0.000000
2023-02-03 20:00:00,0.000000
2023-02-03 21:00:00,0.000000
2023-02-03 22:00:00,0.000000
2023-02-03 23:00:00,0.000000
2023-02-04 00:00:00,0.000000
2023-02-04 01:00:00,0.000000
2023-02-04 02:00:00,0.000000
2023-02-04 03:00:00,0.000000
2023-02-04 04:00:00,0.000000
2023-02-04 05:00:00,0.000000
2023-02-04 06:00:00,0.000000
2023-02-04 07:00:00,0.000000
2023-02-04 08:00:00,0.000000
2023-02-04 09:00:00,0.000000
2023-02-04 10:00:00,0.000000
2023-02-04 11:00:00,0.000000
2023-02-04 12:00:00,0.000000
2023-02-04 13:00:00,0.000000
2023-02-04 14:00:00,0.000000
2023-02-04 15:00:00,0.000000
2023-02-04 16:00:00,0.000000
2023-02-04 17:00:00,0.000000
2023-02-04 18:00:00,0.000000
2023-02-04 19:00:00,0.000000
2023-02-04 20:00:00,0.000000
2023-02-04 21:00:00,0.000000
2023-02-04 22:00:00,0.000000
2023-02-04 23:00:00,0.000000
2023-02-05 00:00:00,0.000000
2023-02-05 01:00:00,0.000000
2023-02-05 02:00:00,0.000000
2023-02-05 03:00:00,0.000000
2023-02-05 04:00:00,0.000000
2023-02-05 05:00:00,0.000000
2023-02-05 06:00:00,0.000000
2023-02-05 07:00:00,0.000000
2023-02-05 08:00:00,0.000000
2023-02-05 09:00:00,0.000000
2023-02-05 10:00:00,0.000000
2023-02-05 11:00:00,0.000000
2023-02-05 12:00:00,0.000000
2023-02-05 13:00:00,0.000000
2023-02-05 14:00:00,0.000000
2023-02-05 15:00:00,0.000000
2023-02-05 16:00:00,0.000000
2023-02-05 17:00:00,0.000000
2023-02-05 18:00:00,0.000000
2023-02-05 19:00:00,0.000000
2023-02-05 20:00:00,0.000000
2023-02-05 21:00:00,0.000000
2023-02-05 22:00:00,0.000000
2023-02-05 23:00:00,0.000000
2023-02-06 00:00:00,0.000000
2023-02-06 01:00:00,0.000000
2023-02-06 02:00:00,0.000000
2023-02-06 03:00:00,0.000000
2023-02-06 04:00:00,0.000000
2023-02-06 05:00:00,0.000000
2023-02-06 06:00:00,0.000000
2023-02-06 07:00:00,0.000000
2023-02-06 08:00:00,0.000000
2023-02-06 09:00:00,0.009094
2023-02-06 10:00:00,0.021667
2023-02-06 11:00:00,0.028046
2023-02-06 12:00:00,0.019684
2023-02-06 13:00:00,0.015808
2023-02-06 14:00:00,0.012634
2023-02-06 15:00:00,0.007385
2023-02-06 16:00:00,0.005310
2023-02-06 17:00:00,0.002380
2023-02-06 18:00:00,0.000549
2023-02-06 19:00:00,0.000305
2023-02-06 20:00:00,0.000122
2023-02-06 21:00:00,0.000122
2023-02-06 22:00:00,0.000854
2023-02-06 23:00:00,0.000641
2023-02-07 00:00:00,0.000122
2023-02-07 01:00:00,0.000000
2023-02-07 02:00:00,0.000000
2023-02-07 03:00:00,0.000000
2023-02-07 04:00:00,0.000000
2023-02-07 05:00:00,0.000000
2023-02-07 06:00:00,0.000000
2023-02-07 07:00:00,0.000000
2023-02-07 08:00:00,0.000000
2023-02-07 09:00:00,0.000000
2023-02-07 10:00:00,0.000000
2023-02-07 11:00:00,0.000000
2023-02-07 12:00:00,0.000000
2023-02-07 13:00:00,0.000000
2023-02-07 14:00:00,0.000000
2023-02-07 15:00:00,0.000000
2023-02-07 16:00:00,0.000000
2023-02-07 17:00:00,0.000000
2023-02-07 18:00:00,0.000000
2023-02-07 19:00:00,0.000000
2023-02-07 20:00:00,0.000000
2023-02-07 21:00:00,0.000000
2023-02-07 22:00:00,0.000000
2023-02-07 23:00:00,0.000000
2023-02-08 00:00:00,0.000000
2023-02-08 01:00:00,0.000000
2023-02-08 02:00:00,0.000000
2023-02-08 03:00:00,0.000000
2023-02-08 04:00:00,0.000000
2023-02-08 05:00:00,0.000000
2023-02-08 06:00:00,0.000000
2023-02-08 07:00:00,0.000000
2023-02-08 08:00:00,0.000000
2023-02-08 09:00:00,0.000000
2023-02-08 10:00:00,0.000000
2023-02-08 11:00:00,0.000000
2023-02-08 12:00:00,0.000000
2023-02-08 13:00:00,0.000000
2023-02-08 14:00:00,0.000000
2023-02-08 15:00:00,0.000000
2023-02-08 16:00:00,0.000000
2023-02-08 17:00:00,0.000092
2023-02-08 18:00:00,0.000092
2023-02-08 19:00:00,0.000122
2023-02-08 20:00:00,0.000244
2023-02-08 21:00:00,0.000336
2023-02-08 22:00:00,0.000183
2023-02-08 23:00:00,0.000061
2023-02-09 00:00:00,0.000061
2023-02-09 01:00:00,0.000000
2023-02-09 02:00:00,0.000000
2023-02-09 03:00:00,0.000000
2023-02-09 04:00:00,0.000000
2023-02-09 05:00:00,0.000000
2023-02-09 06:00:00,0.000000
2023-02-09 07:00:00,0.000000
2023-02-09 08:00:00,0.000000
2023-02-09 09:00:00,0.000000
2023-02-09 10:00:00,0.000336
2023-02-09 11:00:00,0.001404
2023-02-09 12:00:00,0.000427
2023-02-09 13:00:00,0.000000
2023-02-09 14:00:00,0.000000
2023-02-09 15:00:00,0.000000
2023-02-09 16:00:00,0.000000
2023-02-09 17:00:00,0.000000
2023-02-09 18:00:00,0.000000
2023-02-09 19:00:00,0.000000
2023-02-09 20:00:00,0.000000
2023-02-09 21:00:00,0.000000
2023-02-09 22:00:00,0.000000
2023-02-09 23:00:00,0.000000
2023-02-10 00:00:00,0.000000
2023-02-10 01:00:00,0.000000
2023-02-10 02:00:00,0.000000
2023-02-10 03:00:00,0.000000
2023-02-10 04:00:00,0.000000
2023-02-10 05:00:00,0.000000
2023-02-10 06:00:00,0.000000
2023-02-10 07:00:00,0.000000
2023-02-10 08:00:00,0.000000
2023-02-10 09:00:00,0.000000
2023-02-10 10:00:00,0.000000
2023-02-10 11:00:00,0.000000
2023-02-10 12:00:00,0.000000
2023-02-10 13:00:00,0.000000
2023-02-10 14:00:00,0.000000
2023-02-10 15:00:00,0.000000
2023-02-10 16:00:00,0.000000
2023-02-10 17:00:00,0.000000
2023-02-10 18:00:00,0.000000
2023-02-10 19:00:00,0.000000
2023-02-10 20:00:00,0.000000
2023-02-10 21:00:00,0.000000
2023-02-10 22:00:00,0.000000
2023-02-10 23:00:00,0.000000
2023-02-11 00:00:00,0.000122
2023-02-11 01:00:00,0.004150
2023-02-11 02:00:00,0.025696
2023-02-11 03:00:00,0.028381
2023-02-11 04:00:00,0.009155
2023-02-11 05:00:00,0.000000
2023-02-11 06:00:00,0.000000
2023-02-11 07:00:00,0.000061
2023-02-11 08:00:00,0.000458
2023-02-11 09:00:00,0.000122
2023-02-11 10:00:00,0.000031
2023-02-11 11:00:00,0.000183
2023-02-11 12:00:00,0.000000
2023-02-11 13:00:00,0.000061
2023-02-11 14:00:00,0.000000
2023-02-11 15:00:00,0.000000
2023-02-11 16:00:00,0.000000
2023-02-11 17:00:00,0.000000
2023-02-11 18:00:00,0.000000
2023-02-11 19:00:00,0.000000
2023-02-11 20:00:00,0.000000
2023-02-11 21:00:00,0.000000
2023-02-11 22:00:00,0.000000
2023-02-11 23:00:00,0.000000
2023-02-12 00:00:00,0.000000
2023-02-12 01:00:00,0.000000
2023-02-12 02:00:00,0.000000
2023-02-12 03:00:00,0.000000
2023-02-12 04:00:00,0.000000
2023-02-12 05:00:00,0.000000
2023-02-12 06:00:00,0.000000
2023-02-12 07:00:00,0.000000
2023-02-12 08:00:00,0.000000
2023-02-12 09:00:00,0.000000
2023-02-12 10:00:00,0.000000
2023-02-12 11:00:00,0.000000
2023-02-12 12:00:00,0.000000
2023-02-12 13:00:00,0.000000
2023-02-12 14:00:00,0.000000
2023-02-12 15:00:00,0.000000
2023-02-12 16:00:00,0.000000
2023-02-12 17:00:00,0.000000
2023-02-12 18:00:00,0.000000
2023-02-12 19:00:00,0.000000
2023-02-12 20:00:00,0.000000
2023-02-12 21:00:00,0.000000
2023-02-12 22:00:00,0.000000
2023-02-12 23:00:00,0.000000
2023-02-13 00:00:00,0.000000
2023-02-13 01:00:00,0.000000
2023-02-13 02:00:00,0.000000
2023-02-13 03:00:00,0.000000
2023-02-13 04:00:00,0.000000
2023-02-13 05:00:00,0.000000
2023-02-13 06:00:00,0.000000
2023-02-13 07:00:00,0.000000
2023-02-13 08:00:00,0.000000
2023-02-13 09:00:00,0.000000
2023-02-13 10:00:00,0.000000
2023-02-13 11:00:00,0.000000
2023-02-13 12:00:00,0.000000
2023-02-13 13:00:00,0.000000
2023-02-13 14:00:00,0.000000
2023-02-13 15:00:00,0.000000
2023-02-13 16:00:00,0.000000
2023-02-13 17:00:00,0.000000
2023-02-13 18:00:00,0.000000
2023-02-13 19:00:00,0.000000
2023-02-13 20:00:00,0.000000
2023-02-13 21:00:00,0.000000
2023-02-13 22:00:00,0.000000
2023-02-13 23:00:00,0.000000
2023-02-14 00:00:00,0.000000
2023-02-14 01:00:00,0.000000
2023-02-14 02:00:00,0.000000
2023-02-14 03:00:00,0.000000
2023-02-14 04:00:00,0.000000
2023-02-14 05:00:00,0.000000
2023-02-14 06:00:00,0.000000
2023-02-14 07:00:00,0.000000
2023-02-14 08:00:00,0.000000
2023-02-14 09:00:00,0.000000
2023-02-14 10:00:00,0.000000
2023-02-14 11:00:00,0.000000
2023-02-14 12:00:00,0.000000
2023-02-14 13:00:00,0.000000
2023-02-14 14:00:00,0.000000
2023-02-14 15:00:00,0.000000
2023-02-14 16:00:00,0.000000
2023-02-14 17:00:00,0.000000
2023-02-14 18:00:00,0.000000
2023-02-14 19:00:00,0.000000
2023-02-14 20:00:00,0.000000
2023-02-14 21:00:00,0.000000
2023-02-14 22:00:00,0.000000
2023-02-14 23:00:00,0.000000
2023-02-15 00:00:00,0.000000
2023-02-15 01:00:00,0.000000
2023-02-15 02:00:00,0.000000
2023-02-15 03:00:00,0.000000
2023-02-15 04:00:00,0.000000
2023-02-15 05:00:00,0.000000
2023-02-15 06:00:00,0.000000
2023-02-15 07:00:00,0.000000
2023-02-15 08:00:00,0.000000
2023-02-15 09:00:00,0.000000
2023-02-15 10:00:00,0.000000
2023-02-15 11:00:00,0.000000
2023-02-15 12:00:00,0.000000
2023-02-15 13:00:00,0.000000
2023-02-15 14:00:00,0.000000
2023-02-15 15:00:00,0.000000
2023-02-15 16:00:00,0.000000
2023-02-15 17:00:00,0.000000
2023-02-15 18:00:00,0.000000
2023-02-15 19:00:00,0.000000
2023-02-15 20:00:00,0.000000
2023-02-15 21:00:00,0.000000
2023-02-15 22:00:00,0.000000
2023-02-15 23:00:00,0.000000
2023-02-16 00:00:00,0.000000
2023-02-16 01:00:00,0.000000
2023-02-16 02:00:00,0.000000
2023-02-16 03:00:00,0.000000
2023-02-16 04:00:00,0.000000
2023-02-16 05:00:00,0.000000
2023-02-16 06:00:00,0.000000
2023-02-16 07:00:00,0.000000
2023-02-16 08:00:00,0.000000
2023-02-16 09:00:00,0.000000
2023-02-16 10:00:00,0.000000
2023-02-16 11:00:00,0.000000
2023-02-16 12:00:00,0.000000
2023-02-16 13:00:00,0.000000
2023-02-16 14:00:00,0.000000
2023-02-16 15:00:00,0.000000
2023-02-16 16:00:00,0.000000
2023-02-16 17:00:00,0.000000
2023-02-16 18:00:00,0.000000
2023-02-16 19:00:00,0.000000
2023-02-16 20:00:00,0.000000
2023-02-16 21:00:00,0.000000
2023-02-16 22:00:00,0.000000
2023-02-16 23:00:00,0.000000
2023-02-17 00:00:00,0.000000
2023-02-17 01:00:00,0.000000
2023-02-17 02:00:00,0.000000
2023-02-17 03:00:00,0.000000
2023-02-17 04:00:00,0.000000
2023-02-17 05:00:00,0.000000
2023-02-17 06:00:00,0.000000
2023-02-17 07:00:00,0.000000
2023-02-17 08:00:00,0.000000
2023-02-17 09:00:00,0.000000
2023-02-17 10:00:00,0.000000
2023-02-17 11:00:00,0.000000
2023-02-17 12:00:00,0.000000
2023-02-17 13:00:00,0.000000
2023-02-17 14:00:00,0.000000
2023-02-17 15:00:00,0.000000
2023-02-17 16:00:00,0.000000
2023-02-17 17:00:00,0.000000
2023-02-17 18:00:00,0.000000
2023-02-17 19:00:00,0.000000
2023-02-17 20:00:00,0.000000
2023-02-17 21:00:00,0.000000
2023-02-17 22:00:00,0.000000
2023-02-17 23:00:00,0.000000
2023-02-18 00:00:00,0.000000
2023-02-18 01:00:00,0.003754
2023-02-18 02:00:00,0.012146
2023-02-18 03:00:00,0.025635
2023-02-18 04:00:00,0.011200
2023-02-18 05:00:00,0.001526
2023-02-18 06:00:00,0.000153
2023-02-18 07:00:00,0.000000
2023-02-18 08:00:00,0.000000
2023-02-18 09:00:00,0.000000
2023-02-18 10:00:00,0.000000
2023-02-18 11:00:00,0.000000
2023-02-18 12:00:00,0.000000
2023-02-18 13:00:00,0.000000
2023-02-18 14:00:00,0.000000
2023-02-18 15:00:00,0.000000
2023-02-18 16:00:00,0.000000
2023-02-18 17:00:00,0.000000
2023-02-18 18:00:00,0.000000
2023-02-18 19:00:00,0.000000
2023-02-18 20:00:00,0.000000
2023-02-18 21:00:00,0.000000
2023-02-18 22:00:00,0.000000
2023-02-18 23:00:00,0.000000
2023-02-19 00:00:00,0.000305
2023-02-19 01:00:00,0.008301
2023-02-19 02:00:00,0.038177
2023-02-19 03:00:00,0.037048
2023-02-19 04:00:00,0.013062
2023-02-19 05:00:00,0.000427
2023-02-19 06:00:00,0.000000
2023-02-19 07:00:00,0.000000
2023-02-19 08:00:00,0.000000
2023-02-19 09:00:00,0.000000
2023-02-19 10:00:00,0.000000
2023-02-19 11:00:00,0.000000
2023-02-19 12:00:00,0.000000
2023-02-19 13:00:00,0.000000
2023-02-19 14:00:00,0.000000
2023-02-19 15:00:00,0.000000
2023-02-19 16:00:00,0.000000
2023-02-19 17:00:00,0.000000
2023-02-19 18:00:00,0.000000
2023-02-19 19:00:00,0.000000
2023-02-19 20:00:00,0.000000
2023-02-19 21:00:00,0.000000
2023-02-19 22:00:00,0.000000
2023-02-19 23:00:00,0.000000
2023-02-20 00:00:00,0.000000
2023-02-20 01:00:00,0.000000
2023-02-20 02:00:00,0.000000
2023-02-20 03:00:00,0.000000
2023-02-20 04:00:00,0.000000
2023-02-20 05:00:00,0.000000
2023-02-20 06:00:00,0.000000
2023-02-20 07:00:00,0.000000
2023-02-20 08:00:00,0.000000
2023-02-20 09:00:00,0.000000
2023-02-20 10:00:00,0.000000
2023-02-20 11:00:00,0.000000
2023-02-20 12:00:00,0.000000
2023-02-20 13:00:00,0.000000
2023-02-20 14:00:00,0.000000
2023-02-20 15:00:00,0.000000
2023-02-20 16:00:00,0.000000
2023-02-20 17:00:00,0.000000
2023-02-20 18:00:00,0.000000
2023-02-20 19:00:00,0.000000
2023-02-20 20:00:00,0.000000
2023-02-20 21:00:00,0.000000
2023-02-20 22:00:00,0.000000
2023-02-20 23:00:00,0.000000
2023-02-21 00:00:00,0.000000
2023-02-21 01:00:00,0.000000
2023-02-21 02:00:00,0.000000
2023-02-21 03:00:00,0.000000
2023-02-21 04:00:00,0.000000
2023-02-21 05:00:00,0.000000
2023-02-21 06:00:00,0.000000
2023-02-21 07:00:00,0.000000
2023-02-21 08:00:00,0.000000
2023-02-21 09:00:00,0.000000
2023-02-21 10:00:00,0.000000
2023-02-21 11:00:00,0.000244
2023-02-21 12:00:00,0.000427
2023-02-21 13:00:00,0.000366
2023-02-21 14:00:00,0.000244
2023-02-21 15:00:00,0.000000
2023-02-21 16:00:00,0.000000
2023-02-21 17:00:00,0.000000
2023-02-21 18:00:00,0.000122
2023-02-21 19:00:00,0.000488
2023-02-21 20:00:00,0.001190
2023-02-21 21:00:00,0.003082
2023-02-21 22:00:00,0.007965
2023-02-21 23:00:00,0.009277
2023-02-22 00:00:00,0.013000
2023-02-22 01:00:00,0.007751
2023-02-22 02:00:00,0.002472
2023-02-22 03:00:00,0.000183
2023-02-22 04:00:00,0.000000
2023-02-22 05:00:00,0.000000
2023-02-22 06:00:00,0.000000
2023-02-22 07:00:00,0.000000
2023-02-22 08:00:00,0.000000
2023-02-22 09:00:00,0.000000
2023-02-22 10:00:00,0.000000
2023-02-22 11:00:00,0.000000
2023-02-22 12:00:00,0.000000
2023-02-22 13:00:00,0.000000
2023-02-22 14:00:00,0.000000
2023-02-22 15:00:00,0.000000
2023-02-22 16:00:00,0.000000
2023-02-22 17:00:00,0.000000
2023-02-22 18:00:00,0.000000
2023-02-22 19:00:00,0.000000
2023-02-22 20:00:00,0.000000
2023-02-22 21:00:00,0.000000
2023-02-22 22:00:00,0.000000
2023-02-22 23:00:00,0.000000
2023-02-23 00:00:00,0.000000
2023-02-23 01:00:00,0.000000
2023-02-23 02:00:00,0.000000
2023-02-23 03:00:00,0.000000
2023-02-23 04:00:00,0.000000
2023-02-23 05:00:00,0.000000
2023-02-23 06:00:00,0.000000
2023-02-23 07:00:00,0.000000
2023-02-23 08:00:00,0.000000
2023-02-23 09:00:00,0.000000
2023-02-23 10:00:00,0.000000
2023-02-23 11:00:00,0.000000
2023-02-23 12:00:00,0.000000
2023-02-23 13:00:00,0.000000
2023-02-23 14:00:00,0.000000
2023-02-23 15:00:00,0.000000
2023-02-23 16:00:00,0.000000
2023-02-23 17:00:00,0.000000
2023-02-23 18:00:00,0.000000
2023-02-23 19:00:00,0.000000
2023-02-23 20:00:00,0.000000
2023-02-23 21:00:00,0.000000
2023-02-23 22:00:00,0.000000
2023-02-23 23:00:00,0.000000
2023-02-24 00:00:00,0.000000
2023-02-24 01:00:00,0.000000
2023-02-24 02:00:00,0.000000
2023-02-24 03:00:00,0.000000
2023-02-24 04:00:00,0.000000
2023-02-24 05:00:00,0.000000
2023-02-24 06:00:00,0.000000
2023-02-24 07:00:00,0.000000
2023-02-24 08:00:00,0.000000
2023-02-24 09:00:00,0.000000
2023-02-24 10:00:00,0.000000
2023-02-24 11:00:00,0.000000
2023-02-24 12:00:00,0.000000
2023-02-24 13:00:00,0.000000
2023-02-24 14:00:00,0.000000
2023-02-24 15:00:00,0.000000
2023-02-24 16:00:00,0.000000
2023-02-24 17:00:00,0.000000
2023-02-24 18:00:00,0.000000
2023-02-24 19:00:00,0.000000
2023-02-24 20:00:00,0.000000
2023-02-24 21:00:00,0.000000
2023-02-24 22:00:00,0.000000
2023-02-24 23:00:00,0.000000
2023-02-25 00:00:00,0.000000
2023-02-25 01:00:00,0.000000
2023-02-25 02:00:00,0.000000
2023-02-25 03:00:00,0.000000
2023-02-25 04:00:00,0.000000
2023-02-25 05:00:00,0.000000
2023-02-25 06:00:00,0.000000
2023-02-25 07:00:00,0.000000
2023-02-25 08:00:00,0.000000
2023-02-25 09:00:00,0.000000
2023-02-25 10:00:00,0.000000
2023-02-25 11:00:00,0.000000
2023-02-25 12:00:00,0.000061
2023-02-25 13:00:00,0.000061
2023-02-25 14:00:00,0.000000
2023-02-25 15:00:00,0.000000
2023-02-25 16:00:00,0.000000
2023-02-25 17:00:00,0.000000
2023-02-25 18:00:00,0.000000
2023-02-25 19:00:00,0.000000
2023-02-25 20:00:00,0.000000
2023-02-25 21:00:00,0.000000
2023-02-25 22:00:00,0.000000
2023-02-25 23:00:00,0.000061
2023-02-26 00:00:00,0.000916
2023-02-26 01:00:00,0.001038
2023-02-26 02:00:00,0.001953
2023-02-26 03:00:00,0.003723
2023-02-26 04:00:00,0.006165
2023-02-26 05:00:00,0.002808
2023-02-26 06:00:00,0.000854
2023-02-26 07:00:00,0.000000
2023-02-26 08:00:00,0.055176
2023-02-26 09:00:00,0.069397
2023-02-26 10:00:00,0.017151
2023-02-26 11:00:00,0.000305
2023-02-26 12:00:00,0.000732
2023-02-26 13:00:00,0.000061
2023-02-26 14:00:00,0.000427
2023-02-26 15:00:00,0.000946
2023-02-26 16:00:00,0.000000
2023-02-26 17:00:00,0.000000
2023-02-26 18:00:00,0.000000
2023-02-26 19:00:00,0.000000
2023-02-26 20:00:00,0.000000
2023-02-26 21:00:00,0.000000
2023-02-26 22:00:00,0.014557
2023-02-26 23:00:00,0.003479
2023-02-27 00:00:00,0.003906
2023-02-27 01:00:00,0.000793
2023-02-27 02:00:00,0.000183
2023-02-27 03:00:00,0.000153
2023-02-27 04:00:00,0.000244
2023-02-27 05:00:00,0.000000
2023-02-27 06:00:00,0.000000
2023-02-27 07:00:00,0.000000
2023-02-27 08:00:00,0.012848
2023-02-27 09:00:00,0.009094
2023-02-27 10:00:00,0.005676
2023-02-27 11:00:00,0.002441
2023-02-27 12:00:00,0.002716
2023-02-27 13:00:00,0.006836
2023-02-27 14:00:00,0.002686
2023-02-27 15:00:00,0.000000
2023-02-27 16:00:00,0.000000
2023-02-27 17:00:00,0.000000
2023-02-27 18:00:00,0.000000
2023-02-27 19:00:00,0.000000
2023-02-27 20:00:00,0.000000
2023-02-27 21:00:00,0.000000
2023-02-27 22:00:00,0.000000
2023-02-27 23:00:00,0.000000
2023-02-28 00:00:00,0.000000
2023-02-28 01:00:00,0.000000
2023-02-28 02:00:00,0.000000
2023-02-28 03:00:00,0.000000
2023-02-28 04:00:00,0.000000
2023-02-28 05:00:00,0.000000
2023-02-28 06:00:00,0.000000
2023-02-28 07:00:00,0.000244
2023-02-28 08:00:00,0.046570
2023-02-28 09:00:00,0.035095
2023-02-28 10:00:00,0.024261
2023-02-28 11:00:00,0.012634
2023-02-28 12:00:00,0.003418
2023-02-28 13:00:00,0.004883
2023-02-28 14:00:00,0.002441
2023-02-28 15:00:00,0.000702
2023-02-28 16:00:00,0.000427
2023-02-28 17:00:00,0.002441
2023-02-28 18:00:00,0.010864
2023-02-28 19:00:00,0.000671
2023-02-28 20:00:00,0.000366
2023-02-28 21:00:00,0.000977
2023-02-28 22:00:00,0.000916
2023-02-28 23:00:00,0.000275
2023-03-01 00:00:00,0.000061
2023-03-01 01:00:00,0.000366
2023-03-01 02:00:00,0.000549
2023-03-01 03:00:00,0.000061
2023-03-01 04:00:00,0.000000
2023-03-01 05:00:00,0.000000
2023-03-01 06:00:00,0.000000
2023-03-01 07:00:00,0.000000
2023-03-01 08:00:00,0.000000
2023-03-01 09:00:00,0.000092
2023-03-01 10:00:00,0.001801
2023-03-01 11:00:00,0.000305
2023-03-01 12:00:00,0.000000
2023-03-01 13:00:00,0.000000
2023-03-01 14:00:00,0.000000
2023-03-01 15:00:00,0.000000
2023-03-01 16:00:00,0.000000
2023-03-01 17:00:00,0.000000
2023-03-01 18:00:00,0.000000
2023-03-01 19:00:00,0.000000
2023-03-01 20:00:00,0.000000
2023-03-01 21:00:00,0.000000
2023-03-01 22:00:00,0.000000
2023-03-01 23:00:00,0.000061
2023-03-02 00:00:00,0.000061
2023-03-02 01:00:00,0.000000
2023-03-02 02:00:00,0.000000
2023-03-02 03:00:00,0.000000
2023-03-02 04:00:00,0.000000
2023-03-02 05:00:00,0.000000
2023-03-02 06:00:00,0.000000
2023-03-02 07:00:00,0.000000
2023-03-02 08:00:00,0.000000
2023-03-02 09:00:00,0.000000
2023-03-02 10:00:00,0.000000
2023-03-02 11:00:00,0.000122
2023-03-02 12:00:00,0.000122
2023-03-02 13:00:00,0.000061
2023-03-02 14:00:00,0.000000
2023-03-02 15:00:00,0.000000
2023-03-02 16:00:00,0.000000
2023-03-02 17:00:00,0.000000
2023-03-02 18:00:00,0.000000
2023-03-02 19:00:00,0.000000
2023-03-02 20:00:00,0.000000
2023-03-02 21:00:00,0.000000
2023-03-02 22:00:00,0.000000
2023-03-02 23:00:00,0.000000
2023-03-03 00:00:00,0.000000
2023-03-03 01:00:00,0.000000
2023-03-03 02:00:00,0.000000
2023-03-03 03:00:00,0.000000
2023-03-03 04:00:00,0.000000
2023-03-03 05:00:00,0.000000
2023-03-03 06:00:00,0.000000
2023-03-03 07:00:00,0.000000
2023-03-03 08:00:00,0.000000
2023-03-03 09:00:00,0.067505
2023-03-03 10:00:00,0.049500
2023-03-03 11:00:00,0.045105
2023-03-03 12:00:00,0.001892
2023-03-03 13:00:00,0.000214
2023-03-03 14:00:00,0.000000
2023-03-03 15:00:00,0.000000
2023-03-03 16:00:00,0.000000
2023-03-03 17:00:00,0.000000
2023-03-03 18:00:00,0.000000
2023-03-03 19:00:00,0.000000
2023-03-03 20:00:00,0.000000
2023-03-03 21:00:00,0.000000
2023-03-03 22:00:00,0.000000
2023-03-03 23:00:00,0.000000
2023-03-04 00:00:00,0.000000
2023-03-04 01:00:00,0.000000
2023-03-04 02:00:00,0.000000
2023-03-04 03:00:00,0.000000
2023-03-04 04:00:00,0.000061
2023-03-04 05:00:00,0.000061
2023-03-04 06:00:00,0.000885
2023-03-04 07:00:00,0.001617
2023-03-04 08:00:00,0.003143
2023-03-04 09:00:00,0.000397
2023-03-04 10:00:00,0.000214
2023-03-04 11:00:00,0.000000
2023-03-04 12:00:00,0.000000
2023-03-04 13:00:00,0.000000
2023-03-04 14:00:00,0.000000
2023-03-04 15:00:00,0.000000
2023-03-04 16:00:00,0.000000
2023-03-04 17:00:00,0.000000
2023-03-04 18:00:00,0.000000
2023-03-04 19:00:00,0.000061
2023-03-04 20:00:00,0.000061
2023-03-04 21:00:00,0.000061
2023-03-04 22:00:00,0.000000
2023-03-04 23:00:00,0.000000
2023-03-05 00:00:00,0.000000
2023-03-05 01:00:00,0.000000
2023-03-05 02:00:00,0.000000
2023-03-05 03:00:00,0.000000
2023-03-05 04:00:00,0.000000
2023-03-05 05:00:00,0.000000
2023-03-05 06:00:00,0.000000
2023-03-05 07:00:00,0.000000
2023-03-05 08:00:00,0.000122
2023-03-05 09:00:00,0.002319
2023-03-05 10:00:00,0.029633
2023-03-05 11:00:00,0.051086
2023-03-05 12:00:00,0.017517
2023-03-05 13:00:00,0.000305
2023-03-05 14:00:00,0.000854
2023-03-05 15:00:00,0.000122
2023-03-05 16:00:00,0.000000
2023-03-05 17:00:00,0.000641
2023-03-05 18:00:00,0.000031
2023-03-05 19:00:00,0.000000
2023-03-05 20:00:00,0.000000
2023-03-05 21:00:00,0.000061
2023-03-05 22:00:00,0.000000
2023-03-05 23:00:00,0.000000
2023-03-06 00:00:00,0.000000
2023-03-06 01:00:00,0.000000
2023-03-06 02:00:00,0.000000
2023-03-06 03:00:00,0.000000
2023-03-06 04:00:00,0.000000
2023-03-06 05:00:00,0.000000
2023-03-06 06:00:00,0.000000
2023-03-06 07:00:00,0.000153
2023-03-06 08:00:00,0.009064
2023-03-06 09:00:00,0.013794
2023-03-06 10:00:00,0.014130
2023-03-06 11:00:00,0.003876
2023-03-06 12:00:00,0.000793
2023-03-06 13:00:00,0.000610
2023-03-06 14:00:00,0.001068
2023-03-06 15:00:00,0.000488
2023-03-06 16:00:00,0.000000
2023-03-06 17:00:00,0.000000
2023-03-06 18:00:00,0.000000
2023-03-06 19:00:00,0.000000
2023-03-06 20:00:00,0.000000
2023-03-06 21:00:00,0.000000
2023-03-06 22:00:00,0.000000
2023-03-06 23:00:00,0.000000
2023-03-07 00:00:00,0.000000
2023-03-07 01:00:00,0.000000
2023-03-07 02:00:00,0.000000
2023-03-07 03:00:00,0.000000
2023-03-07 04:00:00,0.000000
2023-03-07 05:00:00,0.000000
2023-03-07 06:00:00,0.000000
2023-03-07 07:00:00,0.013977
2023-03-07 08:00:00,0.032043
2023-03-07 09:00:00,0.025635
2023-03-07 10:00:00,0.016205
2023-03-07 11:00:00,0.003906
2023-03-07 12:00:00,0.000092
2023-03-07 13:00:00,0.000061
2023-03-07 14:00:00,0.000061
2023-03-07 15:00:00,0.000061
2023-03-07 16:00:00,0.000000
2023-03-07 17:00:00,0.000000
2023-03-07 18:00:00,0.000000
2023-03-07 19:00:00,0.000000
2023-03-07 20:00:00,0.000000
2023-03-07 21:00:00,0.000000
2023-03-07 22:00:00,0.000092
2023-03-07 23:00:00,0.000000
2023-03-08 00:00:00,0.000000
2023-03-08 01:00:00,0.000000
2023-03-08 02:00:00,0.000000
2023-03-08 03:00:00,0.000000
2023-03-08 04:00:00,0.000000
2023-03-08 05:00:00,0.001007
2023-03-08 06:00:00,0.004272
2023-03-08 07:00:00,0.002228
2023-03-08 08:00:00,0.003662
2023-03-08 09:00:00,0.010284
2023-03-08 10:00:00,0.082947
2023-03-08 11:00:00,0.101379
2023-03-08 12:00:00,0.082458
2023-03-08 13:00:00,0.010498
2023-03-08 14:00:00,0.012024
2023-03-08 15:00:00,0.003357
2023-03-08 16:00:00,0.003845
2023-03-08 17:00:00,0.006836
2023-03-08 18:00:00,0.010132
2023-03-08 19:00:00,0.004639
2023-03-08 20:00:00,0.004486
2023-03-08 21:00:00,0.007568
2023-03-08 22:00:00,0.000854
2023-03-08 23:00:00,0.000061
2023-03-09 00:00:00,0.000000
2023-03-09 01:00:00,0.000000
2023-03-09 02:00:00,0.000122
2023-03-09 03:00:00,0.000000
2023-03-09 04:00:00,0.000000
2023-03-09 05:00:00,0.000000
2023-03-09 06:00:00,0.002136
2023-03-09 07:00:00,0.005615
2023-03-09 08:00:00,0.083435
2023-03-09 09:00:00,0.046204
2023-03-09 10:00:00,0.020996
2023-03-09 11:00:00,0.121857
2023-03-09 12:00:00,0.066376
2023-03-09 13:00:00,0.027191
2023-03-09 14:00:00,0.025879
2023-03-09 15:00:00,0.015442
2023-03-09 16:00:00,0.008484
2023-03-09 17:00:00,0.005066
2023-03-09 18:00:00,0.003845
2023-03-09 19:00:00,0.001221
2023-03-09 20:00:00,0.000061
2023-03-09 21:00:00,0.000000
2023-03-09 22:00:00,0.000000
2023-03-09 23:00:00,0.000000
2023-03-10 00:00:00,0.000000
2023-03-10 01:00:00,0.000000
2023-03-10 02:00:00,0.000000
2023-03-10 03:00:00,0.000000
2023-03-10 04:00:00,0.000000
2023-03-10 05:00:00,0.000000
2023-03-10 06:00:00,0.000000
2023-03-10 07:00:00,0.000000
2023-03-10 08:00:00,0.001160
2023-03-10 09:00:00,0.005646
2023-03-10 10:00:00,0.007385
2023-03-10 11:00:00,0.005157
2023-03-10 12:00:00,0.002808
2023-03-10 13:00:00,0.001953
2023-03-10 14:00:00,0.000977
2023-03-10 15:00:00,0.000458
2023-03-10 16:00:00,0.000244
2023-03-10 17:00:00,0.000122
2023-03-10 18:00:00,0.000061
2023-03-10 19:00:00,0.000000
2023-03-10 20:00:00,0.000000
2023-03-10 21:00:00,0.000000
2023-03-10 22:00:00,0.000000
2023-03-10 23:00:00,0.000000
2023-03-11 00:00:00,0.000000
2023-03-11 01:00:00,0.000000
2023-03-11 02:00:00,0.000000
2023-03-11 03:00:00,0.000000
2023-03-11 04:00:00,0.000000
2023-03-11 05:00:00,0.000000
2023-03-11 06:00:00,0.000000
2023-03-11 07:00:00,0.000031
2023-03-11 08:00:00,0.000305
2023-03-11 09:00:00,0.000671
2023-03-11 10:00:00,0.000000
2023-03-11 11:00:00,0.000061
2023-03-11 12:00:00,0.000305
2023-03-11 13:00:00,0.001160
2023-03-11 14:00:00,0.001526
2023-03-11 15:00:00,0.001770
2023-03-11 16:00:00,0.001465
2023-03-11 17:00:00,0.000977
2023-03-11 18:00:00,0.000763
2023-03-11 19:00:00,0.000610
2023-03-11 20:00:00,0.000427
2023-03-11 21:00:00,0.000183
2023-03-11 22:00:00,0.000000
2023-03-11 23:00:00,0.000000
2023-03-12 00:00:00,0.000000
2023-03-12 01:00:00,0.000000
2023-03-12 02:00:00,0.000000
2023-03-12 03:00:00,0.000000
2023-03-12 04:00:00,0.000000
2023-03-12 05:00:00,0.000000
2023-03-12 06:00:00,0.000000
2023-03-12 07:00:00,0.000000
2023-03-12 08:00:00,0.000000
2023-03-12 09:00:00,0.000061
2023-03-12 10:00:00,0.000122
2023-03-12 11:00:00,0.000183
2023-03-12 12:00:00,0.000214
2023-03-12 13:00:00,0.000305
2023-03-12 14:00:00,0.000488
2023-03-12 15:00:00,0.000549
2023-03-12 16:00:00,0.000427
2023-03-12 17:00:00,0.000366
2023-03-12 18:00:00,0.000336
2023-03-12 19:00:00,0.000305
2023-03-12 20:00:00,0.000244
2023-03-12 21:00:00,0.000244
2023-03-12 22:00:00,0.000000
2023-03-12 23:00:00,0.000000
2023-03-13 00:00:00,0.000000
2023-03-13 01:00:00,0.000000
2023-03-13 02:00:00,0.000000
2023-03-13 03:00:00,0.000000
2023-03-13 04:00:00,0.000000
2023-03-13 05:00:00,0.000000
2023-03-13 06:00:00,0.000000
2023-03-13 07:00:00,0.000031
2023-03-13 08:00:00,0.011292
2023-03-13 09:00:00,0.021851
2023-03-13 10:00:00,0.068939
2023-03-13 11:00:00,0.070221
2023-03-13 12:00:00,0.002747
2023-03-13 13:00:00,0.002838
2023-03-13 14:00:00,0.002930
2023-03-13 15:00:00,0.001526
2023-03-13 16:00:00,0.001953
2023-03-13 17:00:00,0.000610
2023-03-13 18:00:00,0.000000
2023-03-13 19:00:00,0.000000
2023-03-13 20:00:00,0.000000
2023-03-13 21:00:00,0.000000
2023-03-13 22:00:00,0.000000
2023-03-13 23:00:00,0.000000
2023-03-14 00:00:00,0.000000
2023-03-14 01:00:00,0.000000
2023-03-14 02:00:00,0.000000
2023-03-14 03:00:00,0.000000
2023-03-14 04:00:00,0.000000
2023-03-14 05:00:00,0.000000
2023-03-14 06:00:00,0.000000
2023-03-14 07:00:00,0.002350
2023-03-14 08:00:00,0.003235
2023-03-14 09:00:00,0.002075
2023-03-14 10:00:00,0.067993
2023-03-14 11:00:00,0.014832
2023-03-14 12:00:00,0.018799
2023-03-14 13:00:00,0.022766
2023-03-14 14:00:00,0.008850
2023-03-14 15:00:00,0.002625
2023-03-14 16:00:00,0.000305
2023-03-14 17:00:00,0.000305
2023-03-14 18:00:00,0.000946
2023-03-14 19:00:00,0.001465
2023-03-14 20:00:00,0.000458
2023-03-14 21:00:00,0.000000
2023-03-14 22:00:00,0.000000
2023-03-14 23:00:00,0.000000
2023-03-15 00:00:00,0.000000
2023-03-15 01:00:00,0.000000
2023-03-15 02:00:00,0.000000
2023-03-15 03:00:00,0.000000
2023-03-15 04:00:00,0.000000
2023-03-15 05:00:00,0.000000
2023-03-15 06:00:00,0.000061
2023-03-15 07:00:00,0.014526
2023-03-15 08:00:00,0.027222
2023-03-15 09:00:00,0.043640
2023-03-15 10:00:00,0.021484
2023-03-15 11:00:00,0.004150
2023-03-15 12:00:00,0.002014
2023-03-15 13:00:00,0.000275
2023-03-15 14:00:00,0.000305
2023-03-15 15:00:00,0.000122
2023-03-15 16:00:00,0.000000
2023-03-15 17:00:00,0.000000
2023-03-15 18:00:00,0.000000
2023-03-15 19:00:00,0.000000
2023-03-15 20:00:00,0.000000
2023-03-15 21:00:00,0.000000
2023-03-15 22:00:00,0.005646
2023-03-15 23:00:00,0.001556
2023-03-16 00:00:00,0.002563
2023-03-16 01:00:00,0.002594
2023-03-16 02:00:00,0.000000
2023-03-16 03:00:00,0.000244
2023-03-16 04:00:00,0.000427
2023-03-16 05:00:00,0.000031
2023-03-16 06:00:00,0.000061
2023-03-16 07:00:00,0.001343
2023-03-16 08:00:00,0.001038
2023-03-16 09:00:00,0.019714
2023-03-16 10:00:00,0.072754
2023-03-16 11:00:00,0.054688
2023-03-16 12:00:00,0.016602
2023-03-16 13:00:00,0.005127
2023-03-16 14:00:00,0.001099
2023-03-16 15:00:00,0.001434
2023-03-16 16:00:00,0.001770
2023-03-16 17:00:00,0.001770
2023-03-16 18:00:00,0.001770
2023-03-16 19:00:00,0.001770
2023-03-16 20:00:00,0.001709
2023-03-16 21:00:00,0.001099
2023-03-16 22:00:00,0.000061
2023-03-16 23:00:00,0.000061
2023-03-17 00:00:00,0.000427
2023-03-17 01:00:00,0.001526
2023-03-17 02:00:00,0.000885
2023-03-17 03:00:00,0.000488
2023-03-17 04:00:00,0.001434
2023-03-17 05:00:00,0.012787
2023-03-17 06:00:00,0.028320
2023-03-17 07:00:00,0.013733
2023-03-17 08:00:00,0.003082
2023-03-17 09:00:00,0.028473
2023-03-17 10:00:00,0.060486
2023-03-17 11:00:00,0.101440
2023-03-17 12:00:00,0.010559
2023-03-17 13:00:00,0.013672
2023-03-17 14:00:00,0.036194
2023-03-17 15:00:00,0.011658
2023-03-17 16:00:00,0.002167
2023-03-17 17:00:00,0.000366
2023-03-17 18:00:00,0.001526
2023-03-17 19:00:00,0.010193
2023-03-17 20:00:00,0.027893
2023-03-17 21:00:00,0.120178
2023-03-17 22:00:00,0.007568
2023-03-17 23:00:00,0.009583
2023-03-18 00:00:00,0.025024
2023-03-18 01:00:00,0.028839
2023-03-18 02:00:00,0.035675
2023-03-18 03:00:00,0.020081
2023-03-18 04:00:00,0.052643
2023-03-18 05:00:00,0.047150
2023-03-18 06:00:00,0.017578
2023-03-18 07:00:00,0.014587
2023-03-18 08:00:00,0.120819
2023-03-18 09:00:00,0.057922
2023-03-18 10:00:00,0.099274
2023-03-18 11:00:00,0.031860
2023-03-18 12:00:00,0.031738
2023-03-18 13:00:00,0.001434
2023-03-18 14:00:00,0.000824
2023-03-18 15:00:00,0.001190
2023-03-18 16:00:00,0.001160
2023-03-18 17:00:00,0.001892
2023-03-18 18:00:00,0.002869
2023-03-18 19:00:00,0.004150
2023-03-18 20:00:00,0.006134
2023-03-18 21:00:00,0.014709
2023-03-18 22:00:00,0.015686
2023-03-18 23:00:00,0.021667
2023-03-19 00:00:00,0.010254
2023-03-19 01:00:00,0.001282
2023-03-19 02:00:00,0.001862
2023-03-19 03:00:00,0.010681
2023-03-19 04:00:00,0.057556
2023-03-19 05:00:00,0.054016
2023-03-19 06:00:00,0.040710
2023-03-19 07:00:00,0.033813
2023-03-19 08:00:00,0.031738
2023-03-19 09:00:00,0.027924
2023-03-19 10:00:00,0.031982
2023-03-19 11:00:00,0.020508
2023-03-19 12:00:00,0.052032
2023-03-19 13:00:00,0.081085
2023-03-19 14:00:00,0.081390
2023-03-19 15:00:00,0.045105
2023-03-19 16:00:00,0.026642
2023-03-19 17:00:00,0.024536
2023-03-19 18:00:00,0.018463
2023-03-19 19:00:00,0.014282
2023-03-19 20:00:00,0.013794
2023-03-19 21:00:00,0.012329
2023-03-19 22:00:00,0.009735
2023-03-19 23:00:00,0.010254
2023-03-20 00:00:00,0.008545
2023-03-20 01:00:00,0.007111
2023-03-20 02:00:00,0.006348
2023-03-20 03:00:00,0.004272
2023-03-20 04:00:00,0.006012
2023-03-20 05:00:00,0.013092
2023-03-20 06:00:00,0.163269
2023-03-20 07:00:00,0.158691
2023-03-20 08:00:00,0.054565
2023-03-20 09:00:00,0.520325
2023-03-20 10:00:00,0.001678
2023-03-20 11:00:00,0.003326
2023-03-20 12:00:00,0.036835
2023-03-20 13:00:00,0.032410
2023-03-20 14:00:00,0.049622
2023-03-20 15:00:00,0.122742
2023-03-20 16:00:00,0.062927
2023-03-20 17:00:00,0.009827
2023-03-20 18:00:00,0.007202
2023-03-20 19:00:00,0.104736
2023-03-20 20:00:00,0.043701
2023-03-20 21:00:00,0.071228
2023-03-20 22:00:00,0.029022
2023-03-20 23:00:00,0.006531
2023-03-21 00:00:00,0.028198
2023-03-21 01:00:00,0.085236
2023-03-21 02:00:00,0.143005
2023-03-21 03:00:00,0.120789
2023-03-21 04:00:00,0.112366
2023-03-21 05:00:00,0.158020
2023-03-21 06:00:00,0.111450
2023-03-21 07:00:00,0.083130
2023-03-21 08:00:00,0.112488
2023-03-21 09:00:00,0.097290
2023-03-21 10:00:00,0.083588
2023-03-21 11:00:00,0.036682
2023-03-21 12:00:00,0.013611
2023-03-21 13:00:00,0.010620
2023-03-21 14:00:00,0.003510
2023-03-21 15:00:00,0.001556
2023-03-21 16:00:00,0.000732
2023-03-21 17:00:00,0.000214
2023-03-21 18:00:00,0.000153
2023-03-21 19:00:00,0.000397
2023-03-21 20:00:00,0.000549
2023-03-21 21:00:00,0.000427
2023-03-21 22:00:00,0.000183
2023-03-21 23:00:00,0.000488
2023-03-22 00:00:00,0.011810
2023-03-22 01:00:00,0.039490
2023-03-22 02:00:00,0.058807
2023-03-22 03:00:00,0.050415
2023-03-22 04:00:00,0.013489
2023-03-22 05:00:00,0.003296
2023-03-22 06:00:00,0.001984
2023-03-22 07:00:00,0.000153
2023-03-22 08:00:00,0.004852
2023-03-22 09:00:00,0.008575
2023-03-22 10:00:00,0.002441
2023-03-22 11:00:00,0.003174
2023-03-22 12:00:00,0.031281
2023-03-22 13:00:00,0.035248
2023-03-22 14:00:00,0.004517
2023-03-22 15:00:00,0.000275
2023-03-22 16:00:00,0.000122
2023-03-22 17:00:00,0.000183
2023-03-22 18:00:00,0.000153
2023-03-22 19:00:00,0.000000
2023-03-22 20:00:00,0.000000
2023-03-22 21:00:00,0.000000
2023-03-22 22:00:00,0.000000
2023-03-22 23:00:00,0.000000
2023-03-23 00:00:00,0.000000
2023-03-23 01:00:00,0.000000
2023-03-23 02:00:00,0.000000
2023-03-23 03:00:00,0.000000
2023-03-23 04:00:00,0.000000
2023-03-23 05:00:00,0.000000
2023-03-23 06:00:00,0.000000
2023-03-23 07:00:00,0.014984
2023-03-23 08:00:00,0.021332
2023-03-23 09:00:00,0.014740
2023-03-23 10:00:00,0.037872
2023-03-23 11:00:00,0.017761
2023-03-23 12:00:00,0.022186
2023-03-23 13:00:00,0.039368
2023-03-23 14:00:00,0.063629
2023-03-23 15:00:00,0.076294
2023-03-23 16:00:00,0.057648
2023-03-23 17:00:00,0.015442
2023-03-23 18:00:00,0.003906
2023-03-23 19:00:00,0.002380
2023-03-23 20:00:00,0.001343
2023-03-23 21:00:00,0.000916
2023-03-23 22:00:00,0.004578
2023-03-23 23:00:00,0.017365
2023-03-24 00:00:00,0.028412
2023-03-24 01:00:00,0.039734
2023-03-24 02:00:00,0.085083
2023-03-24 03:00:00,0.041260
2023-03-24 04:00:00,0.029327
2023-03-24 05:00:00,0.033447
2023-03-24 06:00:00,0.074860
2023-03-24 07:00:00,0.089417
2023-03-24 08:00:00,0.057190
2023-03-24 09:00:00,0.055939
2023-03-24 10:00:00,0.077728
2023-03-24 11:00:00,0.107941
2023-03-24 12:00:00,0.114838
2023-03-24 13:00:00,0.050476
2023-03-24 14:00:00,0.045502
2023-03-24 15:00:00,0.069153
2023-03-24 16:00:00,0.093994
2023-03-24 17:00:00,0.134521
2023-03-24 18:00:00,0.131073
2023-03-24 19:00:00,0.168884
2023-03-24 20:00:00,0.156586
2023-03-24 21:00:00,0.138336
2023-03-24 22:00:00,0.163666
2023-03-24 23:00:00,0.135681
2023-03-25 00:00:00,0.128113
2023-03-25 01:00:00,0.115845
2023-03-25 02:00:00,0.081573
2023-03-25 03:00:00,0.053192
2023-03-25 04:00:00,0.039429
2023-03-25 05:00:00,0.028290
2023-03-25 06:00:00,0.029114
2023-03-25 07:00:00,0.085175
2023-03-25 08:00:00,0.116302
2023-03-25 09:00:00,0.198242
2023-03-25 10:00:00,0.160583
2023-03-25 11:00:00,0.104828
2023-03-25 12:00:00,0.065887
2023-03-25 13:00:00,0.048553
2023-03-25 14:00:00,0.037598
2023-03-25 15:00:00,0.034241
2023-03-25 16:00:00,0.034332
2023-03-25 17:00:00,0.031982
2023-03-25 18:00:00,0.025269
2023-03-25 19:00:00,0.017365
2023-03-25 20:00:00,0.010834
2023-03-25 21:00:00,0.006897
2023-03-25 22:00:00,0.003448
2023-03-25 23:00:00,0.002777
2023-03-26 00:00:00,0.002411
2023-03-26 01:00:00,0.002045
2023-03-26 02:00:00,0.001740
2023-03-26 03:00:00,0.000977
2023-03-26 04:00:00,0.000397
2023-03-26 05:00:00,0.000275
2023-03-26 06:00:00,0.000183
2023-03-26 07:00:00,0.048096
2023-03-26 08:00:00,0.092590
2023-03-26 09:00:00,0.063293
2023-03-26 10:00:00,0.034668
2023-03-26 11:00:00,0.025940
2023-03-26 12:00:00,0.009399
2023-03-26 13:00:00,0.008240
2023-03-26 14:00:00,0.009521
2023-03-26 15:00:00,0.010071
2023-03-26 16:00:00,0.009155
2023-03-26 17:00:00,0.007263
2023-03-26 18:00:00,0.004944
2023-03-26 19:00:00,0.003265
2023-03-26 20:00:00,0.002319
2023-03-26 21:00:00,0.001923
2023-03-26 22:00:00,0.001068
2023-03-26 23:00:00,0.000977
2023-03-27 00:00:00,0.001038
2023-03-27 01:00:00,0.000977
2023-03-27 02:00:00,0.000549
2023-03-27 03:00:00,0.000183
2023-03-27 04:00:00,0.000061
2023-03-27 05:00:00,0.000000
2023-03-27 06:00:00,0.000000
2023-03-27 07:00:00,0.000000
2023-03-27 08:00:00,0.037170
2023-03-27 09:00:00,0.056763
2023-03-27 10:00:00,0.043274
2023-03-27 11:00:00,0.013672
2023-03-27 12:00:00,0.002472
2023-03-27 13:00:00,0.000671
2023-03-27 14:00:00,0.000153
2023-03-27 15:00:00,0.000000
2023-03-27 16:00:00,0.000000
2023-03-27 17:00:00,0.000000
2023-03-27 18:00:00,0.000000
2023-03-27 19:00:00,0.000061
2023-03-27 20:00:00,0.000061
2023-03-27 21:00:00,0.000061
2023-03-27 22:00:00,0.000000
2023-03-27 23:00:00,0.000000
2023-03-28 00:00:00,0.000000
2023-03-28 01:00:00,0.000000
2023-03-28 02:00:00,0.000000
2023-03-28 03:00:00,0.000000
2023-03-28 04:00:00,0.000000
2023-03-28 05:00:00,0.000000
2023-03-28 06:00:00,0.000000
2023-03-28 07:00:00,0.009521
2023-03-28 08:00:00,0.058960
2023-03-28 09:00:00,0.064819
2023-03-28 10:00:00,0.075928
2023-03-28 11:00:00,0.105713
2023-03-28 12:00:00,0.049011
2023-03-28 13:00:00,0.013275
2023-03-28 14:00:00,0.008667
2023-03-28 15:00:00,0.010376
2023-03-28 16:00:00,0.006104
2023-03-28 17:00:00,0.003693
2023-03-28 18:00:00,0.002563
2023-03-28 19:00:00,0.002472
2023-03-28 20:00:00,0.002502
2023-03-28 21:00:00,0.002228
2023-03-28 22:00:00,0.002014
2023-03-28 23:00:00,0.001953
2023-03-29 00:00:00,0.000854
2023-03-29 01:00:00,0.000092
2023-03-29 02:00:00,0.000000
2023-03-29 03:00:00,0.000000
2023-03-29 04:00:00,0.000000
2023-03-29 05:00:00,0.000000
2023-03-29 06:00:00,0.000061
2023-03-29 07:00:00,0.001709
2023-03-29 08:00:00,0.003662
2023-03-29 09:00:00,0.006836
2023-03-29 10:00:00,0.016052
2023-03-29 11:00:00,0.115692
2023-03-29 12:00:00,0.139221
2023-03-29 13:00:00,0.076294
2023-03-29 14:00:00,0.004913
2023-03-29 15:00:00,0.000854
2023-03-29 16:00:00,0.000275
2023-03-29 17:00:00,0.000061
2023-03-29 18:00:00,0.000000
2023-03-29 19:00:00,0.000000
2023-03-29 20:00:00,0.000000
2023-03-29 21:00:00,0.000000
2023-03-29 22:00:00,0.000244
2023-03-29 23:00:00,0.001068
2023-03-30 00:00:00,0.013550
2023-03-30 01:00:00,0.000244
2023-03-30 02:00:00,0.000061
2023-03-30 03:00:00,0.000061
2023-03-30 04:00:00,0.000427
2023-03-30 05:00:00,0.000305
2023-03-30 06:00:00,0.001282
2023-03-30 07:00:00,0.003723
2023-03-30 08:00:00,0.003174
2023-03-30 09:00:00,0.026794
2023-03-30 10:00:00,0.113342
2023-03-30 11:00:00,0.064667
2023-03-30 12:00:00,0.018555
2023-03-30 13:00:00,0.022003
2023-03-30 14:00:00,0.147888
2023-03-30 15:00:00,0.162750
2023-03-30 16:00:00,0.256592
2023-03-30 17:00:00,0.219513
2023-03-30 18:00:00,0.146820
2023-03-30 19:00:00,0.130859
2023-03-30 20:00:00,0.217377
2023-03-30 21:00:00,0.149475
2023-03-30 22:00:00,0.138214
2023-03-30 23:00:00,0.025024
2023-03-31 00:00:00,0.001617
2023-03-31 01:00:00,0.004761
2023-03-31 02:00:00,0.000824
2023-03-31 03:00:00,0.001038
2023-03-31 04:00:00,0.047119
2023-03-31 05:00:00,0.043457
2023-03-31 06:00:00,0.031006
2023-03-31 07:00:00,0.041443
2023-03-31 08:00:00,0.032166
2023-03-31 09:00:00,0.018677
2023-03-31 10:00:00,0.029663
2023-03-31 11:00:00,0.003235
2023-03-31 12:00:00,0.015259
2023-03-31 13:00:00,0.006683
2023-03-31 14:00:00,0.002838
2023-03-31 15:00:00,0.032837
2023-03-31 16:00:00,0.009277
2023-03-31 17:00:00,0.030396
2023-03-31 18:00:00,0.039307
2023-03-31 19:00:00,0.013855
2023-03-31 20:00:00,0.021271
2023-03-31 21:00:00,0.025574
2023-03-31 22:00:00,0.032471
2023-03-31 23:00:00,0.037354
2023-04-01 00:00:00,0.031128
2023-04-01 01:00:00,0.014008
2023-04-01 02:00:00,0.017883
2023-04-01 03:00:00,0.020386
2023-04-01 04:00:00,0.020752
2023-04-01 05:00:00,0.022644
2023-04-01 06:00:00,0.020416
2023-04-01 07:00:00,0.072632
2023-04-01 08:00:00,0.096619
2023-04-01 09:00:00,0.077576
2023-04-01 10:00:00,0.048218
2023-04-01 11:00:00,0.022034
2023-04-01 12:00:00,0.025818
2023-04-01 13:00:00,0.052490
2023-04-01 14:00:00,0.076935
2023-04-01 15:00:00,0.070801
2023-04-01 16:00:00,0.049316
2023-04-01 17:00:00,0.037170
2023-04-01 18:00:00,0.019348
2023-04-01 19:00:00,0.006165
2023-04-01 20:00:00,0.007141
2023-04-01 21:00:00,0.007568
2023-04-01 22:00:00,0.002808
2023-04-01 23:00:00,0.001343
2023-04-02 00:00:00,0.000488
2023-04-02 01:00:00,0.000366
2023-04-02 02:00:00,0.000427
2023-04-02 03:00:00,0.000427
2023-04-02 04:00:00,0.001465
2023-04-02 05:00:00,0.000122
2023-04-02 06:00:00,0.006226
2023-04-02 07:00:00,0.012451
2023-04-02 08:00:00,0.013550
2023-04-02 09:00:00,0.012390
2023-04-02 10:00:00,0.005188
2023-04-02 11:00:00,0.138916
2023-04-02 12:00:00,0.069336
2023-04-02 13:00:00,0.022583
2023-04-02 14:00:00,0.002869
2023-04-02 15:00:00,0.002991
2023-04-02 16:00:00,0.005066
2023-04-02 17:00:00,0.004944
2023-04-02 18:00:00,0.004486
2023-04-02 19:00:00,0.005707
2023-04-02 20:00:00,0.006653
2023-04-02 21:00:00,0.012634
2023-04-02 22:00:00,0.012939
2023-04-02 23:00:00,0.009583
2023-04-03 00:00:00,0.003326
2023-04-03 01:00:00,0.001038
2023-04-03 02:00:00,0.000214
2023-04-03 03:00:00,0.000000
2023-04-03 04:00:00,0.000092
2023-04-03 05:00:00,0.000458
2023-04-03 06:00:00,0.000458
2023-04-03 07:00:00,0.000488
2023-04-03 08:00:00,0.009613
2023-04-03 09:00:00,0.035248
2023-04-03 10:00:00,0.033020
2023-04-03 11:00:00,0.048401
2023-04-03 12:00:00,0.082520
2023-04-03 13:00:00,0.035522
2023-04-03 14:00:00,0.020630
2023-04-03 15:00:00,0.059998
2023-04-03 16:00:00,0.064880
2023-04-03 17:00:00,0.052490
2023-04-03 18:00:00,0.040405
2023-04-03 19:00:00,0.037231
2023-04-03 20:00:00,0.034851
2023-04-03 21:00:00,0.024841
2023-04-03 22:00:00,0.021484
2023-04-03 23:00:00,0.025269
2023-04-04 00:00:00,0.018677
2023-04-04 01:00:00,0.014526
2023-04-04 02:00:00,0.021210
2023-04-04 03:00:00,0.005249
2023-04-04 04:00:00,0.000305
2023-04-04 05:00:00,0.000183
2023-04-04 06:00:00,0.000000
2023-04-04 07:00:00,0.000366
2023-04-04 08:00:00,0.008240
2023-04-04 09:00:00,0.013977
2023-04-04 10:00:00,0.003510
2023-04-04 11:00:00,0.000488
2023-04-04 12:00:00,0.000214
2023-04-04 13:00:00,0.000549
2023-04-04 14:00:00,0.000244
2023-04-04 15:00:00,0.000031
2023-04-04 16:00:00,0.000000
2023-04-04 17:00:00,0.000000
2023-04-04 18:00:00,0.000000
2023-04-04 19:00:00,0.000031
2023-04-04 20:00:00,0.000000
2023-04-04 21:00:00,0.000061
2023-04-04 22:00:00,0.000061
2023-04-04 23:00:00,0.001526
2023-04-05 00:00:00,0.002167
2023-04-05 01:00:00,0.000031
2023-04-05 02:00:00,0.000000
2023-04-05 03:00:00,0.000000
2023-04-05 04:00:00,0.000000
2023-04-05 05:00:00,0.000000
2023-04-05 06:00:00,0.000000
2023-04-05 07:00:00,0.000000
2023-04-05 08:00:00,0.000549
2023-04-05 09:00:00,0.000793
2023-04-05 10:00:00,0.001312
2023-04-05 11:00:00,0.015320
2023-04-05 12:00:00,0.000000
2023-04-05 13:00:00,0.000000
2023-04-05 14:00:00,0.000000
2023-04-05 15:00:00,0.000153
2023-04-05 16:00:00,0.000671
2023-04-05 17:00:00,0.000031
2023-04-05 18:00:00,0.000000
2023-04-05 19:00:00,0.000000
2023-04-05 20:00:00,0.000000
2023-04-05 21:00:00,0.000000
2023-04-05 22:00:00,0.000000
2023-04-05 23:00:00,0.000000
2023-04-06 00:00:00,0.000000
2023-04-06 01:00:00,0.000061
2023-04-06 02:00:00,0.000000
2023-04-06 03:00:00,0.000000
2023-04-06 04:00:00,0.000000
2023-04-06 05:00:00,0.000000
2023-04-06 06:00:00,0.000000
2023-04-06 07:00:00,0.000061
2023-04-06 08:00:00,0.043213
2023-04-06 09:00:00,0.034760
2023-04-06 10:00:00,0.045410
2023-04-06 11:00:00,0.004028
2023-04-06 12:00:00,0.000031
2023-04-06 13:00:00,0.000000
2023-04-06 14:00:00,0.000000
2023-04-06 15:00:00,0.000000
2023-04-06 16:00:00,0.000000
2023-04-06 17:00:00,0.000000
2023-04-06 18:00:00,0.000000
2023-04-06 19:00:00,0.000000
2023-04-06 20:00:00,0.000000
2023-04-06 21:00:00,0.000000
2023-04-06 22:00:00,0.000000
2023-04-06 23:00:00,0.000000
2023-04-07 00:00:00,0.000000
2023-04-07 01:00:00,0.000000
2023-04-07 02:00:00,0.000000
2023-04-07 03:00:00,0.000000
2023-04-07 04:00:00,0.000000
2023-04-07 05:00:00,0.000000
2023-04-07 06:00:00,0.000000
2023-04-07 07:00:00,0.000000
2023-04-07 08:00:00,0.000000
2023-04-07 09:00:00,0.000000
2023-04-07 10:00:00,0.000000
2023-04-07 11:00:00,0.000000
2023-04-07 12:00:00,0.000000
2023-04-07 13:00:00,0.000000
2023-04-07 14:00:00,0.000000
2023-04-07 15:00:00,0.000000
2023-04-07 16:00:00,0.000000
2023-04-07 17:00:00,0.000000
2023-04-07 18:00:00,0.000000
2023-04-07 19:00:00,0.000000
2023-04-07 20:00:00,0.000000
2023-04-07 21:00:00,0.000000
2023-04-07 22:00:00,0.000000
2023-04-07 23:00:00,0.000000
2023-04-08 00:00:00,0.000000
2023-04-08 01:00:00,0.000000
2023-04-08 02:00:00,0.000000
2023-04-08 03:00:00,0.000000
2023-04-08 04:00:00,0.000000
2023-04-08 05:00:00,0.000000
2023-04-08 06:00:00,0.000000
2023-04-08 07:00:00,0.000000
2023-04-08 08:00:00,0.000000
2023-04-08 09:00:00,0.000000
2023-04-08 10:00:00,0.000000
2023-04-08 11:00:00,0.000000
2023-04-08 12:00:00,0.000000
2023-04-08 13:00:00,0.000000
2023-04-08 14:00:00,0.000000
2023-04-08 15:00:00,0.000000
2023-04-08 16:00:00,0.000000
2023-04-08 17:00:00,0.000000
2023-04-08 18:00:00,0.000000
2023-04-08 19:00:00,0.000000
2023-04-08 20:00:00,0.000000
2023-04-08 21:00:00,0.000000
2023-04-08 22:00:00,0.000000
2023-04-08 23:00:00,0.000000
2023-04-09 00:00:00,0.000000
2023-04-09 01:00:00,0.000000
2023-04-09 02:00:00,0.000000
2023-04-09 03:00:00,0.000000
2023-04-09 04:00:00,0.000000
2023-04-09 05:00:00,0.000000
2023-04-09 06:00:00,0.000000
2023-04-09 07:00:00,0.000000
2023-04-09 08:00:00,0.000000
2023-04-09 09:00:00,0.000000
2023-04-09 10:00:00,0.000000
2023-04-09 11:00:00,0.000000
2023-04-09 12:00:00,0.000000
2023-04-09 13:00:00,0.000000
2023-04-09 14:00:00,0.000000
2023-04-09 15:00:00,0.000000
2023-04-09 16:00:00,0.000000
2023-04-09 17:00:00,0.000000
2023-04-09 18:00:00,0.000000
2023-04-09 19:00:00,0.000000
2023-04-09 20:00:00,0.000000
2023-04-09 21:00:00,0.000000
2023-04-09 22:00:00,0.000000
2023-04-09 23:00:00,0.000000
2023-04-10 00:00:00,0.000000
2023-04-10 01:00:00,0.000000
2023-04-10 02:00:00,0.000000
2023-04-10 03:00:00,0.000000
2023-04-10 04:00:00,0.000000
2023-04-10 05:00:00,0.000000
2023-04-10 06:00:00,0.000000
2023-04-10 07:00:00,0.000000
2023-04-10 08:00:00,0.000000
2023-04-10 09:00:00,0.000000
2023-04-10 10:00:00,0.000000
2023-04-10 11:00:00,0.000000
2023-04-10 12:00:00,0.000000
2023-04-10 13:00:00,0.000000
2023-04-10 14:00:00,0.000000
2023-04-10 15:00:00,0.000000
2023-04-10 16:00:00,0.000000
2023-04-10 17:00:00,0.000000
2023-04-10 18:00:00,0.000000
2023-04-10 19:00:00,0.000000
2023-04-10 20:00:00,0.000000
2023-04-10 21:00:00,0.000000
2023-04-10 22:00:00,0.000000
2023-04-10 23:00:00,0.000000
2023-04-11 00:00:00,0.000000
2023-04-11 01:00:00,0.000000
2023-04-11 02:00:00,0.000000
2023-04-11 03:00:00,0.000000
2023-04-11 04:00:00,0.000000
2023-04-11 05:00:00,0.000000
2023-04-11 06:00:00,0.000000
2023-04-11 07:00:00,0.000000
2023-04-11 08:00:00,0.000000
2023-04-11 09:00:00,0.000000
2023-04-11 10:00:00,0.010315
2023-04-11 11:00:00,0.000366
2023-04-11 12:00:00,0.000000
2023-04-11 13:00:00,0.000244
2023-04-11 14:00:00,0.000244
2023-04-11 15:00:00,0.000000
2023-04-11 16:00:00,0.000031
2023-04-11 17:00:00,0.000183
2023-04-11 18:00:00,0.000122
2023-04-11 19:00:00,0.000061
2023-04-11 20:00:00,0.000000
2023-04-11 21:00:00,0.000854
2023-04-11 22:00:00,0.009155
2023-04-11 23:00:00,0.016296
2023-04-12 00:00:00,0.001099
2023-04-12 01:00:00,0.000061
2023-04-12 02:00:00,0.000244
2023-04-12 03:00:00,0.000397
2023-04-12 04:00:00,0.000244
2023-04-12 05:00:00,0.000000
2023-04-12 06:00:00,0.000916
2023-04-12 07:00:00,0.000610
2023-04-12 08:00:00,0.000916
2023-04-12 09:00:00,0.001404
2023-04-12 10:00:00,0.056580
2023-04-12 11:00:00,0.004272
2023-04-12 12:00:00,0.002411
2023-04-12 13:00:00,0.005920
2023-04-12 14:00:00,0.001770
2023-04-12 15:00:00,0.012817
2023-04-12 16:00:00,0.000000
2023-04-12 17:00:00,0.000061
2023-04-12 18:00:00,0.000061
2023-04-12 19:00:00,0.000000
2023-04-12 20:00:00,0.000000
2023-04-12 21:00:00,0.000000
2023-04-12 22:00:00,0.000000
2023-04-12 23:00:00,0.000000
2023-04-13 00:00:00,0.000000
2023-04-13 01:00:00,0.000000
2023-04-13 02:00:00,0.000000
2023-04-13 03:00:00,0.000000
2023-04-13 04:00:00,0.000000
2023-04-13 05:00:00,0.000000
2023-04-13 06:00:00,0.000000
2023-04-13 07:00:00,0.000000
2023-04-13 08:00:00,0.000000
2023-04-13 09:00:00,0.000000
2023-04-13 10:00:00,0.000000
2023-04-13 11:00:00,0.000000
2023-04-13 12:00:00,0.000000
2023-04-13 13:00:00,0.000000
2023-04-13 14:00:00,0.000000
2023-04-13 15:00:00,0.000000
2023-04-13 16:00:00,0.000000
2023-04-13 17:00:00,0.000000
2023-04-13 18:00:00,0.000000
2023-04-13 19:00:00,0.000000
2023-04-13 20:00:00,0.000000
2023-04-13 21:00:00,0.000000
2023-04-13 22:00:00,0.000000
2023-04-13 23:00:00,0.000000
2023-04-14 00:00:00,0.000000
2023-04-14 01:00:00,0.000061
2023-04-14 02:00:00,0.000000
2023-04-14 03:00:00,0.000000
2023-04-14 04:00:00,0.000000
2023-04-14 05:00:00,0.000000
2023-04-14 06:00:00,0.000000
2023-04-14 07:00:00,0.000000
2023-04-14 08:00:00,0.000000
2023-04-14 09:00:00,0.000000
2023-04-14 10:00:00,0.000000
2023-04-14 11:00:00,0.000000
2023-04-14 12:00:00,0.000000
2023-04-14 13:00:00,0.000000
2023-04-14 14:00:00,0.000000
2023-04-14 15:00:00,0.000000
2023-04-14 16:00:00,0.000000
2023-04-14 17:00:00,0.000000
2023-04-14 18:00:00,0.000000
2023-04-14 19:00:00,0.000000
2023-04-14 20:00:00,0.000000
2023-04-14 21:00:00,0.000000
2023-04-14 22:00:00,0.000000
2023-04-14 23:00:00,0.000061
2023-04-15 00:00:00,0.000732
2023-04-15 01:00:00,0.001251
2023-04-15 02:00:00,0.001282
2023-04-15 03:00:00,0.000610
2023-04-15 04:00:00,0.000061
2023-04-15 05:00:00,0.000000
2023-04-15 06:00:00,0.001160
2023-04-15 07:00:00,0.000793
2023-04-15 08:00:00,0.000427
2023-04-15 09:00:00,0.000122
2023-04-15 10:00:00,0.000000
2023-04-15 11:00:00,0.000000
2023-04-15 12:00:00,0.000000
2023-04-15 13:00:00,0.000000
2023-04-15 14:00:00,0.000000
2023-04-15 15:00:00,0.000427
2023-04-15 16:00:00,0.002045
2023-04-15 17:00:00,0.001434
2023-04-15 18:00:00,0.000763
2023-04-15 19:00:00,0.000549
2023-04-15 20:00:00,0.000336
2023-04-15 21:00:00,0.000336
2023-04-15 22:00:00,0.001587
2023-04-15 23:00:00,0.000092
2023-04-16 00:00:00,0.000824
2023-04-16 01:00:00,0.003876
2023-04-16 02:00:00,0.004669
2023-04-16 03:00:00,0.002869
2023-04-16 04:00:00,0.000000
2023-04-16 05:00:00,0.000092
2023-04-16 06:00:00,0.027466
2023-04-16 07:00:00,0.011383
2023-04-16 08:00:00,0.000610
2023-04-16 09:00:00,0.000793
2023-04-16 10:00:00,0.014893
2023-04-16 11:00:00,0.026855
2023-04-16 12:00:00,0.010376
2023-04-16 13:00:00,0.019257
2023-04-16 14:00:00,0.024170
2023-04-16 15:00:00,0.006714
2023-04-16 16:00:00,0.007019
2023-04-16 17:00:00,0.001343
2023-04-16 18:00:00,0.000122
2023-04-16 19:00:00,0.000000
2023-04-16 20:00:00,0.000000
2023-04-16 21:00:00,0.000000
2023-04-16 22:00:00,0.002991
2023-04-16 23:00:00,0.007996
2023-04-17 00:00:00,0.005188
2023-04-17 01:00:00,0.001099
2023-04-17 02:00:00,0.000366
2023-04-17 03:00:00,0.000183
2023-04-17 04:00:00,0.000061
2023-04-17 05:00:00,0.000061
2023-04-17 06:00:00,0.045715
2023-04-17 07:00:00,0.061707
2023-04-17 08:00:00,0.039673
2023-04-17 09:00:00,0.015808
2023-04-17 10:00:00,0.007385
2023-04-17 11:00:00,0.003052
2023-04-17 12:00:00,0.001099
2023-04-17 13:00:00,0.000305
2023-04-17 14:00:00,0.000366
2023-04-17 15:00:00,0.000488
2023-04-17 16:00:00,0.000305
2023-04-17 17:00:00,0.000122
2023-04-17 18:00:00,0.000122
2023-04-17 19:00:00,0.000153
2023-04-17 20:00:00,0.000366
2023-04-17 21:00:00,0.000549
2023-04-17 22:00:00,0.044617
2023-04-17 23:00:00,0.048706
2023-04-18 00:00:00,0.070129
2023-04-18 01:00:00,0.071899
2023-04-18 02:00:00,0.031372
2023-04-18 03:00:00,0.000061
2023-04-18 04:00:00,0.000061
2023-04-18 05:00:00,0.004272
2023-04-18 06:00:00,0.018494
2023-04-18 07:00:00,0.007751
2023-04-18 08:00:00,0.004761
2023-04-18 09:00:00,0.005920
2023-04-18 10:00:00,0.058960
2023-04-18 11:00:00,0.001465
2023-04-18 12:00:00,0.004028
2023-04-18 13:00:00,0.008789
2023-04-18 14:00:00,0.031433
2023-04-18 15:00:00,0.010437
2023-04-18 16:00:00,0.003357
2023-04-18 17:00:00,0.002930
2023-04-18 18:00:00,0.002106
2023-04-18 19:00:00,0.000122
2023-04-18 20:00:00,0.000000
2023-04-18 21:00:00,0.000000
2023-04-18 22:00:00,0.018372
2023-04-18 23:00:00,0.002319
2023-04-19 00:00:00,0.000244
2023-04-19 01:00:00,0.000061
2023-04-19 02:00:00,0.000000
2023-04-19 03:00:00,0.000000
2023-04-19 04:00:00,0.000000
2023-04-19 05:00:00,0.000000
2023-04-19 06:00:00,0.000000
2023-04-19 07:00:00,0.004761
2023-04-19 08:00:00,0.012390
2023-04-19 09:00:00,0.003357
2023-04-19 10:00:00,0.012573
2023-04-19 11:00:00,0.038513
2023-04-19 12:00:00,0.216431
2023-04-19 13:00:00,0.158936
2023-04-19 14:00:00,0.019104
2023-04-19 15:00:00,0.001038
2023-04-19 16:00:00,0.000183
2023-04-19 17:00:00,0.000244
2023-04-19 18:00:00,0.000305
2023-04-19 19:00:00,0.000122
2023-04-19 20:00:00,0.000000
2023-04-19 21:00:00,0.000000
2023-04-19 22:00:00,0.000000
2023-04-19 23:00:00,0.000000
2023-04-20 00:00:00,0.000000
2023-04-20 01:00:00,0.000000
2023-04-20 02:00:00,0.000000
2023-04-20 03:00:00,0.000000
2023-04-20 04:00:00,0.000000
2023-04-20 05:00:00,0.000122
2023-04-20 06:00:00,0.010132
2023-04-20 07:00:00,0.013184
2023-04-20 08:00:00,0.019287
2023-04-20 09:00:00,0.023987
2023-04-20 10:00:00,0.055969
2023-04-20 11:00:00,0.095703
2023-04-20 12:00:00,0.137390
2023-04-20 13:00:00,0.065369
2023-04-20 14:00:00,0.020935
2023-04-20 15:00:00,0.021301
2023-04-20 16:00:00,0.013367
2023-04-20 17:00:00,0.003418
2023-04-20 18:00:00,0.004822
2023-04-20 19:00:00,0.004395
2023-04-20 20:00:00,0.001160
2023-04-20 21:00:00,0.000916
2023-04-20 22:00:00,0.001160
2023-04-20 23:00:00,0.003174
2023-04-21 00:00:00,0.006561
2023-04-21 01:00:00,0.010742
2023-04-21 02:00:00,0.013641
2023-04-21 03:00:00,0.011597
2023-04-21 04:00:00,0.006836
2023-04-21 05:00:00,0.001617
2023-04-21 06:00:00,0.012451
2023-04-21 07:00:00,0.003235
2023-04-21 08:00:00,0.003296
2023-04-21 09:00:00,0.005615
2023-04-21 10:00:00,0.013916
2023-04-21 11:00:00,0.000793
2023-04-21 12:00:00,0.002777
2023-04-21 13:00:00,0.013641
2023-04-21 14:00:00,0.016846
2023-04-21 15:00:00,0.003510
2023-04-21 16:00:00,0.005219
2023-04-21 17:00:00,0.002258
2023-04-21 18:00:00,0.000488
2023-04-21 19:00:00,0.000946
2023-04-21 20:00:00,0.000427
2023-04-21 21:00:00,0.005249
2023-04-21 22:00:00,0.000488
2023-04-21 23:00:00,0.000000
2023-04-22 00:00:00,0.000122
2023-04-22 01:00:00,0.000305
2023-04-22 02:00:00,0.000214
2023-04-22 03:00:00,0.000000
2023-04-22 04:00:00,0.000000
2023-04-22 05:00:00,0.000366
2023-04-22 06:00:00,0.008118
2023-04-22 07:00:00,0.001526
2023-04-22 08:00:00,0.000122
2023-04-22 09:00:00,0.000244
2023-04-22 10:00:00,0.005341
2023-04-22 11:00:00,0.013397
2023-04-22 12:00:00,0.005737
2023-04-22 13:00:00,0.000000
2023-04-22 14:00:00,0.000000
2023-04-22 15:00:00,0.000000
2023-04-22 16:00:00,0.000000
2023-04-22 17:00:00,0.000000
2023-04-22 18:00:00,0.000000
2023-04-22 19:00:00,0.000000
2023-04-22 20:00:00,0.000000
2023-04-22 21:00:00,0.000092
2023-04-22 22:00:00,0.000000
2023-04-22 23:00:00,0.000366
2023-04-23 00:00:00,0.000732
2023-04-23 01:00:00,0.005432
2023-04-23 02:00:00,0.000793
2023-04-23 03:00:00,0.000061
2023-04-23 04:00:00,0.000000
2023-04-23 05:00:00,0.000061
2023-04-23 06:00:00,0.000366
2023-04-23 07:00:00,0.000244
2023-04-23 08:00:00,0.000183
2023-04-23 09:00:00,0.000854
2023-04-23 10:00:00,0.000366
2023-04-23 11:00:00,0.001373
2023-04-23 12:00:00,0.031494
2023-04-23 13:00:00,0.038452
2023-04-23 14:00:00,0.007996
2023-04-23 15:00:00,0.036804
2023-04-23 16:00:00,0.001038
2023-04-23 17:00:00,0.000000
2023-04-23 18:00:00,0.000000
2023-04-23 19:00:00,0.000122
2023-04-23 20:00:00,0.000610
2023-04-23 21:00:00,0.002686
2023-04-23 22:00:00,0.000427
2023-04-23 23:00:00,0.000305
2023-04-24 00:00:00,0.003052
2023-04-24 01:00:00,0.001587
2023-04-24 02:00:00,0.000244
2023-04-24 03:00:00,0.000000
2023-04-24 04:00:00,0.000000
2023-04-24 05:00:00,0.000854
2023-04-24 06:00:00,0.004578
2023-04-24 07:00:00,0.168823
2023-04-24 08:00:00,0.026398
2023-04-24 09:00:00,0.001373
2023-04-24 10:00:00,0.013763
2023-04-24 11:00:00,0.021179
2023-04-24 12:00:00,0.013672
2023-04-24 13:00:00,0.006042
2023-04-24 14:00:00,0.004639
2023-04-24 15:00:00,0.002563
2023-04-24 16:00:00,0.000580
2023-04-24 17:00:00,0.000000
2023-04-24 18:00:00,0.000000
2023-04-24 19:00:00,0.000000
2023-04-24 20:00:00,0.000031
2023-04-24 21:00:00,0.000031
2023-04-24 22:00:00,0.000000
2023-04-24 23:00:00,0.000000
2023-04-25 00:00:00,0.000000
2023-04-25 01:00:00,0.000000
2023-04-25 02:00:00,0.000092
2023-04-25 03:00:00,0.000183
2023-04-25 04:00:00,0.000214
2023-04-25 05:00:00,0.000000
2023-04-25 06:00:00,0.000000
2023-04-25 07:00:00,0.000000
2023-04-25 08:00:00,0.000488
2023-04-25 09:00:00,0.001343
2023-04-25 10:00:00,0.001709
2023-04-25 11:00:00,0.017761
2023-04-25 12:00:00,0.005920
2023-04-25 13:00:00,0.000000
2023-04-25 14:00:00,0.000000
2023-04-25 15:00:00,0.000000
2023-04-25 16:00:00,0.000000
2023-04-25 17:00:00,0.000000
2023-04-25 18:00:00,0.000000
2023-04-25 19:00:00,0.000000
2023-04-25 20:00:00,0.000000
2023-04-25 21:00:00,0.000000
2023-04-25 22:00:00,0.000000
2023-04-25 23:00:00,0.000000
2023-04-26 00:00:00,0.000000
2023-04-26 01:00:00,0.000000
2023-04-26 02:00:00,0.000000
2023-04-26 03:00:00,0.000000
2023-04-26 04:00:00,0.000000
2023-04-26 05:00:00,0.059509
2023-04-26 06:00:00,0.039856
2023-04-26 07:00:00,0.039978
2023-04-26 08:00:00,0.053589
2023-04-26 09:00:00,0.025085
2023-04-26 10:00:00,0.005371
2023-04-26 11:00:00,0.003510
2023-04-26 12:00:00,0.004242
2023-04-26 13:00:00,0.003632
2023-04-26 14:00:00,0.000793
2023-04-26 15:00:00,0.000183
2023-04-26 16:00:00,0.000305
2023-04-26 17:00:00,0.000122
2023-04-26 18:00:00,0.000061
2023-04-26 19:00:00,0.000183
2023-04-26 20:00:00,0.000153
2023-04-26 21:00:00,0.000000
2023-04-26 22:00:00,0.060364
2023-04-26 23:00:00,0.080688
2023-04-27 00:00:00,0.016479
2023-04-27 01:00:00,0.009949
2023-04-27 02:00:00,0.010376
2023-04-27 03:00:00,0.010712
2023-04-27 04:00:00,0.004150
2023-04-27 05:00:00,0.002563
2023-04-27 06:00:00,0.001343
2023-04-27 07:00:00,0.000671
2023-04-27 08:00:00,0.000488
2023-04-27 09:00:00,0.040039
2023-04-27 10:00:00,0.027344
2023-04-27 11:00:00,0.127502
2023-04-27 12:00:00,0.311584
2023-04-27 13:00:00,0.305725
2023-04-27 14:00:00,0.007874
2023-04-27 15:00:00,0.002808
2023-04-27 16:00:00,0.005371
2023-04-27 17:00:00,0.007355
2023-04-27 18:00:00,0.004822
2023-04-27 19:00:00,0.004730
2023-04-27 20:00:00,0.003601
2023-04-27 21:00:00,0.005493
2023-04-27 22:00:00,0.001587
2023-04-27 23:00:00,0.001678
2023-04-28 00:00:00,0.007477
2023-04-28 01:00:00,0.003479
2023-04-28 02:00:00,0.009399
2023-04-28 03:00:00,0.015015
2023-04-28 04:00:00,0.001160
2023-04-28 05:00:00,0.000427
2023-04-28 06:00:00,0.002808
2023-04-28 07:00:00,0.008789
2023-04-28 08:00:00,0.013336
2023-04-28 09:00:00,0.120819
2023-04-28 10:00:00,0.052460
2023-04-28 11:00:00,0.191711
2023-04-28 12:00:00,0.022217
2023-04-28 13:00:00,0.005859
2023-04-28 14:00:00,0.000244
2023-04-28 15:00:00,0.000183
2023-04-28 16:00:00,0.000061
2023-04-28 17:00:00,0.000000
2023-04-28 18:00:00,0.000031
2023-04-28 19:00:00,0.000061
2023-04-28 20:00:00,0.000000
2023-04-28 21:00:00,0.000000
2023-04-28 22:00:00,0.000183
2023-04-28 23:00:00,0.012390
2023-04-29 00:00:00,0.012268
2023-04-29 01:00:00,0.005798
2023-04-29 02:00:00,0.010437
2023-04-29 03:00:00,0.028259
2023-04-29 04:00:00,0.035095
2023-04-29 05:00:00,0.003357
2023-04-29 06:00:00,0.007233
2023-04-29 07:00:00,0.013214
2023-04-29 08:00:00,0.313232
2023-04-29 09:00:00,0.035797
2023-04-29 10:00:00,0.013641
2023-04-29 11:00:00,0.081085
2023-04-29 12:00:00,0.001587
2023-04-29 13:00:00,0.001343
2023-04-29 14:00:00,0.002563
2023-04-29 15:00:00,0.001465
2023-04-29 16:00:00,0.004883
2023-04-29 17:00:00,0.003418
2023-04-29 18:00:00,0.002502
2023-04-29 19:00:00,0.003845
2023-04-29 20:00:00,0.002747
2023-04-29 21:00:00,0.000793
2023-04-29 22:00:00,0.015625
2023-04-29 23:00:00,0.031158
2023-04-30 00:00:00,0.049561
2023-04-30 01:00:00,0.017700
2023-04-30 02:00:00,0.010864
2023-04-30 03:00:00,0.016266
2023-04-30 04:00:00,0.005737
2023-04-30 05:00:00,0.001556
2023-04-30 06:00:00,0.003540
2023-04-30 07:00:00,0.005615
2023-04-30 08:00:00,0.009888
2023-04-30 09:00:00,0.011414
2023-04-30 10:00:00,0.117737
2023-04-30 11:00:00,0.019348
2023-04-30 12:00:00,0.013123
2023-04-30 13:00:00,0.009277
2023-04-30 14:00:00,0.048645
2023-04-30 15:00:00,0.049805
2023-04-30 16:00:00,0.041138
2023-04-30 17:00:00,0.081299
2023-04-30 18:00:00,0.164917
2023-04-30 19:00:00,0.113525
2023-04-30 20:00:00,0.077148
2023-04-30 21:00:00,0.013000
2023-04-30 22:00:00,0.045654
2023-04-30 23:00:00,0.022858
2023-05-01 00:00:00,0.042358
2023-05-01 01:00:00,0.037354
2023-05-01 02:00:00,0.061401
2023-05-01 03:00:00,0.093445
2023-05-01 04:00:00,0.255493
2023-05-01 05:00:00,0.293213
2023-05-01 06:00:00,0.082153
2023-05-01 07:00:00,0.021301
2023-05-01 08:00:00,0.072998
2023-05-01 09:00:00,0.434906
2023-05-01 10:00:00,0.279297
2023-05-01 11:00:00,0.110474
2023-05-01 12:00:00,0.048981
2023-05-01 13:00:00,0.011902
2023-05-01 14:00:00,0.014679
2023-05-01 15:00:00,0.009644
2023-05-01 16:00:00,0.012085
2023-05-01 17:00:00,0.053589
2023-05-01 18:00:00,0.035492
2023-05-01 19:00:00,0.041534
2023-05-01 20:00:00,0.082458
2023-05-01 21:00:00,0.101318
2023-05-01 22:00:00,0.033264
2023-05-01 23:00:00,0.045227
2023-05-02 00:00:00,0.027954
2023-05-02 01:00:00,0.010010
2023-05-02 02:00:00,0.040833
2023-05-02 03:00:00,0.074463
2023-05-02 04:00:00,0.135376
2023-05-02 05:00:00,0.131042
2023-05-02 06:00:00,0.071991
2023-05-02 07:00:00,0.063507
2023-05-02 08:00:00,0.302551
2023-05-02 09:00:00,0.115967
2023-05-02 10:00:00,0.031128
2023-05-02 11:00:00,0.135071
2023-05-02 12:00:00,0.056885
2023-05-02 13:00:00,0.025726
2023-05-02 14:00:00,0.030212
2023-05-02 15:00:00,0.032715
2023-05-02 16:00:00,0.034180
2023-05-02 17:00:00,0.034790
2023-05-02 18:00:00,0.034943
2023-05-02 19:00:00,0.034180
2023-05-02 20:00:00,0.030823
2023-05-02 21:00:00,0.015167
2023-05-02 22:00:00,0.042786
2023-05-02 23:00:00,0.018005
2023-05-03 00:00:00,0.004822
2023-05-03 01:00:00,0.013275
2023-05-03 02:00:00,0.254517
2023-05-03 03:00:00,0.160400
2023-05-03 04:00:00,0.070129
2023-05-03 05:00:00,0.025604
2023-05-03 06:00:00,0.001099
2023-05-03 07:00:00,0.009583
2023-05-03 08:00:00,0.007111
2023-05-03 09:00:00,0.006287
2023-05-03 10:00:00,0.017578
2023-05-03 11:00:00,0.075989
2023-05-03 12:00:00,0.086639
2023-05-03 13:00:00,0.039551
2023-05-03 14:00:00,0.068481
2023-05-03 15:00:00,0.085571
2023-05-03 16:00:00,0.072266
2023-05-03 17:00:00,0.036560
2023-05-03 18:00:00,0.010437
2023-05-03 19:00:00,0.004913
2023-05-03 20:00:00,0.003601
2023-05-03 21:00:00,0.002502
2023-05-03 22:00:00,0.001770
2023-05-03 23:00:00,0.001617
2023-05-04 00:00:00,0.001556
2023-05-04 01:00:00,0.001831
2023-05-04 02:00:00,0.002228
2023-05-04 03:00:00,0.007080
2023-05-04 04:00:00,0.027802
2023-05-04 05:00:00,0.009308
2023-05-04 06:00:00,0.014099
2023-05-04 07:00:00,0.086700
2023-05-04 08:00:00,0.111725
2023-05-04 09:00:00,0.131134
2023-05-04 10:00:00,0.087158
2023-05-04 11:00:00,0.031860
2023-05-04 12:00:00,0.023163
2023-05-04 13:00:00,0.013672
2023-05-04 14:00:00,0.007294
2023-05-04 15:00:00,0.006317
2023-05-04 16:00:00,0.006348
2023-05-04 17:00:00,0.006714
2023-05-04 18:00:00,0.005493
2023-05-04 19:00:00,0.002960
2023-05-04 20:00:00,0.002197
2023-05-04 21:00:00,0.002197
2023-05-04 22:00:00,0.001282
2023-05-04 23:00:00,0.000427
2023-05-05 00:00:00,0.000305
2023-05-05 01:00:00,0.000244
2023-05-05 02:00:00,0.000427
2023-05-05 03:00:00,0.000549
2023-05-05 04:00:00,0.003052
2023-05-05 05:00:00,0.011993
2023-05-05 06:00:00,0.020874
2023-05-05 07:00:00,0.029175
2023-05-05 08:00:00,0.038452
2023-05-05 09:00:00,0.030396
2023-05-05 10:00:00,0.055298
2023-05-05 11:00:00,0.067017
2023-05-05 12:00:00,0.031006
2023-05-05 13:00:00,0.023621
2023-05-05 14:00:00,0.005798
2023-05-05 15:00:00,0.000000
2023-05-05 16:00:00,0.000000
2023-05-05 17:00:00,0.000183
2023-05-05 18:00:00,0.000427
2023-05-05 19:00:00,0.000214
2023-05-05 20:00:00,0.000366
2023-05-05 21:00:00,0.000854
2023-05-05 22:00:00,0.000610
2023-05-05 23:00:00,0.001038
2023-05-06 00:00:00,0.001587
2023-05-06 01:00:00,0.001099
2023-05-06 02:00:00,0.003967
2023-05-06 03:00:00,0.001312
2023-05-06 04:00:00,0.000488
2023-05-06 05:00:00,0.001282
2023-05-06 06:00:00,0.001709
2023-05-06 07:00:00,0.008423
2023-05-06 08:00:00,0.008057
2023-05-06 09:00:00,0.007751
2023-05-06 10:00:00,0.105103
2023-05-06 11:00:00,0.061554
2023-05-06 12:00:00,0.092712
2023-05-06 13:00:00,0.026367
2023-05-06 14:00:00,0.000122
2023-05-06 15:00:00,0.001770
2023-05-06 16:00:00,0.000732
2023-05-06 17:00:00,0.000244
2023-05-06 18:00:00,0.001648
2023-05-06 19:00:00,0.003540
2023-05-06 20:00:00,0.002014
2023-05-06 21:00:00,0.001099
2023-05-06 22:00:00,0.000244
2023-05-06 23:00:00,0.000000
2023-05-07 00:00:00,0.000000
2023-05-07 01:00:00,0.000000
2023-05-07 02:00:00,0.000000
2023-05-07 03:00:00,0.000916
2023-05-07 04:00:00,0.004333
2023-05-07 05:00:00,0.001373
2023-05-07 06:00:00,0.002686
2023-05-07 07:00:00,0.031860
2023-05-07 08:00:00,0.033783
2023-05-07 09:00:00,0.012909
2023-05-07 10:00:00,0.037781
2023-05-07 11:00:00,0.022034
2023-05-07 12:00:00,0.013977
2023-05-07 13:00:00,0.005920
2023-05-07 14:00:00,0.004395
2023-05-07 15:00:00,0.003235
2023-05-07 16:00:00,0.004517
2023-05-07 17:00:00,0.004272
2023-05-07 18:00:00,0.019470
2023-05-07 19:00:00,0.016479
2023-05-07 20:00:00,0.007446
2023-05-07 21:00:00,0.015442
2023-05-07 22:00:00,0.029358
2023-05-07 23:00:00,0.036133
2023-05-08 00:00:00,0.027283
2023-05-08 01:00:00,0.036560
2023-05-08 02:00:00,0.044434
2023-05-08 03:00:00,0.028534
2023-05-08 04:00:00,0.005798
2023-05-08 05:00:00,0.002502
2023-05-08 06:00:00,0.005524
2023-05-08 07:00:00,0.008453
2023-05-08 08:00:00,0.009705
2023-05-08 09:00:00,0.038696
2023-05-08 10:00:00,0.097748
2023-05-08 11:00:00,0.091675
2023-05-08 12:00:00,0.016449
2023-05-08 13:00:00,0.000549
2023-05-08 14:00:00,0.000000
2023-05-08 15:00:00,0.000183
2023-05-08 16:00:00,0.000305
2023-05-08 17:00:00,0.000244
2023-05-08 18:00:00,0.000122
2023-05-08 19:00:00,0.000061
2023-05-08 20:00:00,0.000061
2023-05-08 21:00:00,0.000000
2023-05-08 22:00:00,0.000000
2023-05-08 23:00:00,0.000000
2023-05-09 00:00:00,0.000000
2023-05-09 01:00:00,0.000000
2023-05-09 02:00:00,0.000000
2023-05-09 03:00:00,0.000000
2023-05-09 04:00:00,0.000000
2023-05-09 05:00:00,0.000000
2023-05-09 06:00:00,0.000000
2023-05-09 07:00:00,0.000000
2023-05-09 08:00:00,0.000000
2023-05-09 09:00:00,0.000000
2023-05-09 10:00:00,0.000122
2023-05-09 11:00:00,0.000061
2023-05-09 12:00:00,0.000000
2023-05-09 13:00:00,0.000000
2023-05-09 14:00:00,0.000000
2023-05-09 15:00:00,0.000000
2023-05-09 16:00:00,0.000000
2023-05-09 17:00:00,0.000000
2023-05-09 18:00:00,0.000000
2023-05-09 19:00:00,0.000000
2023-05-09 20:00:00,0.000000
2023-05-09 21:00:00,0.000000
2023-05-09 22:00:00,0.000000
2023-05-09 23:00:00,0.000000
2023-05-10 00:00:00,0.000000
2023-05-10 01:00:00,0.000000
2023-05-10 02:00:00,0.000000
2023-05-10 03:00:00,0.000000
2023-05-10 04:00:00,0.000000
2023-05-10 05:00:00,0.000000
2023-05-10 06:00:00,0.000000
2023-05-10 07:00:00,0.000000
2023-05-10 08:00:00,0.000000
2023-05-10 09:00:00,0.000000
2023-05-10 10:00:00,0.000000
2023-05-10 11:00:00,0.000000
2023-05-10 12:00:00,0.000000
2023-05-10 13:00:00,0.000000
2023-05-10 14:00:00,0.000000
2023-05-10 15:00:00,0.000000
2023-05-10 16:00:00,0.000000
2023-05-10 17:00:00,0.000000
2023-05-10 18:00:00,0.000000
2023-05-10 19:00:00,0.000000
2023-05-10 20:00:00,0.000000
2023-05-10 21:00:00,0.000000
2023-05-10 22:00:00,0.000000
2023-05-10 23:00:00,0.000000
2023-05-11 00:00:00,0.000000
2023-05-11 01:00:00,0.000000
2023-05-11 02:00:00,0.000000
2023-05-11 03:00:00,0.000000
2023-05-11 04:00:00,0.000000
2023-05-11 05:00:00,0.000000
2023-05-11 06:00:00,0.000000
2023-05-11 07:00:00,0.000000
2023-05-11 08:00:00,0.000000
2023-05-11 09:00:00,0.000000
2023-05-11 10:00:00,0.000000
2023-05-11 11:00:00,0.000000
2023-05-11 12:00:00,0.000000
2023-05-11 13:00:00,0.000000
2023-05-11 14:00:00,0.000000
2023-05-11 15:00:00,0.000000
2023-05-11 16:00:00,0.000000
2023-05-11 17:00:00,0.000000
2023-05-11 18:00:00,0.000000
2023-05-11 19:00:00,0.000000
2023-05-11 20:00:00,0.000000
2023-05-11 21:00:00,0.000000
2023-05-11 22:00:00,0.000000
2023-05-11 23:00:00,0.000000
2023-05-12 00:00:00,0.000000
2023-05-12 01:00:00,0.000000
2023-05-12 02:00:00,0.000000
2023-05-12 03:00:00,0.000000
2023-05-12 04:00:00,0.000000
2023-05-12 05:00:00,0.000000
2023-05-12 06:00:00,0.000000
2023-05-12 07:00:00,0.000000
2023-05-12 08:00:00,0.000000
2023-05-12 09:00:00,0.000000
2023-05-12 10:00:00,0.001526
2023-05-12 11:00:00,0.000122
2023-05-12 12:00:00,0.000061
2023-05-12 13:00:00,0.001526
2023-05-12 14:00:00,0.000549
2023-05-12 15:00:00,0.000000
2023-05-12 16:00:00,0.000000
2023-05-12 17:00:00,0.000000
2023-05-12 18:00:00,0.000000
2023-05-12 19:00:00,0.000000
2023-05-12 20:00:00,0.000000
2023-05-12 21:00:00,0.000000
2023-05-12 22:00:00,0.000000
2023-05-12 23:00:00,0.000000
2023-05-13 00:00:00,0.000000
2023-05-13 01:00:00,0.000000
2023-05-13 02:00:00,0.000000
2023-05-13 03:00:00,0.000000
2023-05-13 04:00:00,0.000183
2023-05-13 05:00:00,0.000000
2023-05-13 06:00:00,0.000000
2023-05-13 07:00:00,0.000000
2023-05-13 08:00:00,0.000000
2023-05-13 09:00:00,0.000000
2023-05-13 10:00:00,0.000366
2023-05-13 11:00:00,0.032898
2023-05-13 12:00:00,0.054199
2023-05-13 13:00:00,0.004517
2023-05-13 14:00:00,0.001343
2023-05-13 15:00:00,0.000549
2023-05-13 16:00:00,0.000122
2023-05-13 17:00:00,0.000244
2023-05-13 18:00:00,0.001038
2023-05-13 19:00:00,0.000610
2023-05-13 20:00:00,0.001251
2023-05-13 21:00:00,0.000916
2023-05-13 22:00:00,0.000610
2023-05-13 23:00:00,0.000061
2023-05-14 00:00:00,0.000061
2023-05-14 01:00:00,0.000000
2023-05-14 02:00:00,0.000000
2023-05-14 03:00:00,0.000000
2023-05-14 04:00:00,0.000000
2023-05-14 05:00:00,0.000000
2023-05-14 06:00:00,0.000000
2023-05-14 07:00:00,0.000000
2023-05-14 08:00:00,0.001831
2023-05-14 09:00:00,0.003906
2023-05-14 10:00:00,0.109375
2023-05-14 11:00:00,0.096008
2023-05-14 12:00:00,0.051086
2023-05-14 13:00:00,0.001160
2023-05-14 14:00:00,0.000671
2023-05-14 15:00:00,0.002075
2023-05-14 16:00:00,0.000488
2023-05-14 17:00:00,0.000244
2023-05-14 18:00:00,0.000061
2023-05-14 19:00:00,0.000000
2023-05-14 20:00:00,0.000000
2023-05-14 21:00:00,0.000000
2023-05-14 22:00:00,0.006470
2023-05-14 23:00:00,0.001038
2023-05-15 00:00:00,0.000061
2023-05-15 01:00:00,0.000061
2023-05-15 02:00:00,0.000000
2023-05-15 03:00:00,0.000000
2023-05-15 04:00:00,0.000000
2023-05-15 05:00:00,0.000000
2023-05-15 06:00:00,0.000427
2023-05-15 07:00:00,0.001343
2023-05-15 08:00:00,0.001831
2023-05-15 09:00:00,0.001831
2023-05-15 10:00:00,0.003479
2023-05-15 11:00:00,0.012207
2023-05-15 12:00:00,0.003662
2023-05-15 13:00:00,0.039673
2023-05-15 14:00:00,0.026367
2023-05-15 15:00:00,0.010498
2023-05-15 16:00:00,0.000000
2023-05-15 17:00:00,0.000061
2023-05-15 18:00:00,0.000000
2023-05-15 19:00:00,0.000000
2023-05-15 20:00:00,0.000000
2023-05-15 21:00:00,0.000000
2023-05-15 22:00:00,0.000000
2023-05-15 23:00:00,0.008667
2023-05-16 00:00:00,0.000549
2023-05-16 01:00:00,0.000000
2023-05-16 02:00:00,0.000000
2023-05-16 03:00:00,0.000000
2023-05-16 04:00:00,0.000000
2023-05-16 05:00:00,0.000000
2023-05-16 06:00:00,0.000000
2023-05-16 07:00:00,0.000061
2023-05-16 08:00:00,0.004395
2023-05-16 09:00:00,0.046692
2023-05-16 10:00:00,0.055145
2023-05-16 11:00:00,0.005859
2023-05-16 12:00:00,0.000031
2023-05-16 13:00:00,0.000000
2023-05-16 14:00:00,0.000000
2023-05-16 15:00:00,0.000000
2023-05-16 16:00:00,0.000061
2023-05-16 17:00:00,0.000275
2023-05-16 18:00:00,0.000854
2023-05-16 19:00:00,0.000854
2023-05-16 20:00:00,0.000061
2023-05-16 21:00:00,0.000000
2023-05-16 22:00:00,0.000000
2023-05-16 23:00:00,0.000061
2023-05-17 00:00:00,0.000244
2023-05-17 01:00:00,0.000122
2023-05-17 02:00:00,0.000580
2023-05-17 03:00:00,0.000854
2023-05-17 04:00:00,0.002136
2023-05-17 05:00:00,0.004456
2023-05-17 06:00:00,0.004089
2023-05-17 07:00:00,0.002808
2023-05-17 08:00:00,0.004089
2023-05-17 09:00:00,0.002625
2023-05-17 10:00:00,0.026184
2023-05-17 11:00:00,0.118286
2023-05-17 12:00:00,0.031555
2023-05-17 13:00:00,0.006165
2023-05-17 14:00:00,0.016968
2023-05-17 15:00:00,0.011169
2023-05-17 16:00:00,0.003235
2023-05-17 17:00:00,0.003723
2023-05-17 18:00:00,0.001099
2023-05-17 19:00:00,0.000427
2023-05-17 20:00:00,0.000488
2023-05-17 21:00:00,0.000366
2023-05-17 22:00:00,0.002441
2023-05-17 23:00:00,0.002258
2023-05-18 00:00:00,0.006226
2023-05-18 01:00:00,0.004822
2023-05-18 02:00:00,0.003601
2023-05-18 03:00:00,0.001770
2023-05-18 04:00:00,0.001221
2023-05-18 05:00:00,0.000488
2023-05-18 06:00:00,0.000275
2023-05-18 07:00:00,0.000122
2023-05-18 08:00:00,0.000061
2023-05-18 09:00:00,0.000183
2023-05-18 10:00:00,0.000000
2023-05-18 11:00:00,0.000000
2023-05-18 12:00:00,0.000671
2023-05-18 13:00:00,0.002808
2023-05-18 14:00:00,0.010498
2023-05-18 15:00:00,0.010620
2023-05-18 16:00:00,0.006744
2023-05-18 17:00:00,0.000610
2023-05-18 18:00:00,0.000183
2023-05-18 19:00:00,0.000244
2023-05-18 20:00:00,0.000305
2023-05-18 21:00:00,0.000244
2023-05-18 22:00:00,0.000000
2023-05-18 23:00:00,0.000000
2023-05-19 00:00:00,0.000000
2023-05-19 01:00:00,0.000000
2023-05-19 02:00:00,0.000000
2023-05-19 03:00:00,0.000000
2023-05-19 04:00:00,0.000000
2023-05-19 05:00:00,0.000000
2023-05-19 06:00:00,0.000000
2023-05-19 07:00:00,0.000000
2023-05-19 08:00:00,0.000000
2023-05-19 09:00:00,0.000000
2023-05-19 10:00:00,0.005981
2023-05-19 11:00:00,0.025146
2023-05-19 12:00:00,0.104309
2023-05-19 13:00:00,0.003662
2023-05-19 14:00:00,0.000061
2023-05-19 15:00:00,0.001648
2023-05-19 16:00:00,0.001221
2023-05-19 17:00:00,0.000732
2023-05-19 18:00:00,0.000305
2023-05-19 19:00:00,0.000061
2023-05-19 20:00:00,0.000000
2023-05-19 21:00:00,0.000000
2023-05-19 22:00:00,0.000000
2023-05-19 23:00:00,0.000000
2023-05-20 00:00:00,0.000000
2023-05-20 01:00:00,0.000000
2023-05-20 02:00:00,0.000000
2023-05-20 03:00:00,0.000000
2023-05-20 04:00:00,0.000000
2023-05-20 05:00:00,0.000000
2023-05-20 06:00:00,0.000061
2023-05-20 07:00:00,0.000000
2023-05-20 08:00:00,0.000000
2023-05-20 09:00:00,0.000366
2023-05-20 10:00:00,0.001892
2023-05-20 11:00:00,0.001129
2023-05-20 12:00:00,0.000122
2023-05-20 13:00:00,0.000000
2023-05-20 14:00:00,0.000000
2023-05-20 15:00:00,0.000000
2023-05-20 16:00:00,0.000000
2023-05-20 17:00:00,0.000122
2023-05-20 18:00:00,0.000793
2023-05-20 19:00:00,0.001587
2023-05-20 20:00:00,0.001007
2023-05-20 21:00:00,0.000366
2023-05-20 22:00:00,0.007660
2023-05-20 23:00:00,0.002502
2023-05-21 00:00:00,0.000732
2023-05-21 01:00:00,0.000122
2023-05-21 02:00:00,0.000000
2023-05-21 03:00:00,0.000000
2023-05-21 04:00:00,0.000000
2023-05-21 05:00:00,0.000000
2023-05-21 06:00:00,0.000000
2023-05-21 07:00:00,0.000000
2023-05-21 08:00:00,0.011658
2023-05-21 09:00:00,0.006134
2023-05-21 10:00:00,0.010590
2023-05-21 11:00:00,0.014832
2023-05-21 12:00:00,0.012268
2023-05-21 13:00:00,0.000000
2023-05-21 14:00:00,0.000000
2023-05-21 15:00:00,0.000000
2023-05-21 16:00:00,0.000000
2023-05-21 17:00:00,0.000000
2023-05-21 18:00:00,0.000000
2023-05-21 19:00:00,0.000000
2023-05-21 20:00:00,0.000000
2023-05-21 21:00:00,0.000000
2023-05-21 22:00:00,0.000702
2023-05-21 23:00:00,0.000000
2023-05-22 00:00:00,0.000061
2023-05-22 01:00:00,0.000092
2023-05-22 02:00:00,0.000000
2023-05-22 03:00:00,0.000000
2023-05-22 04:00:00,0.000000
2023-05-22 05:00:00,0.000000
2023-05-22 06:00:00,0.001099
2023-05-22 07:00:00,0.008301
2023-05-22 08:00:00,0.010437
2023-05-22 09:00:00,0.006348
2023-05-22 10:00:00,0.039673
2023-05-22 11:00:00,0.034668
2023-05-22 12:00:00,0.038696
2023-05-22 13:00:00,0.013184
2023-05-22 14:00:00,0.000793
2023-05-22 15:00:00,0.000305
2023-05-22 16:00:00,0.000244
2023-05-22 17:00:00,0.000122
2023-05-22 18:00:00,0.000854
2023-05-22 19:00:00,0.000366
2023-05-22 20:00:00,0.000366
2023-05-22 21:00:00,0.000244
2023-05-22 22:00:00,0.052979
2023-05-22 23:00:00,0.023560
2023-05-23 00:00:00,0.019958
2023-05-23 01:00:00,0.023010
2023-05-23 02:00:00,0.020386
2023-05-23 03:00:00,0.011230
2023-05-23 04:00:00,0.005005
2023-05-23 05:00:00,0.001892
2023-05-23 06:00:00,0.003174
2023-05-23 07:00:00,0.004517
2023-05-23 08:00:00,0.002197
2023-05-23 09:00:00,0.133667
2023-05-23 10:00:00,0.097900
2023-05-23 11:00:00,0.010437
2023-05-23 12:00:00,0.005249
2023-05-23 13:00:00,0.004150
2023-05-23 14:00:00,0.019287
2023-05-23 15:00:00,0.007385
2023-05-23 16:00:00,0.000366
2023-05-23 17:00:00,0.000305
2023-05-23 18:00:00,0.021210
2023-05-23 19:00:00,0.005554
2023-05-23 20:00:00,0.015320
2023-05-23 21:00:00,0.025024
2023-05-23 22:00:00,0.024292
2023-05-23 23:00:00,0.005615
2023-05-24 00:00:00,0.016174
2023-05-24 01:00:00,0.015594
2023-05-24 02:00:00,0.000885
2023-05-24 03:00:00,0.006775
2023-05-24 04:00:00,0.000885
2023-05-24 05:00:00,0.010315
2023-05-24 06:00:00,0.022095
2023-05-24 07:00:00,0.004059
2023-05-24 08:00:00,0.015076
2023-05-24 09:00:00,0.017700
2023-05-24 10:00:00,0.031677
2023-05-24 11:00:00,0.031311
2023-05-24 12:00:00,0.034302
2023-05-24 13:00:00,0.001038
2023-05-24 14:00:00,0.000427
2023-05-24 15:00:00,0.000366
2023-05-24 16:00:00,0.000183
2023-05-24 17:00:00,0.000000
2023-05-24 18:00:00,0.000000
2023-05-24 19:00:00,0.002686
2023-05-24 20:00:00,0.001892
2023-05-24 21:00:00,0.000183
2023-05-24 22:00:00,0.000366
2023-05-24 23:00:00,0.000793
2023-05-25 00:00:00,0.001282
2023-05-25 01:00:00,0.001282
2023-05-25 02:00:00,0.002075
2023-05-25 03:00:00,0.018616
2023-05-25 04:00:00,0.003479
2023-05-25 05:00:00,0.003204
2023-05-25 06:00:00,0.001953
2023-05-25 07:00:00,0.013123
2023-05-25 08:00:00,0.033752
2023-05-25 09:00:00,0.039307
2023-05-25 10:00:00,0.035583
2023-05-25 11:00:00,0.144714
2023-05-25 12:00:00,0.067810
2023-05-25 13:00:00,0.024902
2023-05-25 14:00:00,0.030548
2023-05-25 15:00:00,0.015625
2023-05-25 16:00:00,0.015930
2023-05-25 17:00:00,0.011414
2023-05-25 18:00:00,0.011749
2023-05-25 19:00:00,0.015747
2023-05-25 20:00:00,0.014648
2023-05-25 21:00:00,0.002747
2023-05-25 22:00:00,0.001526
2023-05-25 23:00:00,0.000427
2023-05-26 00:00:00,0.000000
2023-05-26 01:00:00,0.000000
2023-05-26 02:00:00,0.000000
2023-05-26 03:00:00,0.000000
2023-05-26 04:00:00,0.000122
2023-05-26 05:00:00,0.000732
2023-05-26 06:00:00,0.000183
2023-05-26 07:00:00,0.000000
2023-05-26 08:00:00,0.000519
2023-05-26 09:00:00,0.017212
2023-05-26 10:00:00,0.028809
2023-05-26 11:00:00,0.037231
2023-05-26 12:00:00,0.003723
2023-05-26 13:00:00,0.004883
2023-05-26 14:00:00,0.003784
2023-05-26 15:00:00,0.005981
2023-05-26 16:00:00,0.014221
2023-05-26 17:00:00,0.020508
2023-05-26 18:00:00,0.051270
2023-05-26 19:00:00,0.033508
2023-05-26 20:00:00,0.022522
2023-05-26 21:00:00,0.067474
2023-05-26 22:00:00,0.072327
2023-05-26 23:00:00,0.035126
2023-05-27 00:00:00,0.112061
2023-05-27 01:00:00,0.305695
2023-05-27 02:00:00,0.049683
2023-05-27 03:00:00,0.006104
2023-05-27 04:00:00,0.007141
2023-05-27 05:00:00,0.003326
2023-05-27 06:00:00,0.001129
2023-05-27 07:00:00,0.000122
2023-05-27 08:00:00,0.015900
2023-05-27 09:00:00,0.017212
2023-05-27 10:00:00,0.042175
2023-05-27 11:00:00,0.005676
2023-05-27 12:00:00,0.002502
2023-05-27 13:00:00,0.005432
2023-05-27 14:00:00,0.013062
2023-05-27 15:00:00,0.028809
2023-05-27 16:00:00,0.055786
2023-05-27 17:00:00,0.072266
2023-05-27 18:00:00,0.071716
2023-05-27 19:00:00,0.076721
2023-05-27 20:00:00,0.047119
2023-05-27 21:00:00,0.016907
2023-05-27 22:00:00,0.000488
2023-05-27 23:00:00,0.000061
2023-05-28 00:00:00,0.000122
2023-05-28 01:00:00,0.000397
2023-05-28 02:00:00,0.000580
2023-05-28 03:00:00,0.003235
2023-05-28 04:00:00,0.052979
2023-05-28 05:00:00,0.023438
2023-05-28 06:00:00,0.031372
2023-05-28 07:00:00,0.023376
2023-05-28 08:00:00,0.015015
2023-05-28 09:00:00,0.021545
2023-05-28 10:00:00,0.025635
2023-05-28 11:00:00,0.017731
2023-05-28 12:00:00,0.018860
2023-05-28 13:00:00,0.026245
2023-05-28 14:00:00,0.084930
2023-05-28 15:00:00,0.104431
2023-05-28 16:00:00,0.021423
2023-05-28 17:00:00,0.008484
2023-05-28 18:00:00,0.007874
2023-05-28 19:00:00,0.037842
2023-05-28 20:00:00,0.078369
2023-05-28 21:00:00,0.078674
2023-05-28 22:00:00,0.007996
2023-05-28 23:00:00,0.012085
2023-05-29 00:00:00,0.026581
2023-05-29 01:00:00,0.041290
2023-05-29 02:00:00,0.049896
2023-05-29 03:00:00,0.066315
2023-05-29 04:00:00,0.076904
2023-05-29 05:00:00,0.073669
2023-05-29 06:00:00,0.057373
2023-05-29 07:00:00,0.040192
2023-05-29 08:00:00,0.158264
2023-05-29 09:00:00,0.037292
2023-05-29 10:00:00,0.040833
2023-05-29 11:00:00,0.126587
2023-05-29 12:00:00,0.142822
2023-05-29 13:00:00,0.209473
2023-05-29 14:00:00,0.304504
2023-05-29 15:00:00,0.328217
2023-05-29 16:00:00,0.291138
2023-05-29 17:00:00,0.364868
2023-05-29 18:00:00,0.356384
2023-05-29 19:00:00,0.158569
2023-05-29 20:00:00,0.082581
2023-05-29 21:00:00,0.064941
2023-05-29 22:00:00,0.051453
2023-05-29 23:00:00,0.050171
2023-05-30 00:00:00,0.032654
2023-05-30 01:00:00,0.010803
2023-05-30 02:00:00,0.007538
2023-05-30 03:00:00,0.006073
2023-05-30 04:00:00,0.071442
2023-05-30 05:00:00,0.076721
2023-05-30 06:00:00,0.093079
2023-05-30 07:00:00,0.067413
2023-05-30 08:00:00,0.063782
2023-05-30 09:00:00,0.046021
2023-05-30 10:00:00,0.095825
2023-05-30 11:00:00,0.137695
2023-05-30 12:00:00,0.090271
2023-05-30 13:00:00,0.079407
2023-05-30 14:00:00,0.089661
2023-05-30 15:00:00,0.100189
2023-05-30 16:00:00,0.098145
2023-05-30 17:00:00,0.101196
2023-05-30 18:00:00,0.103394
2023-05-30 19:00:00,0.101715
2023-05-30 20:00:00,0.096619
2023-05-30 21:00:00,0.071899
2023-05-30 22:00:00,0.030151
2023-05-30 23:00:00,0.034363
2023-05-31 00:00:00,0.078552
2023-05-31 01:00:00,0.060730
2023-05-31 02:00:00,0.031189
2023-05-31 03:00:00,0.019165
2023-05-31 04:00:00,0.061340
2023-05-31 05:00:00,0.077148
2023-05-31 06:00:00,0.073303
2023-05-31 07:00:00,0.054260
2023-05-31 08:00:00,0.165344
2023-05-31 09:00:00,0.059082
2023-05-31 10:00:00,0.280029
2023-05-31 11:00:00,0.200684
2023-05-31 12:00:00,0.085876
2023-05-31 13:00:00,0.058350
2023-05-31 14:00:00,0.031677
2023-05-31 15:00:00,0.027161
2023-05-31 16:00:00,0.010071
2023-05-31 17:00:00,0.006165
2023-05-31 18:00:00,0.002991
2023-05-31 19:00:00,0.001953
2023-05-31 20:00:00,0.003113
2023-05-31 21:00:00,0.000732
2023-05-31 22:00:00,0.000244
2023-05-31 23:00:00,0.000305
2023-06-01 00:00:00,0.000916
2023-06-01 01:00:00,0.002625
2023-06-01 02:00:00,0.004944
2023-06-01 03:00:00,0.007629
2023-06-01 04:00:00,0.003845
2023-06-01 05:00:00,0.004456
2023-06-01 06:00:00,0.002136
2023-06-01 07:00:00,0.000610
2023-06-01 08:00:00,0.003418
2023-06-01 09:00:00,0.013123
2023-06-01 10:00:00,0.014679
2023-06-01 11:00:00,0.017456
2023-06-01 12:00:00,0.131775
2023-06-01 13:00:00,0.019165
2023-06-01 14:00:00,0.014252
2023-06-01 15:00:00,0.022827
2023-06-01 16:00:00,0.022583
2023-06-01 17:00:00,0.017517
2023-06-01 18:00:00,0.010925
2023-06-01 19:00:00,0.010559
2023-06-01 20:00:00,0.016296
2023-06-01 21:00:00,0.004517
2023-06-01 22:00:00,0.001770
2023-06-01 23:00:00,0.000549
2023-06-02 00:00:00,0.001343
2023-06-02 01:00:00,0.003296
2023-06-02 02:00:00,0.004456
2023-06-02 03:00:00,0.003571
2023-06-02 04:00:00,0.005188
2023-06-02 05:00:00,0.005005
2023-06-02 06:00:00,0.038208
2023-06-02 07:00:00,0.070862
2023-06-02 08:00:00,0.148987
2023-06-02 09:00:00,0.141174
2023-06-02 10:00:00,0.080017
2023-06-02 11:00:00,0.045776
2023-06-02 12:00:00,0.057922
2023-06-02 13:00:00,0.066101
2023-06-02 14:00:00,0.056580
2023-06-02 15:00:00,0.024048
2023-06-02 16:00:00,0.008484
2023-06-02 17:00:00,0.005310
2023-06-02 18:00:00,0.006348
2023-06-02 19:00:00,0.005981
2023-06-02 20:00:00,0.004089
2023-06-02 21:00:00,0.002747
2023-06-02 22:00:00,0.001831
2023-06-02 23:00:00,0.001160
2023-06-03 00:00:00,0.000671
2023-06-03 01:00:00,0.000427
2023-06-03 02:00:00,0.000244
2023-06-03 03:00:00,0.000092
2023-06-03 04:00:00,0.000000
2023-06-03 05:00:00,0.000366
2023-06-03 06:00:00,0.000732
2023-06-03 07:00:00,0.000122
2023-06-03 08:00:00,0.000061
2023-06-03 09:00:00,0.000061
2023-06-03 10:00:00,0.000000
2023-06-03 11:00:00,0.000000
2023-06-03 12:00:00,0.000122
2023-06-03 13:00:00,0.000305
2023-06-03 14:00:00,0.000488
2023-06-03 15:00:00,0.000549
2023-06-03 16:00:00,0.000793
2023-06-03 17:00:00,0.000977
2023-06-03 18:00:00,0.001343
2023-06-03 19:00:00,0.002045
2023-06-03 20:00:00,0.002136
2023-06-03 21:00:00,0.002289
2023-06-03 22:00:00,0.023895
2023-06-03 23:00:00,0.037537
2023-06-04 00:00:00,0.016846
2023-06-04 01:00:00,0.006165
2023-06-04 02:00:00,0.002075
2023-06-04 03:00:00,0.000061
2023-06-04 04:00:00,0.007568
2023-06-04 05:00:00,0.018524
2023-06-04 06:00:00,0.028473
2023-06-04 07:00:00,0.016266
2023-06-04 08:00:00,0.063110
2023-06-04 09:00:00,0.024048
2023-06-04 10:00:00,0.043701
2023-06-04 11:00:00,0.114563
2023-06-04 12:00:00,0.026703
2023-06-04 13:00:00,0.006378
2023-06-04 14:00:00,0.015564
2023-06-04 15:00:00,0.001892
2023-06-04 16:00:00,0.000671
2023-06-04 17:00:00,0.000671
2023-06-04 18:00:00,0.000183
2023-06-04 19:00:00,0.000061
2023-06-04 20:00:00,0.000061
2023-06-04 21:00:00,0.000061
2023-06-04 22:00:00,0.000061
2023-06-04 23:00:00,0.000122
2023-06-05 00:00:00,0.000244
2023-06-05 01:00:00,0.000122
2023-06-05 02:00:00,0.000122
2023-06-05 03:00:00,0.000061
2023-06-05 04:00:00,0.000000
2023-06-05 05:00:00,0.013184
2023-06-05 06:00:00,0.017609
2023-06-05 07:00:00,0.019104
2023-06-05 08:00:00,0.017090
2023-06-05 09:00:00,0.031372
2023-06-05 10:00:00,0.020813
2023-06-05 11:00:00,0.053223
2023-06-05 12:00:00,0.202881
2023-06-05 13:00:00,0.192749
2023-06-05 14:00:00,0.038940
2023-06-05 15:00:00,0.019348
2023-06-05 16:00:00,0.018127
2023-06-05 17:00:00,0.012756
2023-06-05 18:00:00,0.007507
2023-06-05 19:00:00,0.003601
2023-06-05 20:00:00,0.001099
2023-06-05 21:00:00,0.000610
2023-06-05 22:00:00,0.000000
2023-06-05 23:00:00,0.000122
2023-06-06 00:00:00,0.000488
2023-06-06 01:00:00,0.000244
2023-06-06 02:00:00,0.000061
2023-06-06 03:00:00,0.000061
2023-06-06 04:00:00,0.002747
2023-06-06 05:00:00,0.022400
2023-06-06 06:00:00,0.016907
2023-06-06 07:00:00,0.063416
2023-06-06 08:00:00,0.147827
2023-06-06 09:00:00,0.059418
2023-06-06 10:00:00,0.052307
2023-06-06 11:00:00,0.019043
2023-06-06 12:00:00,0.171692
2023-06-06 13:00:00,0.229309
2023-06-06 14:00:00,0.002869
2023-06-06 15:00:00,0.000397
2023-06-06 16:00:00,0.001770
2023-06-06 17:00:00,0.004669
2023-06-06 18:00:00,0.002563
2023-06-06 19:00:00,0.001465
2023-06-06 20:00:00,0.001190
2023-06-06 21:00:00,0.001221
2023-06-06 22:00:00,0.000702
2023-06-06 23:00:00,0.000824
2023-06-07 00:00:00,0.000671
2023-06-07 01:00:00,0.000366
2023-06-07 02:00:00,0.000488
2023-06-07 03:00:00,0.000549
2023-06-07 04:00:00,0.000305
2023-06-07 05:00:00,0.031586
2023-06-07 06:00:00,0.014832
2023-06-07 07:00:00,0.126465
2023-06-07 08:00:00,0.190979
2023-06-07 09:00:00,0.114685
2023-06-07 10:00:00,0.010406
2023-06-07 11:00:00,0.027435
2023-06-07 12:00:00,0.036926
2023-06-07 13:00:00,0.015320
2023-06-07 14:00:00,0.001221
2023-06-07 15:00:00,0.000488
2023-06-07 16:00:00,0.000488
2023-06-07 17:00:00,0.001038
2023-06-07 18:00:00,0.001465
2023-06-07 19:00:00,0.001984
2023-06-07 20:00:00,0.001953
2023-06-07 21:00:00,0.002380
2023-06-07 22:00:00,0.002167
2023-06-07 23:00:00,0.002960
2023-06-08 00:00:00,0.002380
2023-06-08 01:00:00,0.001648
2023-06-08 02:00:00,0.000793
2023-06-08 03:00:00,0.000549
2023-06-08 04:00:00,0.000305
2023-06-08 05:00:00,0.000092
2023-06-08 06:00:00,0.054993
2023-06-08 07:00:00,0.048431
2023-06-08 08:00:00,0.018036
2023-06-08 09:00:00,0.008270
2023-06-08 10:00:00,0.030273
2023-06-08 11:00:00,0.030090
2023-06-08 12:00:00,0.123047
2023-06-08 13:00:00,0.093384
2023-06-08 14:00:00,0.014648
2023-06-08 15:00:00,0.010437
2023-06-08 16:00:00,0.014801
2023-06-08 17:00:00,0.015564
2023-06-08 18:00:00,0.013489
2023-06-08 19:00:00,0.011719
2023-06-08 20:00:00,0.009766
2023-06-08 21:00:00,0.006927
2023-06-08 22:00:00,0.002869
2023-06-08 23:00:00,0.001587
2023-06-09 00:00:00,0.001160
2023-06-09 01:00:00,0.000793
2023-06-09 02:00:00,0.000305
2023-06-09 03:00:00,0.000061
2023-06-09 04:00:00,0.000000
2023-06-09 05:00:00,0.011963
2023-06-09 06:00:00,0.013855
2023-06-09 07:00:00,0.014343
2023-06-09 08:00:00,0.014343
2023-06-09 09:00:00,0.012115
2023-06-09 10:00:00,0.068909
2023-06-09 11:00:00,0.118652
2023-06-09 12:00:00,0.110535
2023-06-09 13:00:00,0.174927
2023-06-09 14:00:00,0.118896
2023-06-09 15:00:00,0.049500
2023-06-09 16:00:00,0.038483
2023-06-09 17:00:00,0.043488
2023-06-09 18:00:00,0.038269
2023-06-09 19:00:00,0.019714
2023-06-09 20:00:00,0.013367
2023-06-09 21:00:00,0.011658
2023-06-09 22:00:00,0.019104
2023-06-09 23:00:00,0.060120
2023-06-10 00:00:00,0.029663
2023-06-10 01:00:00,0.012939
2023-06-10 02:00:00,0.006653
2023-06-10 03:00:00,0.003967
2023-06-10 04:00:00,0.005188
2023-06-10 05:00:00,0.017517
2023-06-10 06:00:00,0.080627
2023-06-10 07:00:00,0.093079
2023-06-10 08:00:00,0.068665
2023-06-10 09:00:00,0.026184
2023-06-10 10:00:00,0.056702
2023-06-10 11:00:00,0.107971
2023-06-10 12:00:00,0.078369
2023-06-10 13:00:00,0.073792
2023-06-10 14:00:00,0.052185
2023-06-10 15:00:00,0.026489
2023-06-10 16:00:00,0.021484
2023-06-10 17:00:00,0.020508
2023-06-10 18:00:00,0.029968
2023-06-10 19:00:00,0.028503
2023-06-10 20:00:00,0.020142
2023-06-10 21:00:00,0.017334
2023-06-10 22:00:00,0.023315
2023-06-10 23:00:00,0.020447
2023-06-11 00:00:00,0.013916
2023-06-11 01:00:00,0.009705
2023-06-11 02:00:00,0.008057
2023-06-11 03:00:00,0.005554
2023-06-11 04:00:00,0.004883
2023-06-11 05:00:00,0.006653
2023-06-11 06:00:00,0.012939
2023-06-11 07:00:00,0.020447
2023-06-11 08:00:00,0.208954
2023-06-11 09:00:00,0.124634
2023-06-11 10:00:00,0.069031
2023-06-11 11:00:00,0.101196
2023-06-11 12:00:00,0.085205
2023-06-11 13:00:00,0.070007
2023-06-11 14:00:00,0.022888
2023-06-11 15:00:00,0.006653
2023-06-11 16:00:00,0.002319
2023-06-11 17:00:00,0.001221
2023-06-11 18:00:00,0.001282
2023-06-11 19:00:00,0.001831
2023-06-11 20:00:00,0.002136
2023-06-11 21:00:00,0.001892
2023-06-11 22:00:00,0.069824
2023-06-11 23:00:00,0.068726
2023-06-12 00:00:00,0.025635
2023-06-12 01:00:00,0.002197
2023-06-12 02:00:00,0.000244
2023-06-12 03:00:00,0.000061
2023-06-12 04:00:00,0.000000
2023-06-12 05:00:00,0.003845
2023-06-12 06:00:00,0.006897
2023-06-12 07:00:00,0.006866
2023-06-12 08:00:00,0.004639
2023-06-12 09:00:00,0.004456
2023-06-12 10:00:00,0.003357
2023-06-12 11:00:00,0.027832
2023-06-12 12:00:00,0.066833
2023-06-12 13:00:00,0.067505
2023-06-12 14:00:00,0.031494
2023-06-12 15:00:00,0.019806
2023-06-12 16:00:00,0.015625
2023-06-12 17:00:00,0.012146
2023-06-12 18:00:00,0.010620
2023-06-12 19:00:00,0.009216
2023-06-12 20:00:00,0.007446
2023-06-12 21:00:00,0.005798
2023-06-12 22:00:00,0.066589
2023-06-12 23:00:00,0.024353
2023-06-13 00:00:00,0.011780
2023-06-13 01:00:00,0.005798
2023-06-13 02:00:00,0.001526
2023-06-13 03:00:00,0.000549
2023-06-13 04:00:00,0.000610
2023-06-13 05:00:00,0.001434
2023-06-13 06:00:00,0.013947
2023-06-13 07:00:00,0.021027
2023-06-13 08:00:00,0.049316
2023-06-13 09:00:00,0.048462
2023-06-13 10:00:00,0.091675
2023-06-13 11:00:00,0.113281
2023-06-13 12:00:00,0.100037
2023-06-13 13:00:00,0.032349
2023-06-13 14:00:00,0.031860
2023-06-13 15:00:00,0.018799
2023-06-13 16:00:00,0.008667
2023-06-13 17:00:00,0.006226
2023-06-13 18:00:00,0.004700
2023-06-13 19:00:00,0.004028
2023-06-13 20:00:00,0.004242
2023-06-13 21:00:00,0.003967
2023-06-13 22:00:00,0.002563
2023-06-13 23:00:00,0.003235
2023-06-14 00:00:00,0.002197
2023-06-14 01:00:00,0.002136
2023-06-14 02:00:00,0.002075
2023-06-14 03:00:00,0.001526
2023-06-14 04:00:00,0.002441
2023-06-14 05:00:00,0.012360
2023-06-14 06:00:00,0.018860
2023-06-14 07:00:00,0.075989
2023-06-14 08:00:00,0.076172
2023-06-14 09:00:00,0.077332
2023-06-14 10:00:00,0.044678
2023-06-14 11:00:00,0.084412
2023-06-14 12:00:00,0.076660
2023-06-14 13:00:00,0.079102
2023-06-14 14:00:00,0.079346
2023-06-14 15:00:00,0.051331
2023-06-14 16:00:00,0.013184
2023-06-14 17:00:00,0.006348
2023-06-14 18:00:00,0.016296
2023-06-14 19:00:00,0.021240
2023-06-14 20:00:00,0.020752
2023-06-14 21:00:00,0.022766
2023-06-14 22:00:00,0.045959
2023-06-14 23:00:00,0.172668
2023-06-15 00:00:00,0.123383
2023-06-15 01:00:00,0.065979
2023-06-15 02:00:00,0.062866
2023-06-15 03:00:00,0.198792
2023-06-15 04:00:00,0.081665
2023-06-15 05:00:00,0.098267
2023-06-15 06:00:00,0.071167
2023-06-15 07:00:00,0.062073
2023-06-15 08:00:00,0.049042
2023-06-15 09:00:00,0.042847
2023-06-15 10:00:00,0.034424
2023-06-15 11:00:00,0.079773
2023-06-15 12:00:00,0.045349
2023-06-15 13:00:00,0.056549
2023-06-15 14:00:00,0.039551
2023-06-15 15:00:00,0.046051
2023-06-15 16:00:00,0.067200
2023-06-15 17:00:00,0.073303
2023-06-15 18:00:00,0.057068
2023-06-15 19:00:00,0.048157
2023-06-15 20:00:00,0.045288
2023-06-15 21:00:00,0.044250
2023-06-15 22:00:00,0.151611
2023-06-15 23:00:00,0.124756
2023-06-16 00:00:00,0.067749
2023-06-16 01:00:00,0.061493
2023-06-16 02:00:00,0.051422
2023-06-16 03:00:00,0.038971
2023-06-16 04:00:00,0.037018
2023-06-16 05:00:00,0.034973
2023-06-16 06:00:00,0.018677
2023-06-16 07:00:00,0.016357
2023-06-16 08:00:00,0.056458
2023-06-16 09:00:00,0.205627
2023-06-16 10:00:00,0.070557
2023-06-16 11:00:00,0.019653
2023-06-16 12:00:00,0.029114
2023-06-16 13:00:00,0.013855
2023-06-16 14:00:00,0.015686
2023-06-16 15:00:00,0.023132
2023-06-16 16:00:00,0.039886
2023-06-16 17:00:00,0.044617
2023-06-16 18:00:00,0.055328
2023-06-16 19:00:00,0.052216
2023-06-16 20:00:00,0.051849
2023-06-16 21:00:00,0.055969
2023-06-16 22:00:00,0.086060
2023-06-16 23:00:00,0.097595
2023-06-17 00:00:00,0.077087
2023-06-17 01:00:00,0.028717
2023-06-17 02:00:00,0.016327
2023-06-17 03:00:00,0.009888
2023-06-17 04:00:00,0.013794
2023-06-17 05:00:00,0.025635
2023-06-17 06:00:00,0.018494
2023-06-17 07:00:00,0.018097
2023-06-17 08:00:00,0.018738
2023-06-17 09:00:00,0.023193
2023-06-17 10:00:00,0.029388
2023-06-17 11:00:00,0.049713
2023-06-17 12:00:00,0.221497
2023-06-17 13:00:00,0.168213
2023-06-17 14:00:00,0.095001
2023-06-17 15:00:00,0.061401
2023-06-17 16:00:00,0.070984
2023-06-17 17:00:00,0.093262
2023-06-17 18:00:00,0.148926
2023-06-17 19:00:00,0.123444
2023-06-17 20:00:00,0.144165
2023-06-17 21:00:00,0.168182
2023-06-17 22:00:00,0.090973
2023-06-17 23:00:00,0.104980
2023-06-18 00:00:00,0.108307
2023-06-18 01:00:00,0.217224
2023-06-18 02:00:00,0.236938
2023-06-18 03:00:00,0.161926
2023-06-18 04:00:00,0.127625
2023-06-18 05:00:00,0.092163
2023-06-18 06:00:00,0.093811
2023-06-18 07:00:00,0.061707
2023-06-18 08:00:00,0.076294
2023-06-18 09:00:00,0.128052
2023-06-18 10:00:00,0.271851
2023-06-18 11:00:00,0.152588
2023-06-18 12:00:00,0.085449
2023-06-18 13:00:00,0.086121
2023-06-18 14:00:00,0.093018
2023-06-18 15:00:00,0.118103
2023-06-18 16:00:00,0.038208
2023-06-18 17:00:00,0.052307
2023-06-18 18:00:00,0.098938
2023-06-18 19:00:00,0.100708
2023-06-18 20:00:00,0.104675
2023-06-18 21:00:00,0.107422
2023-06-18 22:00:00,0.104675
2023-06-18 23:00:00,0.052185
2023-06-19 00:00:00,0.179993
2023-06-19 01:00:00,0.359009
2023-06-19 02:00:00,0.360809
2023-06-19 03:00:00,0.350037
2023-06-19 04:00:00,0.231750
2023-06-19 05:00:00,0.135071
2023-06-19 06:00:00,0.140442
2023-06-19 07:00:00,0.044250
2023-06-19 08:00:00,0.017517
2023-06-19 09:00:00,0.049316
2023-06-19 10:00:00,0.109009
2023-06-19 11:00:00,0.093018
2023-06-19 12:00:00,0.081421
2023-06-19 13:00:00,0.026489
2023-06-19 14:00:00,0.029114
2023-06-19 15:00:00,0.030396
2023-06-19 16:00:00,0.036011
2023-06-19 17:00:00,0.077881
2023-06-19 18:00:00,0.157288
2023-06-19 19:00:00,0.182434
2023-06-19 20:00:00,0.165588
2023-06-19 21:00:00,0.181091
2023-06-19 22:00:00,0.117981
2023-06-19 23:00:00,0.191956
2023-06-20 00:00:00,0.382935
2023-06-20 01:00:00,0.308228
2023-06-20 02:00:00,0.147217
2023-06-20 03:00:00,0.134033
2023-06-20 04:00:00,0.157043
2023-06-20 05:00:00,0.213867
2023-06-20 06:00:00,0.216553
2023-06-20 07:00:00,0.122986
2023-06-20 08:00:00,0.072876
2023-06-20 09:00:00,0.026062
2023-06-20 10:00:00,0.103394
2023-06-20 11:00:00,0.056824
2023-06-20 12:00:00,0.142761
2023-06-20 13:00:00,0.078247
2023-06-20 14:00:00,0.081909
2023-06-20 15:00:00,0.062561
2023-06-20 16:00:00,0.047363
2023-06-20 17:00:00,0.041504
2023-06-20 18:00:00,0.046997
2023-06-20 19:00:00,0.060028
2023-06-20 20:00:00,0.062744
2023-06-20 21:00:00,0.077637
2023-06-20 22:00:00,0.119415
2023-06-20 23:00:00,0.207886
2023-06-21 00:00:00,0.144165
2023-06-21 01:00:00,0.111206
2023-06-21 02:00:00,0.122437
2023-06-21 03:00:00,0.075745
2023-06-21 04:00:00,0.167297
2023-06-21 05:00:00,0.150574
2023-06-21 06:00:00,0.117371
2023-06-21 07:00:00,0.091034
2023-06-21 08:00:00,0.090912
2023-06-21 09:00:00,0.091614
2023-06-21 10:00:00,0.074066
2023-06-21 11:00:00,0.061035
2023-06-21 12:00:00,0.045868
2023-06-21 13:00:00,0.073486
2023-06-21 14:00:00,0.064575
2023-06-21 15:00:00,0.058044
2023-06-21 16:00:00,0.096252
2023-06-21 17:00:00,0.132874
2023-06-21 18:00:00,0.124268
2023-06-21 19:00:00,0.109436
2023-06-21 20:00:00,0.131226
2023-06-21 21:00:00,0.296417
2023-06-21 22:00:00,0.110077
2023-06-21 23:00:00,0.127106
2023-06-22 00:00:00,0.239685
2023-06-22 01:00:00,0.190918
2023-06-22 02:00:00,0.182983
2023-06-22 03:00:00,0.231720
2023-06-22 04:00:00,0.141052
2023-06-22 05:00:00,0.330017
2023-06-22 06:00:00,0.261658
2023-06-22 07:00:00,0.084106
2023-06-22 08:00:00,0.054291
2023-06-22 09:00:00,0.026398
2023-06-22 10:00:00,0.014374
2023-06-22 11:00:00,0.013794
2023-06-22 12:00:00,0.009766
2023-06-22 13:00:00,0.004822
2023-06-22 14:00:00,0.006897
2023-06-22 15:00:00,0.007599
2023-06-22 16:00:00,0.012482
2023-06-22 17:00:00,0.049927
2023-06-22 18:00:00,0.080139
2023-06-22 19:00:00,0.103821
2023-06-22 20:00:00,0.068054
2023-06-22 21:00:00,0.181152
2023-06-22 22:00:00,0.163025
2023-06-22 23:00:00,0.183289
2023-06-23 00:00:00,0.125092
2023-06-23 01:00:00,0.082886
2023-06-23 02:00:00,0.034180
2023-06-23 03:00:00,0.106812
2023-06-23 04:00:00,0.096741
2023-06-23 05:00:00,0.097290
2023-06-23 06:00:00,0.053040
2023-06-23 07:00:00,0.144836
2023-06-23 08:00:00,0.203552
2023-06-23 09:00:00,0.160095
2023-06-23 10:00:00,0.031433
2023-06-23 11:00:00,0.034180
2023-06-23 12:00:00,0.029419
2023-06-23 13:00:00,0.023224
2023-06-23 14:00:00,0.025452
2023-06-23 15:00:00,0.019928
2023-06-23 16:00:00,0.018585
2023-06-23 17:00:00,0.023163
2023-06-23 18:00:00,0.025421
2023-06-23 19:00:00,0.035156
2023-06-23 20:00:00,0.066162
2023-06-23 21:00:00,0.107910
2023-06-23 22:00:00,0.176758
2023-06-23 23:00:00,0.158936
2023-06-24 00:00:00,0.112610
2023-06-24 01:00:00,0.049194
2023-06-24 02:00:00,0.124756
2023-06-24 03:00:00,0.059570
2023-06-24 04:00:00,0.022949
2023-06-24 05:00:00,0.040833
2023-06-24 06:00:00,0.040344
2023-06-24 07:00:00,0.019775
2023-06-24 08:00:00,0.007599
2023-06-24 09:00:00,0.007141
2023-06-24 10:00:00,0.002380
2023-06-24 11:00:00,0.001831
2023-06-24 12:00:00,0.000610
2023-06-24 13:00:00,0.001099
2023-06-24 14:00:00,0.002472
2023-06-24 15:00:00,0.005188
2023-06-24 16:00:00,0.022766
2023-06-24 17:00:00,0.112793
2023-06-24 18:00:00,0.141907
2023-06-24 19:00:00,0.132690
2023-06-24 20:00:00,0.132141
2023-06-24 21:00:00,0.166565
2023-06-24 22:00:00,0.136780
2023-06-24 23:00:00,1.053894
2023-06-25 00:00:00,1.391174
2023-06-25 01:00:00,1.933899
2023-06-25 02:00:00,1.489960
2023-06-25 03:00:00,0.445435
2023-06-25 04:00:00,0.156128
2023-06-25 05:00:00,0.120819
2023-06-25 06:00:00,0.196533
2023-06-25 07:00:00,0.240417
2023-06-25 08:00:00,0.158752
2023-06-25 09:00:00,0.014771
2023-06-25 10:00:00,0.030762
2023-06-25 11:00:00,0.012085
2023-06-25 12:00:00,0.105591
2023-06-25 13:00:00,0.267334
2023-06-25 14:00:00,0.501282
2023-06-25 15:00:00,0.596924
2023-06-25 16:00:00,0.497009
2023-06-25 17:00:00,0.373413
2023-06-25 18:00:00,0.283630
2023-06-25 19:00:00,0.151550
2023-06-25 20:00:00,0.081482
2023-06-25 21:00:00,0.099548
2023-06-25 22:00:00,0.406921
2023-06-25 23:00:00,0.363098
2023-06-26 00:00:00,0.389404
2023-06-26 01:00:00,0.167023
2023-06-26 02:00:00,0.136658
2023-06-26 03:00:00,0.180298
2023-06-26 04:00:00,0.246277
2023-06-26 05:00:00,0.217621
2023-06-26 06:00:00,0.122803
2023-06-26 07:00:00,0.034058
2023-06-26 08:00:00,0.040344
2023-06-26 09:00:00,0.042175
2023-06-26 10:00:00,0.049255
2023-06-26 11:00:00,0.060852
2023-06-26 12:00:00,0.420593
2023-06-26 13:00:00,0.209961
2023-06-26 14:00:00,0.122620
2023-06-26 15:00:00,0.159943
2023-06-26 16:00:00,0.165344
2023-06-26 17:00:00,0.178955
2023-06-26 18:00:00,0.257629
2023-06-26 19:00:00,0.086426
2023-06-26 20:00:00,0.032654
2023-06-26 21:00:00,0.027649
2023-06-26 22:00:00,0.130371
2023-06-26 23:00:00,0.055237
2023-06-27 00:00:00,0.148804
2023-06-27 01:00:00,0.120636
2023-06-27 02:00:00,0.082581
2023-06-27 03:00:00,0.198883
2023-06-27 04:00:00,0.128418
2023-06-27 05:00:00,0.129272
2023-06-27 06:00:00,0.140564
2023-06-27 07:00:00,0.106506
2023-06-27 08:00:00,0.070312
2023-06-27 09:00:00,0.046448
2023-06-27 10:00:00,0.150543
2023-06-27 11:00:00,0.072388
2023-06-27 12:00:00,0.117493
2023-06-27 13:00:00,0.123291
2023-06-27 14:00:00,0.095825
2023-06-27 15:00:00,0.071960
2023-06-27 16:00:00,0.076599
2023-06-27 17:00:00,0.076447
2023-06-27 18:00:00,0.080719
2023-06-27 19:00:00,0.094971
2023-06-27 20:00:00,0.106934
2023-06-27 21:00:00,0.114319
2023-06-27 22:00:00,0.170654
2023-06-27 23:00:00,0.109253
2023-06-28 00:00:00,0.151245
2023-06-28 01:00:00,0.202393
2023-06-28 02:00:00,0.186523
2023-06-28 03:00:00,0.147614
2023-06-28 04:00:00,0.154724
2023-06-28 05:00:00,0.161072
2023-06-28 06:00:00,0.226440
2023-06-28 07:00:00,0.153076
2023-06-28 08:00:00,0.080261
2023-06-28 09:00:00,0.058655
2023-06-28 10:00:00,0.115173
2023-06-28 11:00:00,0.049896
2023-06-28 12:00:00,0.157166
2023-06-28 13:00:00,0.019043
2023-06-28 14:00:00,0.032532
2023-06-28 15:00:00,0.021332
2023-06-28 16:00:00,0.017578
2023-06-28 17:00:00,0.012329
2023-06-28 18:00:00,0.013245
2023-06-28 19:00:00,0.025787
2023-06-28 20:00:00,0.049011
2023-06-28 21:00:00,0.051880
2023-06-28 22:00:00,0.132935
2023-06-28 23:00:00,0.164429
2023-06-29 00:00:00,0.306976
2023-06-29 01:00:00,0.216949
2023-06-29 02:00:00,0.410187
2023-06-29 03:00:00,0.601685
2023-06-29 04:00:00,0.623962
2023-06-29 05:00:00,0.709045
2023-06-29 06:00:00,0.850159
2023-06-29 07:00:00,0.817078
2023-06-29 08:00:00,0.514893
2023-06-29 09:00:00,0.470215
2023-06-29 10:00:00,0.139587
2023-06-29 11:00:00,0.008484
2023-06-29 12:00:00,0.009521
2023-06-29 13:00:00,0.002380
2023-06-29 14:00:00,0.002075
2023-06-29 15:00:00,0.002716
2023-06-29 16:00:00,0.003815
2023-06-29 17:00:00,0.015076
2023-06-29 18:00:00,0.064636
2023-06-29 19:00:00,0.061646
2023-06-29 20:00:00,0.073303
2023-06-29 21:00:00,0.048584
2023-06-29 22:00:00,0.063416
2023-06-29 23:00:00,0.050415
2023-06-30 00:00:00,0.092163
2023-06-30 01:00:00,0.046539
2023-06-30 02:00:00,0.018127
2023-06-30 03:00:00,0.027466
2023-06-30 04:00:00,0.007172
2023-06-30 05:00:00,0.029724
2023-06-30 06:00:00,0.046997
2023-06-30 07:00:00,0.052032
2023-06-30 08:00:00,0.037537
2023-06-30 09:00:00,0.238220
2023-06-30 10:00:00,0.284515
2023-06-30 11:00:00,0.196594
2023-06-30 12:00:00,0.075348
2023-06-30 13:00:00,0.080933
2023-06-30 14:00:00,0.051392
2023-06-30 15:00:00,0.041016
2023-06-30 16:00:00,0.026184
2023-06-30 17:00:00,0.018616
2023-06-30 18:00:00,0.016846
2023-06-30 19:00:00,0.016113
2023-06-30 20:00:00,0.022644
2023-06-30 21:00:00,0.028137
2023-06-30 22:00:00,0.023682
2023-06-30 23:00:00,0.047424
2023-07-01 00:00:00,0.144775
2023-07-01 01:00:00,0.131958
2023-07-01 02:00:00,0.055450
2023-07-01 03:00:00,0.062927
2023-07-01 04:00:00,0.062897
2023-07-01 05:00:00,0.091736
2023-07-01 06:00:00,0.107391
2023-07-01 07:00:00,0.125214
2023-07-01 08:00:00,0.207947
2023-07-01 09:00:00,0.132782
2023-07-01 10:00:00,0.144073
2023-07-01 11:00:00,0.131378
2023-07-01 12:00:00,0.147705
2023-07-01 13:00:00,0.084534
2023-07-01 14:00:00,0.073853
2023-07-01 15:00:00,0.075073
2023-07-01 16:00:00,0.067932
2023-07-01 17:00:00,0.081604
2023-07-01 18:00:00,0.085999
2023-07-01 19:00:00,0.085907
2023-07-01 20:00:00,0.090576
2023-07-01 21:00:00,0.040314
2023-07-01 22:00:00,0.020233
2023-07-01 23:00:00,0.013153
2023-07-02 00:00:00,0.008026
2023-07-02 01:00:00,0.005554
2023-07-02 02:00:00,0.007599
2023-07-02 03:00:00,0.014343
2023-07-02 04:00:00,0.039734
2023-07-02 05:00:00,0.067810
2023-07-02 06:00:00,0.072144
2023-07-02 07:00:00,0.091980
2023-07-02 08:00:00,0.089020
2023-07-02 09:00:00,0.062531
2023-07-02 10:00:00,0.011139
2023-07-02 11:00:00,0.014954
2023-07-02 12:00:00,0.012207
2023-07-02 13:00:00,0.011993
2023-07-02 14:00:00,0.019348
2023-07-02 15:00:00,0.018616
2023-07-02 16:00:00,0.010803
2023-07-02 17:00:00,0.007202
2023-07-02 18:00:00,0.005310
2023-07-02 19:00:00,0.004150
2023-07-02 20:00:00,0.004395
2023-07-02 21:00:00,0.006104
2023-07-02 22:00:00,0.022156
2023-07-02 23:00:00,0.020752
2023-07-03 00:00:00,0.021851
2023-07-03 01:00:00,0.021210
2023-07-03 02:00:00,0.040924
2023-07-03 03:00:00,0.054901
2023-07-03 04:00:00,0.029785
2023-07-03 05:00:00,0.040649
2023-07-03 06:00:00,0.059387
2023-07-03 07:00:00,0.053650
2023-07-03 08:00:00,0.089630
2023-07-03 09:00:00,0.086731
2023-07-03 10:00:00,0.047485
2023-07-03 11:00:00,0.031799
2023-07-03 12:00:00,0.072510
2023-07-03 13:00:00,0.064880
2023-07-03 14:00:00,0.055786
2023-07-03 15:00:00,0.044983
2023-07-03 16:00:00,0.048798
2023-07-03 17:00:00,0.059540
2023-07-03 18:00:00,0.058594
2023-07-03 19:00:00,0.054504
2023-07-03 20:00:00,0.099487
2023-07-03 21:00:00,0.217163
2023-07-03 22:00:00,0.326416
2023-07-03 23:00:00,0.328857
2023-07-04 00:00:00,0.361938
2023-07-04 01:00:00,0.214905
2023-07-04 02:00:00,0.107635
2023-07-04 03:00:00,0.104858
2023-07-04 04:00:00,0.084717
2023-07-04 05:00:00,0.208313
2023-07-04 06:00:00,0.121674
2023-07-04 07:00:00,0.074005
2023-07-04 08:00:00,0.122772
2023-07-04 09:00:00,0.098083
2023-07-04 10:00:00,0.071594
2023-07-04 11:00:00,0.112671
2023-07-04 12:00:00,0.120544
2023-07-04 13:00:00,0.149841
2023-07-04 14:00:00,0.066040
2023-07-04 15:00:00,0.048828
2023-07-04 16:00:00,0.048767
2023-07-04 17:00:00,0.038086
2023-07-04 18:00:00,0.030945
2023-07-04 19:00:00,0.034332
2023-07-04 20:00:00,0.039795
2023-07-04 21:00:00,0.041992
2023-07-04 22:00:00,0.031555
2023-07-04 23:00:00,0.015869
2023-07-05 00:00:00,0.169922
2023-07-05 01:00:00,0.227600
2023-07-05 02:00:00,0.061340
2023-07-05 03:00:00,0.078186
2023-07-05 04:00:00,0.178253
2023-07-05 05:00:00,0.214294
2023-07-05 06:00:00,0.267548
2023-07-05 07:00:00,0.187653
2023-07-05 08:00:00,0.116821
2023-07-05 09:00:00,0.117432
2023-07-05 10:00:00,0.430054
2023-07-05 11:00:00,0.274323
2023-07-05 12:00:00,0.191376
2023-07-05 13:00:00,0.143494
2023-07-05 14:00:00,0.073975
2023-07-05 15:00:00,0.040894
2023-07-05 16:00:00,0.032043
2023-07-05 17:00:00,0.023071
2023-07-05 18:00:00,0.023804
2023-07-05 19:00:00,0.026001
2023-07-05 20:00:00,0.026489
2023-07-05 21:00:00,0.025574
2023-07-05 22:00:00,0.071289
2023-07-05 23:00:00,0.091309
2023-07-06 00:00:00,0.128326
2023-07-06 01:00:00,0.156281
2023-07-06 02:00:00,0.136505
2023-07-06 03:00:00,0.129364
2023-07-06 04:00:00,0.299927
2023-07-06 05:00:00,0.208069
2023-07-06 06:00:00,0.053497
2023-07-06 07:00:00,0.065369
2023-07-06 08:00:00,0.136200
2023-07-06 09:00:00,0.062561
2023-07-06 10:00:00,0.187256
2023-07-06 11:00:00,0.113373
2023-07-06 12:00:00,0.114868
2023-07-06 13:00:00,0.108948
2023-07-06 14:00:00,0.064301
2023-07-06 15:00:00,0.037292
2023-07-06 16:00:00,0.022064
2023-07-06 17:00:00,0.030640
2023-07-06 18:00:00,0.028198
2023-07-06 19:00:00,0.016174
2023-07-06 20:00:00,0.024017
2023-07-06 21:00:00,0.055695
2023-07-06 22:00:00,0.168396
2023-07-06 23:00:00,0.100098
2023-07-07 00:00:00,0.105835
2023-07-07 01:00:00,0.087585
2023-07-07 02:00:00,0.142242
2023-07-07 03:00:00,0.141174
2023-07-07 04:00:00,0.109985
2023-07-07 05:00:00,0.199402
2023-07-07 06:00:00,0.198273
2023-07-07 07:00:00,0.212189
2023-07-07 08:00:00,0.181976
2023-07-07 09:00:00,0.143433
2023-07-07 10:00:00,0.091064
2023-07-07 11:00:00,0.115387
2023-07-07 12:00:00,0.156219
2023-07-07 13:00:00,0.138367
2023-07-07 14:00:00,0.079681
2023-07-07 15:00:00,0.036469
2023-07-07 16:00:00,0.035095
2023-07-07 17:00:00,0.046692
2023-07-07 18:00:00,0.108704
2023-07-07 19:00:00,0.152100
2023-07-07 20:00:00,0.087280
2023-07-07 21:00:00,0.037964
2023-07-07 22:00:00,0.034058
2023-07-07 23:00:00,0.049316
2023-07-08 00:00:00,0.138123
2023-07-08 01:00:00,0.126831
2023-07-08 02:00:00,0.422668
2023-07-08 03:00:00,0.245422
2023-07-08 04:00:00,0.074646
2023-07-08 05:00:00,0.131531
2023-07-08 06:00:00,0.200806
2023-07-08 07:00:00,0.365875
2023-07-08 08:00:00,0.307129
2023-07-08 09:00:00,0.138672
2023-07-08 10:00:00,0.117126
2023-07-08 11:00:00,0.094360
2023-07-08 12:00:00,0.111755
2023-07-08 13:00:00,0.945801
2023-07-08 14:00:00,0.100952
2023-07-08 15:00:00,0.160889
2023-07-08 16:00:00,0.060181
2023-07-08 17:00:00,0.129700
2023-07-08 18:00:00,0.145325
2023-07-08 19:00:00,0.382477
2023-07-08 20:00:00,0.596680
2023-07-08 21:00:00,0.589874
2023-07-08 22:00:00,0.301636
2023-07-08 23:00:00,0.456665
2023-07-09 00:00:00,0.458557
2023-07-09 01:00:00,0.162170
2023-07-09 02:00:00,0.321808
2023-07-09 03:00:00,0.410645
2023-07-09 04:00:00,0.434967
2023-07-09 05:00:00,0.496490
2023-07-09 06:00:00,0.621460
2023-07-09 07:00:00,0.402649
2023-07-09 08:00:00,0.183655
2023-07-09 09:00:00,0.086243
2023-07-09 10:00:00,0.070557
2023-07-09 11:00:00,0.082825
2023-07-09 12:00:00,0.156067
2023-07-09 13:00:00,0.265839
2023-07-09 14:00:00,0.105682
2023-07-09 15:00:00,0.126038
2023-07-09 16:00:00,0.171631
2023-07-09 17:00:00,0.116577
2023-07-09 18:00:00,0.182983
2023-07-09 19:00:00,0.090271
2023-07-09 20:00:00,0.095520
2023-07-09 21:00:00,0.108032
2023-07-09 22:00:00,0.041321
2023-07-09 23:00:00,0.078918
2023-07-10 00:00:00,0.073700
2023-07-10 01:00:00,0.072632
2023-07-10 02:00:00,0.062500
2023-07-10 03:00:00,0.082306
2023-07-10 04:00:00,0.202057
2023-07-10 05:00:00,0.255341
2023-07-10 06:00:00,0.375275
2023-07-10 07:00:00,0.175385
2023-07-10 08:00:00,0.256531
2023-07-10 09:00:00,0.060211
2023-07-10 10:00:00,0.110840
2023-07-10 11:00:00,0.107239
2023-07-10 12:00:00,0.114685
2023-07-10 13:00:00,0.157776
2023-07-10 14:00:00,0.249634
2023-07-10 15:00:00,0.040283
2023-07-10 16:00:00,0.160706
2023-07-10 17:00:00,0.007202
2023-07-10 18:00:00,0.071899
2023-07-10 19:00:00,0.082611
2023-07-10 20:00:00,0.180603
2023-07-10 21:00:00,0.194763
2023-07-10 22:00:00,0.126526
2023-07-10 23:00:00,0.252808
2023-07-11 00:00:00,0.425018
2023-07-11 01:00:00,0.275421
2023-07-11 02:00:00,0.279022
2023-07-11 03:00:00,0.292053
2023-07-11 04:00:00,0.332123
2023-07-11 05:00:00,0.178558
2023-07-11 06:00:00,0.121399
2023-07-11 07:00:00,0.245728
2023-07-11 08:00:00,0.137665
2023-07-11 09:00:00,0.195923
2023-07-11 10:00:00,0.140930
2023-07-11 11:00:00,0.225739
2023-07-11 12:00:00,0.158905
2023-07-11 13:00:00,0.125732
2023-07-11 14:00:00,0.069611
2023-07-11 15:00:00,0.089539
2023-07-11 16:00:00,0.050720
2023-07-11 17:00:00,0.058960
2023-07-11 18:00:00,0.088501
2023-07-11 19:00:00,0.100769
2023-07-11 20:00:00,0.131470
2023-07-11 21:00:00,0.192688
2023-07-11 22:00:00,0.232880
2023-07-11 23:00:00,0.178162
2023-07-12 00:00:00,0.546143
2023-07-12 01:00:00,0.770752
2023-07-12 02:00:00,0.305054
2023-07-12 03:00:00,0.221313
2023-07-12 04:00:00,0.141724
2023-07-12 05:00:00,0.167175
2023-07-12 06:00:00,0.120422
2023-07-12 07:00:00,0.089081
2023-07-12 08:00:00,0.037384
2023-07-12 09:00:00,0.055298
2023-07-12 10:00:00,0.120667
2023-07-12 11:00:00,0.118958
2023-07-12 12:00:00,0.105194
2023-07-12 13:00:00,0.096008
2023-07-12 14:00:00,0.063843
2023-07-12 15:00:00,0.027405
2023-07-12 16:00:00,0.026733
2023-07-12 17:00:00,0.036926
2023-07-12 18:00:00,0.046082
2023-07-12 19:00:00,0.054565
2023-07-12 20:00:00,0.050018
2023-07-12 21:00:00,0.083984
2023-07-12 22:00:00,0.068848
2023-07-12 23:00:00,0.210938
2023-07-13 00:00:00,0.120605
2023-07-13 01:00:00,0.132538
2023-07-13 02:00:00,0.113037
2023-07-13 03:00:00,0.083984
2023-07-13 04:00:00,0.074524
2023-07-13 05:00:00,0.066711
2023-07-13 06:00:00,0.067871
2023-07-13 07:00:00,0.102997
2023-07-13 08:00:00,0.117188
2023-07-13 09:00:00,0.132202
2023-07-13 10:00:00,0.243469
2023-07-13 11:00:00,0.060486
2023-07-13 12:00:00,0.151062
2023-07-13 13:00:00,0.083618
2023-07-13 14:00:00,0.075195
2023-07-13 15:00:00,0.043640
2023-07-13 16:00:00,0.043427
2023-07-13 17:00:00,0.042175
2023-07-13 18:00:00,0.040833
2023-07-13 19:00:00,0.038025
2023-07-13 20:00:00,0.039795
2023-07-13 21:00:00,0.077332
2023-07-13 22:00:00,0.122375
2023-07-13 23:00:00,0.091553
2023-07-14 00:00:00,0.220886
2023-07-14 01:00:00,0.218109
2023-07-14 02:00:00,0.100311
2023-07-14 03:00:00,0.142242
2023-07-14 04:00:00,0.269470
2023-07-14 05:00:00,0.156860
2023-07-14 06:00:00,0.247009
2023-07-14 07:00:00,0.236450
2023-07-14 08:00:00,0.134033
2023-07-14 09:00:00,0.131592
2023-07-14 10:00:00,0.156311
2023-07-14 11:00:00,0.074951
2023-07-14 12:00:00,0.061829
2023-07-14 13:00:00,0.088379
2023-07-14 14:00:00,0.051880
2023-07-14 15:00:00,0.091614
2023-07-14 16:00:00,0.114014
2023-07-14 17:00:00,0.051392
2023-07-14 18:00:00,0.045990
2023-07-14 19:00:00,0.044891
2023-07-14 20:00:00,0.069763
2023-07-14 21:00:00,0.130737
2023-07-14 22:00:00,0.083893
2023-07-14 23:00:00,0.046875
2023-07-15 00:00:00,0.297913
2023-07-15 01:00:00,0.207184
2023-07-15 02:00:00,0.165894
2023-07-15 03:00:00,0.166931
2023-07-15 04:00:00,0.118774
2023-07-15 05:00:00,0.127625
2023-07-15 06:00:00,0.111084
2023-07-15 07:00:00,0.096588
2023-07-15 08:00:00,0.081757
2023-07-15 09:00:00,0.052917
2023-07-15 10:00:00,0.325439
2023-07-15 11:00:00,0.077240
2023-07-15 12:00:00,0.089020
2023-07-15 13:00:00,0.214996
2023-07-15 14:00:00,0.156403
2023-07-15 15:00:00,0.144714
2023-07-15 16:00:00,0.091919
2023-07-15 17:00:00,0.171265
2023-07-15 18:00:00,0.053894
2023-07-15 19:00:00,0.020752
2023-07-15 20:00:00,0.132141
2023-07-15 21:00:00,0.164276
2023-07-15 22:00:00,0.077576
2023-07-15 23:00:00,0.155945
2023-07-16 00:00:00,0.328308
2023-07-16 01:00:00,0.518188
2023-07-16 02:00:00,0.424072
2023-07-16 03:00:00,0.271423
2023-07-16 04:00:00,0.087646
2023-07-16 05:00:00,0.048492
2023-07-16 06:00:00,0.177917
2023-07-16 07:00:00,0.268768
2023-07-16 08:00:00,0.117310
2023-07-16 09:00:00,0.121704
2023-07-16 10:00:00,0.069519
2023-07-16 11:00:00,0.114532
2023-07-16 12:00:00,0.141327
2023-07-16 13:00:00,0.104828
2023-07-16 14:00:00,0.092804
2023-07-16 15:00:00,0.095856
2023-07-16 16:00:00,0.063477
2023-07-16 17:00:00,0.057556
2023-07-16 18:00:00,0.084534
2023-07-16 19:00:00,0.082245
2023-07-16 20:00:00,0.098846
2023-07-16 21:00:00,0.110870
2023-07-16 22:00:00,0.040009
2023-07-16 23:00:00,0.081726
2023-07-17 00:00:00,0.063049
2023-07-17 01:00:00,0.118591
2023-07-17 02:00:00,0.171387
2023-07-17 03:00:00,0.167358
2023-07-17 04:00:00,0.161896
2023-07-17 05:00:00,0.222748
2023-07-17 06:00:00,0.259277
2023-07-17 07:00:00,0.150177
2023-07-17 08:00:00,0.167328
2023-07-17 09:00:00,0.097656
2023-07-17 10:00:00,0.114594
2023-07-17 11:00:00,0.105438
2023-07-17 12:00:00,0.122894
2023-07-17 13:00:00,0.105133
2023-07-17 14:00:00,0.114502
2023-07-17 15:00:00,0.275635
2023-07-17 16:00:00,0.164246
2023-07-17 17:00:00,0.105286
2023-07-17 18:00:00,0.080139
2023-07-17 19:00:00,0.102417
2023-07-17 20:00:00,0.140076
2023-07-17 21:00:00,0.185333
2023-07-17 22:00:00,0.130859
2023-07-17 23:00:00,0.135590
2023-07-18 00:00:00,0.108002
2023-07-18 01:00:00,0.056610
2023-07-18 02:00:00,0.090332
2023-07-18 03:00:00,0.086121
2023-07-18 04:00:00,0.119232
2023-07-18 05:00:00,0.091431
2023-07-18 06:00:00,0.070374
2023-07-18 07:00:00,0.054901
2023-07-18 08:00:00,0.035339
2023-07-18 09:00:00,0.030975
2023-07-18 10:00:00,0.049713
2023-07-18 11:00:00,0.057617
2023-07-18 12:00:00,0.104614
2023-07-18 13:00:00,0.225403
2023-07-18 14:00:00,0.156494
2023-07-18 15:00:00,0.110352
2023-07-18 16:00:00,0.049927
2023-07-18 17:00:00,0.057861
2023-07-18 18:00:00,0.060608
2023-07-18 19:00:00,0.064270
2023-07-18 20:00:00,0.083984
2023-07-18 21:00:00,0.094482
2023-07-18 22:00:00,0.142242
2023-07-18 23:00:00,0.119873
2023-07-19 00:00:00,0.103241
2023-07-19 01:00:00,0.163849
2023-07-19 02:00:00,0.117798
2023-07-19 03:00:00,0.071289
2023-07-19 04:00:00,0.047485
2023-07-19 05:00:00,0.069031
2023-07-19 06:00:00,0.106567
2023-07-19 07:00:00,0.110168
2023-07-19 08:00:00,0.167542
2023-07-19 09:00:00,0.156677
2023-07-19 10:00:00,0.067749
2023-07-19 11:00:00,0.061890
2023-07-19 12:00:00,0.092529
2023-07-19 13:00:00,0.099976
2023-07-19 14:00:00,0.107178
2023-07-19 15:00:00,0.107910
2023-07-19 16:00:00,0.102600
2023-07-19 17:00:00,0.072388
2023-07-19 18:00:00,0.034546
2023-07-19 19:00:00,0.026550
2023-07-19 20:00:00,0.033356
2023-07-19 21:00:00,0.038025
2023-07-19 22:00:00,0.110779
2023-07-19 23:00:00,0.090332
2023-07-20 00:00:00,0.029053
2023-07-20 01:00:00,0.000977
2023-07-20 02:00:00,0.003418
2023-07-20 03:00:00,0.052979
2023-07-20 04:00:00,0.160767
2023-07-20 05:00:00,0.088623
2023-07-20 06:00:00,0.069824
2023-07-20 07:00:00,0.064209
2023-07-20 08:00:00,0.042480
2023-07-20 09:00:00,0.064392
2023-07-20 10:00:00,0.109283
2023-07-20 11:00:00,0.081421
2023-07-20 12:00:00,0.142059
2023-07-20 13:00:00,0.197021
2023-07-20 14:00:00,0.315125
2023-07-20 15:00:00,0.166840
2023-07-20 16:00:00,0.139648
2023-07-20 17:00:00,0.074463
2023-07-20 18:00:00,0.027405
2023-07-20 19:00:00,0.112122
2023-07-20 20:00:00,0.080566
2023-07-20 21:00:00,0.007019
2023-07-20 22:00:00,0.119568
2023-07-20 23:00:00,0.102966
2023-07-21 00:00:00,0.123169
2023-07-21 01:00:00,0.175964
2023-07-21 02:00:00,0.221497
2023-07-21 03:00:00,0.149597
2023-07-21 04:00:00,0.045593
2023-07-21 05:00:00,0.039703
2023-07-21 06:00:00,0.096863
2023-07-21 07:00:00,0.123993
2023-07-21 08:00:00,0.057922
2023-07-21 09:00:00,0.040924
2023-07-21 10:00:00,0.070770
2023-07-21 11:00:00,0.049500
2023-07-21 12:00:00,0.047241
2023-07-21 13:00:00,0.051483
2023-07-21 14:00:00,0.055695
2023-07-21 15:00:00,0.061340
2023-07-21 16:00:00,0.042175
2023-07-21 17:00:00,0.027222
2023-07-21 18:00:00,0.012268
2023-07-21 19:00:00,0.012390
2023-07-21 20:00:00,0.015564
2023-07-21 21:00:00,0.011719
2023-07-21 22:00:00,0.003906
2023-07-21 23:00:00,0.028015
2023-07-22 00:00:00,0.022766
2023-07-22 01:00:00,0.008362
2023-07-22 02:00:00,0.018433
2023-07-22 03:00:00,0.059998
2023-07-22 04:00:00,0.321533
2023-07-22 05:00:00,0.456665
2023-07-22 06:00:00,0.431427
2023-07-22 07:00:00,0.245300
2023-07-22 08:00:00,0.141968
2023-07-22 09:00:00,0.093994
2023-07-22 10:00:00,0.147766
2023-07-22 11:00:00,0.056366
2023-07-22 12:00:00,0.041046
2023-07-22 13:00:00,0.042206
2023-07-22 14:00:00,0.029358
2023-07-22 15:00:00,0.020325
2023-07-22 16:00:00,0.013306
2023-07-22 17:00:00,0.011566
2023-07-22 18:00:00,0.008881
2023-07-22 19:00:00,0.005676
2023-07-22 20:00:00,0.003967
2023-07-22 21:00:00,0.006470
2023-07-22 22:00:00,0.035217
2023-07-22 23:00:00,0.053284
2023-07-23 00:00:00,0.004974
2023-07-23 01:00:00,0.013550
2023-07-23 02:00:00,0.030701
2023-07-23 03:00:00,0.024536
2023-07-23 04:00:00,0.036133
2023-07-23 05:00:00,0.015991
2023-07-23 06:00:00,0.015656
2023-07-23 07:00:00,0.038452
2023-07-23 08:00:00,0.051025
2023-07-23 09:00:00,0.080566
2023-07-23 10:00:00,0.087585
2023-07-23 11:00:00,0.083252
2023-07-23 12:00:00,0.083191
2023-07-23 13:00:00,0.080261
2023-07-23 14:00:00,0.068726
2023-07-23 15:00:00,0.050232
2023-07-23 16:00:00,0.034363
2023-07-23 17:00:00,0.021729
2023-07-23 18:00:00,0.018341
2023-07-23 19:00:00,0.027161
2023-07-23 20:00:00,0.035431
2023-07-23 21:00:00,0.044342
2023-07-23 22:00:00,0.112366
2023-07-23 23:00:00,0.304077
2023-07-24 00:00:00,0.054016
2023-07-24 01:00:00,0.015503
2023-07-24 02:00:00,0.048889
2023-07-24 03:00:00,0.149292
2023-07-24 04:00:00,0.133911
2023-07-24 05:00:00,0.073120
2023-07-24 06:00:00,0.094604
2023-07-24 07:00:00,0.061279
2023-07-24 08:00:00,0.070923
2023-07-24 09:00:00,0.112793
2023-07-24 10:00:00,0.092682
2023-07-24 11:00:00,0.056061
2023-07-24 12:00:00,0.050903
2023-07-24 13:00:00,0.079468
2023-07-24 14:00:00,0.066956
2023-07-24 15:00:00,0.102600
2023-07-24 16:00:00,0.028992
2023-07-24 17:00:00,0.036316
2023-07-24 18:00:00,0.041626
2023-07-24 19:00:00,0.047241
2023-07-24 20:00:00,0.066772
2023-07-24 21:00:00,0.064453
2023-07-24 22:00:00,0.103821
2023-07-24 23:00:00,0.171326
2023-07-25 00:00:00,0.149567
2023-07-25 01:00:00,0.397705
2023-07-25 02:00:00,0.031006
2023-07-25 03:00:00,0.010437
2023-07-25 04:00:00,0.026184
2023-07-25 05:00:00,0.037933
2023-07-25 06:00:00,0.093018
2023-07-25 07:00:00,0.133179
2023-07-25 08:00:00,0.119690
2023-07-25 09:00:00,0.070862
2023-07-25 10:00:00,0.062714
2023-07-25 11:00:00,0.074158
2023-07-25 12:00:00,0.139587
2023-07-25 13:00:00,0.155457
2023-07-25 14:00:00,0.128052
2023-07-25 15:00:00,0.054810
2023-07-25 16:00:00,0.096375
2023-07-25 17:00:00,0.142029
2023-07-25 18:00:00,0.115234
2023-07-25 19:00:00,0.142151
2023-07-25 20:00:00,0.158813
2023-07-25 21:00:00,0.117737
2023-07-25 22:00:00,0.032227
2023-07-25 23:00:00,0.040771
2023-07-26 00:00:00,0.073914
2023-07-26 01:00:00,0.163086
2023-07-26 02:00:00,0.041443
2023-07-26 03:00:00,0.071716
2023-07-26 04:00:00,0.125305
2023-07-26 05:00:00,0.163147
2023-07-26 06:00:00,0.089111
2023-07-26 07:00:00,0.039734
2023-07-26 08:00:00,0.045227
2023-07-26 09:00:00,0.068481
2023-07-26 10:00:00,0.069733
2023-07-26 11:00:00,0.137939
2023-07-26 12:00:00,0.073547
2023-07-26 13:00:00,0.055267
2023-07-26 14:00:00,0.128143
2023-07-26 15:00:00,0.290161
2023-07-26 16:00:00,0.222351
2023-07-26 17:00:00,0.165985
2023-07-26 18:00:00,0.126190
2023-07-26 19:00:00,0.145844
2023-07-26 20:00:00,0.179840
2023-07-26 21:00:00,0.201233
2023-07-26 22:00:00,0.237518
2023-07-26 23:00:00,0.110565
2023-07-27 00:00:00,0.064362
2023-07-27 01:00:00,0.059814
2023-07-27 02:00:00,0.211609
2023-07-27 03:00:00,0.253693
2023-07-27 04:00:00,0.166229
2023-07-27 05:00:00,0.077301
2023-07-27 06:00:00,0.027161
2023-07-27 07:00:00,0.019226
2023-07-27 08:00:00,0.020752
2023-07-27 09:00:00,0.025146
2023-07-27 10:00:00,0.025757
2023-07-27 11:00:00,0.027710
2023-07-27 12:00:00,0.058044
2023-07-27 13:00:00,0.065308
2023-07-27 14:00:00,0.050262
2023-07-27 15:00:00,0.089050
2023-07-27 16:00:00,0.064301
2023-07-27 17:00:00,0.132996
2023-07-27 18:00:00,0.219971
2023-07-27 19:00:00,0.130127
2023-07-27 20:00:00,0.126892
2023-07-27 21:00:00,0.215210
2023-07-27 22:00:00,0.329102
2023-07-27 23:00:00,0.107117
2023-07-28 00:00:00,0.153809
2023-07-28 01:00:00,0.035217
2023-07-28 02:00:00,0.033295
2023-07-28 03:00:00,0.115143
2023-07-28 04:00:00,0.133728
2023-07-28 05:00:00,0.114807
2023-07-28 06:00:00,0.133545
2023-07-28 07:00:00,0.276672
2023-07-28 08:00:00,0.144714
2023-07-28 09:00:00,0.242249
2023-07-28 10:00:00,0.153564
2023-07-28 11:00:00,0.140259
2023-07-28 12:00:00,0.219360
2023-07-28 13:00:00,0.364197
2023-07-28 14:00:00,0.468811
2023-07-28 15:00:00,0.225037
2023-07-28 16:00:00,0.102173
2023-07-28 17:00:00,0.176147
2023-07-28 18:00:00,0.280762
2023-07-28 19:00:00,0.270874
2023-07-28 20:00:00,0.339233
2023-07-28 21:00:00,0.616272
2023-07-28 22:00:00,0.108887
2023-07-28 23:00:00,0.541199
2023-07-29 00:00:00,0.432800
2023-07-29 01:00:00,0.312897
2023-07-29 02:00:00,0.113220
2023-07-29 03:00:00,0.095093
2023-07-29 04:00:00,0.189697
2023-07-29 05:00:00,0.170898
2023-07-29 06:00:00,0.088196
2023-07-29 07:00:00,0.178589
2023-07-29 08:00:00,0.216309
2023-07-29 09:00:00,0.352905
2023-07-29 10:00:00,0.203491
2023-07-29 11:00:00,0.180847
2023-07-29 12:00:00,0.136292
2023-07-29 13:00:00,0.093994
2023-07-29 14:00:00,0.099121
2023-07-29 15:00:00,0.117004
2023-07-29 16:00:00,0.107483
2023-07-29 17:00:00,0.092651
2023-07-29 18:00:00,0.087280
2023-07-29 19:00:00,0.085388
2023-07-29 20:00:00,0.098633
2023-07-29 21:00:00,0.112854
2023-07-29 22:00:00,0.147522
2023-07-29 23:00:00,0.132019
2023-07-30 00:00:00,0.080750
2023-07-30 01:00:00,0.056885
2023-07-30 02:00:00,0.042542
2023-07-30 03:00:00,0.067688
2023-07-30 04:00:00,0.094482
2023-07-30 05:00:00,0.105103
2023-07-30 06:00:00,0.143982
2023-07-30 07:00:00,0.115906
2023-07-30 08:00:00,0.100708
2023-07-30 09:00:00,0.098785
2023-07-30 10:00:00,0.089203
2023-07-30 11:00:00,0.089905
2023-07-30 12:00:00,0.095306
2023-07-30 13:00:00,0.073029
2023-07-30 14:00:00,0.064331
2023-07-30 15:00:00,0.061646
2023-07-30 16:00:00,0.043335
2023-07-30 17:00:00,0.038269
2023-07-30 18:00:00,0.033142
2023-07-30 19:00:00,0.034302
2023-07-30 20:00:00,0.032593
2023-07-30 21:00:00,0.030273
2023-07-30 22:00:00,0.191772
2023-07-30 23:00:00,0.116638
2023-07-31 00:00:00,0.211304
2023-07-31 01:00:00,0.135071
2023-07-31 02:00:00,0.088562
2023-07-31 03:00:00,0.062683
2023-07-31 04:00:00,0.097168
2023-07-31 05:00:00,0.122711
2023-07-31 06:00:00,0.119476
2023-07-31 07:00:00,0.139221
2023-07-31 08:00:00,0.127075
2023-07-31 09:00:00,0.115845
2023-07-31 10:00:00,0.078613
2023-07-31 11:00:00,0.054565
2023-07-31 12:00:00,0.068909
2023-07-31 13:00:00,0.095398
2023-07-31 14:00:00,0.069153
2023-07-31 15:00:00,0.042786
2023-07-31 16:00:00,0.027954
2023-07-31 17:00:00,0.023376
2023-07-31 18:00:00,0.021179
2023-07-31 19:00:00,0.018616
2023-07-31 20:00:00,0.017853
2023-07-31 21:00:00,0.017639
2023-07-31 22:00:00,0.034485
2023-07-31 23:00:00,0.053162
2023-08-01 00:00:00,0.052063
2023-08-01 01:00:00,0.031982
2023-08-01 02:00:00,0.022888
2023-08-01 03:00:00,0.018677
2023-08-01 04:00:00,0.013794
2023-08-01 05:00:00,0.109619
2023-08-01 06:00:00,0.075928
2023-08-01 07:00:00,0.071533
2023-08-01 08:00:00,0.063354
2023-08-01 09:00:00,0.080994
2023-08-01 10:00:00,0.059998
2023-08-01 11:00:00,0.043518
2023-08-01 12:00:00,0.021240
2023-08-01 13:00:00,0.020630
2023-08-01 14:00:00,0.019897
2023-08-01 15:00:00,0.026855
2023-08-01 16:00:00,0.032043
2023-08-01 17:00:00,0.080200
2023-08-01 18:00:00,0.091187
2023-08-01 19:00:00,0.115479
2023-08-01 20:00:00,0.096252
2023-08-01 21:00:00,0.107178
2023-08-01 22:00:00,0.089905
2023-08-01 23:00:00,0.090942
2023-08-02 00:00:00,0.090332
2023-08-02 01:00:00,0.109131
2023-08-02 02:00:00,0.121582
2023-08-02 03:00:00,0.115875
2023-08-02 04:00:00,0.104797
2023-08-02 05:00:00,0.079987
2023-08-02 06:00:00,0.061615
2023-08-02 07:00:00,0.145447
2023-08-02 08:00:00,0.160522
2023-08-02 09:00:00,0.198273
2023-08-02 10:00:00,0.150024
2023-08-02 11:00:00,0.229919
2023-08-02 12:00:00,0.218353
2023-08-02 13:00:00,0.071472
2023-08-02 14:00:00,0.047546
2023-08-02 15:00:00,0.083557
2023-08-02 16:00:00,0.148834
2023-08-02 17:00:00,0.133362
2023-08-02 18:00:00,0.125610
2023-08-02 19:00:00,0.081848
2023-08-02 20:00:00,0.061554
2023-08-02 21:00:00,0.144958
2023-08-02 22:00:00,0.177246
2023-08-02 23:00:00,0.144653
2023-08-03 00:00:00,0.099854
2023-08-03 01:00:00,0.100403
2023-08-03 02:00:00,0.108337
2023-08-03 03:00:00,0.073547
2023-08-03 04:00:00,0.062378
2023-08-03 05:00:00,0.046814
2023-08-03 06:00:00,0.036499
2023-08-03 07:00:00,0.033508
2023-08-03 08:00:00,0.028168
2023-08-03 09:00:00,0.039093
2023-08-03 10:00:00,0.076782
2023-08-03 11:00:00,0.111572
2023-08-03 12:00:00,0.103760
2023-08-03 13:00:00,0.126129
2023-08-03 14:00:00,0.147278
2023-08-03 15:00:00,0.133972
2023-08-03 16:00:00,0.211121
2023-08-03 17:00:00,0.266113
2023-08-03 18:00:00,0.201843
2023-08-03 19:00:00,0.162048
2023-08-03 20:00:00,0.202942
2023-08-03 21:00:00,0.211121
2023-08-03 22:00:00,0.175598
2023-08-03 23:00:00,0.153748
2023-08-04 00:00:00,0.125183
2023-08-04 01:00:00,0.125793
2023-08-04 02:00:00,0.095367
2023-08-04 03:00:00,0.084900
2023-08-04 04:00:00,0.126282
2023-08-04 05:00:00,0.183899
2023-08-04 06:00:00,0.251221
2023-08-04 07:00:00,0.226349
2023-08-04 08:00:00,0.178772
2023-08-04 09:00:00,0.137939
2023-08-04 10:00:00,0.028931
2023-08-04 11:00:00,0.044312
2023-08-04 12:00:00,0.512085
2023-08-04 13:00:00,0.005432
2023-08-04 14:00:00,0.010529
2023-08-04 15:00:00,0.022125
2023-08-04 16:00:00,0.053009
2023-08-04 17:00:00,0.056458
2023-08-04 18:00:00,0.150757
2023-08-04 19:00:00,0.131866
2023-08-04 20:00:00,0.119385
2023-08-04 21:00:00,0.113586
2023-08-04 22:00:00,0.097656
2023-08-04 23:00:00,0.152771
2023-08-05 00:00:00,0.107544
2023-08-05 01:00:00,0.107910
2023-08-05 02:00:00,0.084473
2023-08-05 03:00:00,0.182739
2023-08-05 04:00:00,0.149780
2023-08-05 05:00:00,0.066895
2023-08-05 06:00:00,0.030701
2023-08-05 07:00:00,0.015930
2023-08-05 08:00:00,0.018494
2023-08-05 09:00:00,0.040344
2023-08-05 10:00:00,0.011169
2023-08-05 11:00:00,0.012878
2023-08-05 12:00:00,0.014709
2023-08-05 13:00:00,0.026917
2023-08-05 14:00:00,0.046173
2023-08-05 15:00:00,0.046051
2023-08-05 16:00:00,0.047058
2023-08-05 17:00:00,0.065399
2023-08-05 18:00:00,0.073853
2023-08-05 19:00:00,0.073242
2023-08-05 20:00:00,0.106354
2023-08-05 21:00:00,0.110748
2023-08-05 22:00:00,0.088470
2023-08-05 23:00:00,0.090057
2023-08-06 00:00:00,0.088043
2023-08-06 01:00:00,0.075043
2023-08-06 02:00:00,0.056183
2023-08-06 03:00:00,0.052368
2023-08-06 04:00:00,0.062897
2023-08-06 05:00:00,0.050323
2023-08-06 06:00:00,0.094788
2023-08-06 07:00:00,0.134155
2023-08-06 08:00:00,0.114685
2023-08-06 09:00:00,0.109680
2023-08-06 10:00:00,0.085938
2023-08-06 11:00:00,0.125305
2023-08-06 12:00:00,0.198761
2023-08-06 13:00:00,0.247681
2023-08-06 14:00:00,0.170166
2023-08-06 15:00:00,0.141235
2023-08-06 16:00:00,0.159180
2023-08-06 17:00:00,0.158081
2023-08-06 18:00:00,0.150818
2023-08-06 19:00:00,0.155090
2023-08-06 20:00:00,0.136108
2023-08-06 21:00:00,0.101501
2023-08-06 22:00:00,0.065002
2023-08-06 23:00:00,0.046997
2023-08-07 00:00:00,0.033203
2023-08-07 01:00:00,0.028229
2023-08-07 02:00:00,0.029846
2023-08-07 03:00:00,0.041138
2023-08-07 04:00:00,0.039429
2023-08-07 05:00:00,0.051941
2023-08-07 06:00:00,0.064575
2023-08-07 07:00:00,0.130798
2023-08-07 08:00:00,0.113037
2023-08-07 09:00:00,0.112732
2023-08-07 10:00:00,0.058777
2023-08-07 11:00:00,0.037598
2023-08-07 12:00:00,0.048096
2023-08-07 13:00:00,0.063477
2023-08-07 14:00:00,0.048645
2023-08-07 15:00:00,0.020203
2023-08-07 16:00:00,0.008698
2023-08-07 17:00:00,0.006897
2023-08-07 18:00:00,0.005341
2023-08-07 19:00:00,0.003998
2023-08-07 20:00:00,0.004639
2023-08-07 21:00:00,0.005737
2023-08-07 22:00:00,0.007141
2023-08-07 23:00:00,0.011353
2023-08-08 00:00:00,0.010559
2023-08-08 01:00:00,0.006958
2023-08-08 02:00:00,0.003296
2023-08-08 03:00:00,0.002014
2023-08-08 04:00:00,0.002716
2023-08-08 05:00:00,0.003143
2023-08-08 06:00:00,0.009247
2023-08-08 07:00:00,0.113617
2023-08-08 08:00:00,0.097229
2023-08-08 09:00:00,0.109650
2023-08-08 10:00:00,0.122803
2023-08-08 11:00:00,0.091248
2023-08-08 12:00:00,0.063232
2023-08-08 13:00:00,0.040558
2023-08-08 14:00:00,0.020905
2023-08-08 15:00:00,0.012695
2023-08-08 16:00:00,0.014832
2023-08-08 17:00:00,0.022095
2023-08-08 18:00:00,0.022980
2023-08-08 19:00:00,0.027802
2023-08-08 20:00:00,0.033112
2023-08-08 21:00:00,0.033783
2023-08-08 22:00:00,0.005554
2023-08-08 23:00:00,0.005005
2023-08-09 00:00:00,0.007751
2023-08-09 01:00:00,0.013000
2023-08-09 02:00:00,0.020508
2023-08-09 03:00:00,0.017395
2023-08-09 04:00:00,0.006226
2023-08-09 05:00:00,0.003754
2023-08-09 06:00:00,0.103699
2023-08-09 07:00:00,0.106201
2023-08-09 08:00:00,0.111877
2023-08-09 09:00:00,0.106812
2023-08-09 10:00:00,0.046661
2023-08-09 11:00:00,0.054169
2023-08-09 12:00:00,0.092896
2023-08-09 13:00:00,0.093506
2023-08-09 14:00:00,0.086853
2023-08-09 15:00:00,0.099487
2023-08-09 16:00:00,0.085510
2023-08-09 17:00:00,0.062500
2023-08-09 18:00:00,0.075317
2023-08-09 19:00:00,0.072144
2023-08-09 20:00:00,0.044800
2023-08-09 21:00:00,0.047058
2023-08-09 22:00:00,0.030090
2023-08-09 23:00:00,0.030334
2023-08-10 00:00:00,0.034607
2023-08-10 01:00:00,0.038208
2023-08-10 02:00:00,0.036652
2023-08-10 03:00:00,0.020935
2023-08-10 04:00:00,0.011993
2023-08-10 05:00:00,0.018402
2023-08-10 06:00:00,0.139526
2023-08-10 07:00:00,0.174744
2023-08-10 08:00:00,0.126678
2023-08-10 09:00:00,0.043610
2023-08-10 10:00:00,0.126892
2023-08-10 11:00:00,0.039124
2023-08-10 12:00:00,0.119080
2023-08-10 13:00:00,0.090546
2023-08-10 14:00:00,0.064148
2023-08-10 15:00:00,0.074493
2023-08-10 16:00:00,0.065735
2023-08-10 17:00:00,0.055786
2023-08-10 18:00:00,0.046387
2023-08-10 19:00:00,0.034729
2023-08-10 20:00:00,0.032104
2023-08-10 21:00:00,0.029999
2023-08-10 22:00:00,0.013947
2023-08-10 23:00:00,0.020264
2023-08-11 00:00:00,0.026276
2023-08-11 01:00:00,0.026733
2023-08-11 02:00:00,0.026428
2023-08-11 03:00:00,0.016235
2023-08-11 04:00:00,0.009460
2023-08-11 05:00:00,0.012451
2023-08-11 06:00:00,0.058807
2023-08-11 07:00:00,0.128418
2023-08-11 08:00:00,0.117310
2023-08-11 09:00:00,0.112610
2023-08-11 10:00:00,0.135620
2023-08-11 11:00:00,0.143677
2023-08-11 12:00:00,0.195374
2023-08-11 13:00:00,0.102051
2023-08-11 14:00:00,0.143066
2023-08-11 15:00:00,0.055847
2023-08-11 16:00:00,0.035217
2023-08-11 17:00:00,0.054626
2023-08-11 18:00:00,0.133057
2023-08-11 19:00:00,0.117493
2023-08-11 20:00:00,0.065857
2023-08-11 21:00:00,0.031982
2023-08-11 22:00:00,0.026459
2023-08-11 23:00:00,0.049164
2023-08-12 00:00:00,0.059448
2023-08-12 01:00:00,0.064941
2023-08-12 02:00:00,0.047028
2023-08-12 03:00:00,0.016846
2023-08-12 04:00:00,0.008667
2023-08-12 05:00:00,0.009705
2023-08-12 06:00:00,0.009827
2023-08-12 07:00:00,0.007019
2023-08-12 08:00:00,0.084747
2023-08-12 09:00:00,0.045959
2023-08-12 10:00:00,0.034424
2023-08-12 11:00:00,0.027496
2023-08-12 12:00:00,0.018433
2023-08-12 13:00:00,0.007782
2023-08-12 14:00:00,0.003662
2023-08-12 15:00:00,0.002136
2023-08-12 16:00:00,0.002808
2023-08-12 17:00:00,0.004639
2023-08-12 18:00:00,0.005859
2023-08-12 19:00:00,0.003662
2023-08-12 20:00:00,0.002014
2023-08-12 21:00:00,0.001953
2023-08-12 22:00:00,0.001465
2023-08-12 23:00:00,0.001892
2023-08-13 00:00:00,0.001892
2023-08-13 01:00:00,0.001587
2023-08-13 02:00:00,0.001404
2023-08-13 03:00:00,0.001678
2023-08-13 04:00:00,0.004333
2023-08-13 05:00:00,0.005859
2023-08-13 06:00:00,0.005280
2023-08-13 07:00:00,0.132538
2023-08-13 08:00:00,0.112823
2023-08-13 09:00:00,0.119629
2023-08-13 10:00:00,0.089203
2023-08-13 11:00:00,0.047852
2023-08-13 12:00:00,0.071350
2023-08-13 13:00:00,0.094391
2023-08-13 14:00:00,0.092041
2023-08-13 15:00:00,0.081482
2023-08-13 16:00:00,0.106018
2023-08-13 17:00:00,0.145508
2023-08-13 18:00:00,0.241058
2023-08-13 19:00:00,0.370178
2023-08-13 20:00:00,0.429688
2023-08-13 21:00:00,0.543457
2023-08-13 22:00:00,0.269714
2023-08-13 23:00:00,0.180573
2023-08-14 00:00:00,0.136444
2023-08-14 01:00:00,0.095306
2023-08-14 02:00:00,0.063171
2023-08-14 03:00:00,0.033691
2023-08-14 04:00:00,0.021698
2023-08-14 05:00:00,0.019165
2023-08-14 06:00:00,0.014557
2023-08-14 07:00:00,0.019501
2023-08-14 08:00:00,0.039490
2023-08-14 09:00:00,0.070679
2023-08-14 10:00:00,0.076294
2023-08-14 11:00:00,0.081818
2023-08-14 12:00:00,0.076843
2023-08-14 13:00:00,0.065704
2023-08-14 14:00:00,0.051849
2023-08-14 15:00:00,0.035248
2023-08-14 16:00:00,0.023926
2023-08-14 17:00:00,0.016724
2023-08-14 18:00:00,0.012878
2023-08-14 19:00:00,0.015991
2023-08-14 20:00:00,0.020020
2023-08-14 21:00:00,0.023590
2023-08-14 22:00:00,0.066284
2023-08-14 23:00:00,0.065430
2023-08-15 00:00:00,0.081848
2023-08-15 01:00:00,0.088196
2023-08-15 02:00:00,0.106873
2023-08-15 03:00:00,0.109924
2023-08-15 04:00:00,0.090607
2023-08-15 05:00:00,0.070923
2023-08-15 06:00:00,0.090942
2023-08-15 07:00:00,0.175964
2023-08-15 08:00:00,0.085571
2023-08-15 09:00:00,0.066589
2023-08-15 10:00:00,0.125061
2023-08-15 11:00:00,0.097351
2023-08-15 12:00:00,0.087952
2023-08-15 13:00:00,0.062988
2023-08-15 14:00:00,0.029785
2023-08-15 15:00:00,0.015686
2023-08-15 16:00:00,0.014221
2023-08-15 17:00:00,0.010742
2023-08-15 18:00:00,0.011047
2023-08-15 19:00:00,0.011353
2023-08-15 20:00:00,0.013855
2023-08-15 21:00:00,0.015564
2023-08-15 22:00:00,0.052338
2023-08-15 23:00:00,0.100159
2023-08-16 00:00:00,0.185120
2023-08-16 01:00:00,0.270142
2023-08-16 02:00:00,0.220398
2023-08-16 03:00:00,0.130127
2023-08-16 04:00:00,0.086975
2023-08-16 05:00:00,0.077271
2023-08-16 06:00:00,0.055054
2023-08-16 07:00:00,0.126770
2023-08-16 08:00:00,0.111725
2023-08-16 09:00:00,0.077820
2023-08-16 10:00:00,0.125916
2023-08-16 11:00:00,0.110840
2023-08-16 12:00:00,0.039154
2023-08-16 13:00:00,0.019836
2023-08-16 14:00:00,0.019073
2023-08-16 15:00:00,0.024506
2023-08-16 16:00:00,0.023193
2023-08-16 17:00:00,0.021667
2023-08-16 18:00:00,0.021179
2023-08-16 19:00:00,0.019226
2023-08-16 20:00:00,0.017212
2023-08-16 21:00:00,0.014709
2023-08-16 22:00:00,0.010345
2023-08-16 23:00:00,0.007477
2023-08-17 00:00:00,0.008179
2023-08-17 01:00:00,0.028442
2023-08-17 02:00:00,0.032654
2023-08-17 03:00:00,0.020233
2023-08-17 04:00:00,0.007263
2023-08-17 05:00:00,0.004211
2023-08-17 06:00:00,0.042938
2023-08-17 07:00:00,0.127838
2023-08-17 08:00:00,0.094696
2023-08-17 09:00:00,0.110718
2023-08-17 10:00:00,0.072266
2023-08-17 11:00:00,0.042267
2023-08-17 12:00:00,0.031616
2023-08-17 13:00:00,0.023621
2023-08-17 14:00:00,0.016266
2023-08-17 15:00:00,0.014526
2023-08-17 16:00:00,0.017609
2023-08-17 17:00:00,0.019165
2023-08-17 18:00:00,0.018433
2023-08-17 19:00:00,0.018738
2023-08-17 20:00:00,0.022034
2023-08-17 21:00:00,0.020630
2023-08-17 22:00:00,0.016449
2023-08-17 23:00:00,0.015320
2023-08-18 00:00:00,0.016541
2023-08-18 01:00:00,0.011475
2023-08-18 02:00:00,0.007385
2023-08-18 03:00:00,0.006653
2023-08-18 04:00:00,0.006470
2023-08-18 05:00:00,0.004822
2023-08-18 06:00:00,0.051605
2023-08-18 07:00:00,0.079590
2023-08-18 08:00:00,0.118835
2023-08-18 09:00:00,0.064850
2023-08-18 10:00:00,0.059784
2023-08-18 11:00:00,0.094513
2023-08-18 12:00:00,0.087494
2023-08-18 13:00:00,0.075897
2023-08-18 14:00:00,0.061676
2023-08-18 15:00:00,0.039978
2023-08-18 16:00:00,0.036804
2023-08-18 17:00:00,0.043091
2023-08-18 18:00:00,0.044861
2023-08-18 19:00:00,0.038269
2023-08-18 20:00:00,0.041809
2023-08-18 21:00:00,0.063354
2023-08-18 22:00:00,0.056824
2023-08-18 23:00:00,0.069244
2023-08-19 00:00:00,0.082520
2023-08-19 01:00:00,0.065704
2023-08-19 02:00:00,0.045227
2023-08-19 03:00:00,0.076172
2023-08-19 04:00:00,0.031555
2023-08-19 05:00:00,0.004089
2023-08-19 06:00:00,0.014679
2023-08-19 07:00:00,0.043640
2023-08-19 08:00:00,0.054565
2023-08-19 09:00:00,0.068787
2023-08-19 10:00:00,0.035095
2023-08-19 11:00:00,0.013702
2023-08-19 12:00:00,0.016144
2023-08-19 13:00:00,0.022949
2023-08-19 14:00:00,0.025970
2023-08-19 15:00:00,0.018005
2023-08-19 16:00:00,0.014252
2023-08-19 17:00:00,0.016357
2023-08-19 18:00:00,0.015442
2023-08-19 19:00:00,0.009277
2023-08-19 20:00:00,0.006226
2023-08-19 21:00:00,0.007629
2023-08-19 22:00:00,0.094910
2023-08-19 23:00:00,0.134735
2023-08-20 00:00:00,0.114807
2023-08-20 01:00:00,0.089203
2023-08-20 02:00:00,0.062408
2023-08-20 03:00:00,0.040131
2023-08-20 04:00:00,0.079041
2023-08-20 05:00:00,0.087799
2023-08-20 06:00:00,0.069519
2023-08-20 07:00:00,0.120422
2023-08-20 08:00:00,0.083069
2023-08-20 09:00:00,0.069153
2023-08-20 10:00:00,0.043976
2023-08-20 11:00:00,0.041748
2023-08-20 12:00:00,0.024017
2023-08-20 13:00:00,0.017487
2023-08-20 14:00:00,0.015747
2023-08-20 15:00:00,0.016541
2023-08-20 16:00:00,0.014130
2023-08-20 17:00:00,0.008972
2023-08-20 18:00:00,0.008667
2023-08-20 19:00:00,0.008911
2023-08-20 20:00:00,0.007507
2023-08-20 21:00:00,0.006958
2023-08-20 22:00:00,0.007782
2023-08-20 23:00:00,0.006256
2023-08-21 00:00:00,0.009064
2023-08-21 01:00:00,0.012756
2023-08-21 02:00:00,0.015381
2023-08-21 03:00:00,0.006927
2023-08-21 04:00:00,0.056335
2023-08-21 05:00:00,0.056305
2023-08-21 06:00:00,0.040710
2023-08-21 07:00:00,0.028595
2023-08-21 08:00:00,0.100494
2023-08-21 09:00:00,0.104065
2023-08-21 10:00:00,0.106995
2023-08-21 11:00:00,0.057556
2023-08-21 12:00:00,0.047852
2023-08-21 13:00:00,0.040466
2023-08-21 14:00:00,0.038513
2023-08-21 15:00:00,0.032532
2023-08-21 16:00:00,0.030212
2023-08-21 17:00:00,0.030273
2023-08-21 18:00:00,0.030884
2023-08-21 19:00:00,0.028931
2023-08-21 20:00:00,0.025299
2023-08-21 21:00:00,0.056183
2023-08-21 22:00:00,0.154053
2023-08-21 23:00:00,0.174805
2023-08-22 00:00:00,0.213104
2023-08-22 01:00:00,0.169739
2023-08-22 02:00:00,0.127716
2023-08-22 03:00:00,0.135834
2023-08-22 04:00:00,0.115845
2023-08-22 05:00:00,0.090881
2023-08-22 06:00:00,0.059723
2023-08-22 07:00:00,0.068665
2023-08-22 08:00:00,0.085052
2023-08-22 09:00:00,0.123077
2023-08-22 10:00:00,0.152069
2023-08-22 11:00:00,0.127380
2023-08-22 12:00:00,0.129883
2023-08-22 13:00:00,0.127258
2023-08-22 14:00:00,0.181915
2023-08-22 15:00:00,0.039795
2023-08-22 16:00:00,0.045746
2023-08-22 17:00:00,0.102081
2023-08-22 18:00:00,0.185059
2023-08-22 19:00:00,0.291809
2023-08-22 20:00:00,0.233459
2023-08-22 21:00:00,0.128418
2023-08-22 22:00:00,0.101929
2023-08-22 23:00:00,0.116150
2023-08-23 00:00:00,0.120300
2023-08-23 01:00:00,0.161194
2023-08-23 02:00:00,0.166351
2023-08-23 03:00:00,0.168579
2023-08-23 04:00:00,0.099487
2023-08-23 05:00:00,0.048431
2023-08-23 06:00:00,0.048767
2023-08-23 07:00:00,0.025452
2023-08-23 08:00:00,0.096375
2023-08-23 09:00:00,0.246399
2023-08-23 10:00:00,0.186279
2023-08-23 11:00:00,0.111206
2023-08-23 12:00:00,0.087555
2023-08-23 13:00:00,0.078094
2023-08-23 14:00:00,0.110107
2023-08-23 15:00:00,0.164276
2023-08-23 16:00:00,0.187225
2023-08-23 17:00:00,0.140106
2023-08-23 18:00:00,0.136414
2023-08-23 19:00:00,0.127197
2023-08-23 20:00:00,0.090454
2023-08-23 21:00:00,0.073059
2023-08-23 22:00:00,0.080170
2023-08-23 23:00:00,0.134949
2023-08-24 00:00:00,0.164795
2023-08-24 01:00:00,0.185089
2023-08-24 02:00:00,0.134338
2023-08-24 03:00:00,0.073578
2023-08-24 04:00:00,0.045044
2023-08-24 05:00:00,0.045471
2023-08-24 06:00:00,0.144867
2023-08-24 07:00:00,0.227783
2023-08-24 08:00:00,0.196381
2023-08-24 09:00:00,0.161133
2023-08-24 10:00:00,0.189850
2023-08-24 11:00:00,0.080872
2023-08-24 12:00:00,0.165222
2023-08-24 13:00:00,0.087708
2023-08-24 14:00:00,0.006165
2023-08-24 15:00:00,0.002411
2023-08-24 16:00:00,0.009277
2023-08-24 17:00:00,0.018250
2023-08-24 18:00:00,0.027405
2023-08-24 19:00:00,0.034363
2023-08-24 20:00:00,0.038757
2023-08-24 21:00:00,0.042877
2023-08-24 22:00:00,0.112579
2023-08-24 23:00:00,0.146027
2023-08-25 00:00:00,0.137756
2023-08-25 01:00:00,0.116852
2023-08-25 02:00:00,0.105896
2023-08-25 03:00:00,0.075562
2023-08-25 04:00:00,0.060730
2023-08-25 05:00:00,0.065674
2023-08-25 06:00:00,0.031982
2023-08-25 07:00:00,0.002747
2023-08-25 08:00:00,0.016174
2023-08-25 09:00:00,0.086609
2023-08-25 10:00:00,0.088867
2023-08-25 11:00:00,0.062378
2023-08-25 12:00:00,0.033325
2023-08-25 13:00:00,0.034607
2023-08-25 14:00:00,0.049805
2023-08-25 15:00:00,0.052429
2023-08-25 16:00:00,0.051758
2023-08-25 17:00:00,0.044189
2023-08-25 18:00:00,0.041290
2023-08-25 19:00:00,0.045380
2023-08-25 20:00:00,0.056702
2023-08-25 21:00:00,0.058197
2023-08-25 22:00:00,0.067444
2023-08-25 23:00:00,0.088715
2023-08-26 00:00:00,0.127289
2023-08-26 01:00:00,0.162659
2023-08-26 02:00:00,0.146606
2023-08-26 03:00:00,0.112732
2023-08-26 04:00:00,0.049500
2023-08-26 05:00:00,0.019012
2023-08-26 06:00:00,0.084167
2023-08-26 07:00:00,0.081421
2023-08-26 08:00:00,0.115234
2023-08-26 09:00:00,0.070557
2023-08-26 10:00:00,0.073273
2023-08-26 11:00:00,0.044861
2023-08-26 12:00:00,0.033966
2023-08-26 13:00:00,0.021484
2023-08-26 14:00:00,0.026062
2023-08-26 15:00:00,0.030914
2023-08-26 16:00:00,0.048157
2023-08-26 17:00:00,0.067413
2023-08-26 18:00:00,0.081604
2023-08-26 19:00:00,0.075500
2023-08-26 20:00:00,0.062805
2023-08-26 21:00:00,0.057251
2023-08-26 22:00:00,0.008362
2023-08-26 23:00:00,0.021881
2023-08-27 00:00:00,0.023895
2023-08-27 01:00:00,0.017334
2023-08-27 02:00:00,0.017517
2023-08-27 03:00:00,0.016083
2023-08-27 04:00:00,0.015503
2023-08-27 05:00:00,0.013092
2023-08-27 06:00:00,0.021088
2023-08-27 07:00:00,0.042694
2023-08-27 08:00:00,0.099060
2023-08-27 09:00:00,0.159302
2023-08-27 10:00:00,0.079712
2023-08-27 11:00:00,0.119263
2023-08-27 12:00:00,0.092407
2023-08-27 13:00:00,0.099854
2023-08-27 14:00:00,0.102844
2023-08-27 15:00:00,0.104370
2023-08-27 16:00:00,0.089233
2023-08-27 17:00:00,0.064636
2023-08-27 18:00:00,0.057373
2023-08-27 19:00:00,0.082947
2023-08-27 20:00:00,0.085571
2023-08-27 21:00:00,0.083374
2023-08-27 22:00:00,0.099609
2023-08-27 23:00:00,0.100403
2023-08-28 00:00:00,0.077942
2023-08-28 01:00:00,0.046783
2023-08-28 02:00:00,0.023254
2023-08-28 03:00:00,0.009247
2023-08-28 04:00:00,0.004730
2023-08-28 05:00:00,0.035736
2023-08-28 06:00:00,0.045410
2023-08-28 07:00:00,0.046265
2023-08-28 08:00:00,0.045349
2023-08-28 09:00:00,0.040955
2023-08-28 10:00:00,0.073547
2023-08-28 11:00:00,0.036560
2023-08-28 12:00:00,0.124695
2023-08-28 13:00:00,0.104919
2023-08-28 14:00:00,0.097107
2023-08-28 15:00:00,0.070740
2023-08-28 16:00:00,0.048706
2023-08-28 17:00:00,0.028687
2023-08-28 18:00:00,0.014282
2023-08-28 19:00:00,0.011536
2023-08-28 20:00:00,0.014954
2023-08-28 21:00:00,0.011017
2023-08-28 22:00:00,0.005280
2023-08-28 23:00:00,0.006989
2023-08-29 00:00:00,0.020508
2023-08-29 01:00:00,0.031311
2023-08-29 02:00:00,0.045593
2023-08-29 03:00:00,0.040222
2023-08-29 04:00:00,0.034241
2023-08-29 05:00:00,0.029755
2023-08-29 06:00:00,0.015381
2023-08-29 07:00:00,0.059113
2023-08-29 08:00:00,0.067963
2023-08-29 09:00:00,0.067291
2023-08-29 10:00:00,0.030884
2023-08-29 11:00:00,0.018372
2023-08-29 12:00:00,0.018250
2023-08-29 13:00:00,0.024109
2023-08-29 14:00:00,0.023499
2023-08-29 15:00:00,0.024658
2023-08-29 16:00:00,0.024475
2023-08-29 17:00:00,0.021851
2023-08-29 18:00:00,0.024292
2023-08-29 19:00:00,0.027649
2023-08-29 20:00:00,0.026123
2023-08-29 21:00:00,0.011475
2023-08-29 22:00:00,0.004883
2023-08-29 23:00:00,0.002869
2023-08-30 00:00:00,0.006622
2023-08-30 01:00:00,0.023071
2023-08-30 02:00:00,0.147034
2023-08-30 03:00:00,0.114136
2023-08-30 04:00:00,0.118774
2023-08-30 05:00:00,0.087219
2023-08-30 06:00:00,0.057312
2023-08-30 07:00:00,0.052917
2023-08-30 08:00:00,0.050598
2023-08-30 09:00:00,0.085693
2023-08-30 10:00:00,0.074646
2023-08-30 11:00:00,0.073914
2023-08-30 12:00:00,0.036804
2023-08-30 13:00:00,0.022430
2023-08-30 14:00:00,0.017456
2023-08-30 15:00:00,0.015381
2023-08-30 16:00:00,0.013306
2023-08-30 17:00:00,0.011414
2023-08-30 18:00:00,0.008301
2023-08-30 19:00:00,0.006287
2023-08-30 20:00:00,0.004456
2023-08-30 21:00:00,0.003418
2023-08-30 22:00:00,0.001526
2023-08-30 23:00:00,0.001587
2023-08-31 00:00:00,0.001984
2023-08-31 01:00:00,0.002075
2023-08-31 02:00:00,0.002136
2023-08-31 03:00:00,0.002258
2023-08-31 04:00:00,0.002563
2023-08-31 05:00:00,0.059937
2023-08-31 06:00:00,0.088684
2023-08-31 07:00:00,0.099365
2023-08-31 08:00:00,0.054565
2023-08-31 09:00:00,0.065552
2023-08-31 10:00:00,0.067749
2023-08-31 11:00:00,0.036011
2023-08-31 12:00:00,0.017639
2023-08-31 13:00:00,0.011353
2023-08-31 14:00:00,0.008423
2023-08-31 15:00:00,0.005615
2023-08-31 16:00:00,0.002899
2023-08-31 17:00:00,0.000916
2023-08-31 18:00:00,0.000397
2023-08-31 19:00:00,0.000366
2023-08-31 20:00:00,0.000305
2023-08-31 21:00:00,0.000244
2023-08-31 22:00:00,0.000061
2023-08-31 23:00:00,0.000061
2023-09-01 00:00:00,0.000122
2023-09-01 01:00:00,0.000122
2023-09-01 02:00:00,0.000153
2023-09-01 03:00:00,0.000183
2023-09-01 04:00:00,0.000183
2023-09-01 05:00:00,0.020203
2023-09-01 06:00:00,0.066620
2023-09-01 07:00:00,0.076660
2023-09-01 08:00:00,0.041504
2023-09-01 09:00:00,0.027710
2023-09-01 10:00:00,0.005676
2023-09-01 11:00:00,0.002411
2023-09-01 12:00:00,0.001770
2023-09-01 13:00:00,0.001648
2023-09-01 14:00:00,0.001465
2023-09-01 15:00:00,0.001343
2023-09-01 16:00:00,0.000854
2023-09-01 17:00:00,0.000366
2023-09-01 18:00:00,0.000244
2023-09-01 19:00:00,0.000122
2023-09-01 20:00:00,0.000122
2023-09-01 21:00:00,0.000061
2023-09-01 22:00:00,0.000122
2023-09-01 23:00:00,0.000061
2023-09-02 00:00:00,0.000061
2023-09-02 01:00:00,0.000061
2023-09-02 02:00:00,0.000000
2023-09-02 03:00:00,0.000000
2023-09-02 04:00:00,0.000000
2023-09-02 05:00:00,0.000000
2023-09-02 06:00:00,0.000000
2023-09-02 07:00:00,0.000000
2023-09-02 08:00:00,0.000000
2023-09-02 09:00:00,0.000092
2023-09-02 10:00:00,0.061188
2023-09-02 11:00:00,0.013428
2023-09-02 12:00:00,0.006744
2023-09-02 13:00:00,0.005768
2023-09-02 14:00:00,0.004761
2023-09-02 15:00:00,0.004456
2023-09-02 16:00:00,0.005249
2023-09-02 17:00:00,0.005310
2023-09-02 18:00:00,0.004333
2023-09-02 19:00:00,0.003662
2023-09-02 20:00:00,0.003418
2023-09-02 21:00:00,0.002808
2023-09-02 22:00:00,0.001343
2023-09-02 23:00:00,0.000854
2023-09-03 00:00:00,0.000732
2023-09-03 01:00:00,0.000671
2023-09-03 02:00:00,0.000549
2023-09-03 03:00:00,0.000366
2023-09-03 04:00:00,0.000244
2023-09-03 05:00:00,0.000183
2023-09-03 06:00:00,0.000244
2023-09-03 07:00:00,0.000244
2023-09-03 08:00:00,0.000183
2023-09-03 09:00:00,0.000122
2023-09-03 10:00:00,0.000061
2023-09-03 11:00:00,0.000488
2023-09-03 12:00:00,0.001221
2023-09-03 13:00:00,0.002319
2023-09-03 14:00:00,0.004700
2023-09-03 15:00:00,0.007385
2023-09-03 16:00:00,0.008728
2023-09-03 17:00:00,0.007690
2023-09-03 18:00:00,0.006409
2023-09-03 19:00:00,0.006104
2023-09-03 20:00:00,0.006592
2023-09-03 21:00:00,0.006897
2023-09-03 22:00:00,0.003906
2023-09-03 23:00:00,0.002106
2023-09-04 00:00:00,0.001434
2023-09-04 01:00:00,0.001129
2023-09-04 02:00:00,0.000763
2023-09-04 03:00:00,0.000549
2023-09-04 04:00:00,0.000366
2023-09-04 05:00:00,0.000305
2023-09-04 06:00:00,0.000244
2023-09-04 07:00:00,0.000549
2023-09-04 08:00:00,0.002075
2023-09-04 09:00:00,0.003723
2023-09-04 10:00:00,0.001465
2023-09-04 11:00:00,0.000793
2023-09-04 12:00:00,0.000732
2023-09-04 13:00:00,0.001160
2023-09-04 14:00:00,0.001831
2023-09-04 15:00:00,0.002502
2023-09-04 16:00:00,0.003418
2023-09-04 17:00:00,0.004700
2023-09-04 18:00:00,0.007019
2023-09-04 19:00:00,0.009399
2023-09-04 20:00:00,0.010803
2023-09-04 21:00:00,0.013855
2023-09-04 22:00:00,0.011108
2023-09-04 23:00:00,0.011169
2023-09-05 00:00:00,0.010101
2023-09-05 01:00:00,0.011169
2023-09-05 02:00:00,0.011841
2023-09-05 03:00:00,0.010864
2023-09-05 04:00:00,0.010315
2023-09-05 05:00:00,0.020935
2023-09-05 06:00:00,0.092224
2023-09-05 07:00:00,0.085876
2023-09-05 08:00:00,0.085815
2023-09-05 09:00:00,0.054932
2023-09-05 10:00:00,0.076660
2023-09-05 11:00:00,0.101196
2023-09-05 12:00:00,0.077850
2023-09-05 13:00:00,0.058960
2023-09-05 14:00:00,0.060608
2023-09-05 15:00:00,0.040894
2023-09-05 16:00:00,0.026489
2023-09-05 17:00:00,0.017822
2023-09-05 18:00:00,0.016113
2023-09-05 19:00:00,0.014954
2023-09-05 20:00:00,0.011932
2023-09-05 21:00:00,0.010010
2023-09-05 22:00:00,0.019043
2023-09-05 23:00:00,0.017578
2023-09-06 00:00:00,0.152557
2023-09-06 01:00:00,0.387756
2023-09-06 02:00:00,0.038879
2023-09-06 03:00:00,0.000305
2023-09-06 04:00:00,0.000885
2023-09-06 05:00:00,0.002411
2023-09-06 06:00:00,0.037567
2023-09-06 07:00:00,0.037537
2023-09-06 08:00:00,0.021179
2023-09-06 09:00:00,0.006317
2023-09-06 10:00:00,0.058289
2023-09-06 11:00:00,0.024719
2023-09-06 12:00:00,0.056335
2023-09-06 13:00:00,0.051270
2023-09-06 14:00:00,0.057678
2023-09-06 15:00:00,0.040344
2023-09-06 16:00:00,0.034790
2023-09-06 17:00:00,0.028503
2023-09-06 18:00:00,0.028809
2023-09-06 19:00:00,0.019836
2023-09-06 20:00:00,0.017090
2023-09-06 21:00:00,0.012207
2023-09-06 22:00:00,0.007568
2023-09-06 23:00:00,0.021729
2023-09-07 00:00:00,0.021240
2023-09-07 01:00:00,0.022217
2023-09-07 02:00:00,0.022614
2023-09-07 03:00:00,0.012329
2023-09-07 04:00:00,0.023132
2023-09-07 05:00:00,0.018677
2023-09-07 06:00:00,0.007141
2023-09-07 07:00:00,0.010559
2023-09-07 08:00:00,0.018005
2023-09-07 09:00:00,0.027283
2023-09-07 10:00:00,0.095642
2023-09-07 11:00:00,0.089111
2023-09-07 12:00:00,0.078674
2023-09-07 13:00:00,0.074432
2023-09-07 14:00:00,0.062927
2023-09-07 15:00:00,0.048157
2023-09-07 16:00:00,0.035706
2023-09-07 17:00:00,0.027710
2023-09-07 18:00:00,0.027039
2023-09-07 19:00:00,0.036041
2023-09-07 20:00:00,0.033325
2023-09-07 21:00:00,0.021912
2023-09-07 22:00:00,0.017792
2023-09-07 23:00:00,0.020874
2023-09-08 00:00:00,0.011353
2023-09-08 01:00:00,0.002960
2023-09-08 02:00:00,0.002899
2023-09-08 03:00:00,0.006256
2023-09-08 04:00:00,0.023193
2023-09-08 05:00:00,0.032990
2023-09-08 06:00:00,0.019043
2023-09-08 07:00:00,0.047455
2023-09-08 08:00:00,0.043396
2023-09-08 09:00:00,0.174225
2023-09-08 10:00:00,0.259827
2023-09-08 11:00:00,0.224426
2023-09-08 12:00:00,0.107239
2023-09-08 13:00:00,0.060547
2023-09-08 14:00:00,0.058014
2023-09-08 15:00:00,0.043121
2023-09-08 16:00:00,0.051422
2023-09-08 17:00:00,0.050354
2023-09-08 18:00:00,0.081299
2023-09-08 19:00:00,0.172302
2023-09-08 20:00:00,0.209045
2023-09-08 21:00:00,0.166016
2023-09-08 22:00:00,0.583496
2023-09-08 23:00:00,0.286316
2023-09-09 00:00:00,0.217072
2023-09-09 01:00:00,0.185181
2023-09-09 02:00:00,0.073059
2023-09-09 03:00:00,0.072632
2023-09-09 04:00:00,0.141571
2023-09-09 05:00:00,0.114868
2023-09-09 06:00:00,0.351959
2023-09-09 07:00:00,0.442413
2023-09-09 08:00:00,0.127686
2023-09-09 09:00:00,0.158569
2023-09-09 10:00:00,0.396484
2023-09-09 11:00:00,0.957336
2023-09-09 12:00:00,0.740601
2023-09-09 13:00:00,0.683929
2023-09-09 14:00:00,0.789978
2023-09-09 15:00:00,0.788330
2023-09-09 16:00:00,0.400024
2023-09-09 17:00:00,0.421875
2023-09-09 18:00:00,0.507324
2023-09-09 19:00:00,0.375000
2023-09-09 20:00:00,0.629303
2023-09-09 21:00:00,0.537048
2023-09-09 22:00:00,0.968811
2023-09-09 23:00:00,0.936096
2023-09-10 00:00:00,0.791748
2023-09-10 01:00:00,0.651306
2023-09-10 02:00:00,0.467133
2023-09-10 03:00:00,0.382996
2023-09-10 04:00:00,0.354584
2023-09-10 05:00:00,0.308716
2023-09-10 06:00:00,0.261475
2023-09-10 07:00:00,0.346619
2023-09-10 08:00:00,0.424377
2023-09-10 09:00:00,0.309692
2023-09-10 10:00:00,0.088745
2023-09-10 11:00:00,0.112427
2023-09-10 12:00:00,0.104919
2023-09-10 13:00:00,0.134216
2023-09-10 14:00:00,0.069336
2023-09-10 15:00:00,0.019165
2023-09-10 16:00:00,0.006165
2023-09-10 17:00:00,0.008240
2023-09-10 18:00:00,0.023926
2023-09-10 19:00:00,0.056763
2023-09-10 20:00:00,0.078491
2023-09-10 21:00:00,0.114777
2023-09-10 22:00:00,0.082031
2023-09-10 23:00:00,0.087097
2023-09-11 00:00:00,0.205750
2023-09-11 01:00:00,0.163971
2023-09-11 02:00:00,0.191620
2023-09-11 03:00:00,0.100800
2023-09-11 04:00:00,0.030029
2023-09-11 05:00:00,0.016388
2023-09-11 06:00:00,0.030914
2023-09-11 07:00:00,0.062195
2023-09-11 08:00:00,0.072784
2023-09-11 09:00:00,0.211487
2023-09-11 10:00:00,0.199585
2023-09-11 11:00:00,0.090942
2023-09-11 12:00:00,0.078003
2023-09-11 13:00:00,0.062622
2023-09-11 14:00:00,0.036682
2023-09-11 15:00:00,0.019104
2023-09-11 16:00:00,0.006836
2023-09-11 17:00:00,0.002625
2023-09-11 18:00:00,0.001801
2023-09-11 19:00:00,0.002136
2023-09-11 20:00:00,0.002747
2023-09-11 21:00:00,0.003967
2023-09-11 22:00:00,0.006104
2023-09-11 23:00:00,0.005859
2023-09-12 00:00:00,0.010651
2023-09-12 01:00:00,0.017456
2023-09-12 02:00:00,0.024139
2023-09-12 03:00:00,0.015259
2023-09-12 04:00:00,0.008789
2023-09-12 05:00:00,0.014709
2023-09-12 06:00:00,0.094910
2023-09-12 07:00:00,0.094879
2023-09-12 08:00:00,0.087952
2023-09-12 09:00:00,0.070679
2023-09-12 10:00:00,0.251587
2023-09-12 11:00:00,0.197998
2023-09-12 12:00:00,0.114380
2023-09-12 13:00:00,0.092224
2023-09-12 14:00:00,0.052551
2023-09-12 15:00:00,0.032928
2023-09-12 16:00:00,0.050049
2023-09-12 17:00:00,0.120850
2023-09-12 18:00:00,0.112793
2023-09-12 19:00:00,0.075867
2023-09-12 20:00:00,0.051880
2023-09-12 21:00:00,0.048035
2023-09-12 22:00:00,0.019409
2023-09-12 23:00:00,0.017578
2023-09-13 00:00:00,0.029541
2023-09-13 01:00:00,0.003113
2023-09-13 02:00:00,0.001709
2023-09-13 03:00:00,0.000122
2023-09-13 04:00:00,0.028412
2023-09-13 05:00:00,0.042847
2023-09-13 06:00:00,0.067505
2023-09-13 07:00:00,0.078918
2023-09-13 08:00:00,0.069946
2023-09-13 09:00:00,0.062256
2023-09-13 10:00:00,0.034241
2023-09-13 11:00:00,0.008911
2023-09-13 12:00:00,0.014832
2023-09-13 13:00:00,0.027527
2023-09-13 14:00:00,0.022217
2023-09-13 15:00:00,0.012024
2023-09-13 16:00:00,0.009644
2023-09-13 17:00:00,0.033936
2023-09-13 18:00:00,0.062622
2023-09-13 19:00:00,0.058838
2023-09-13 20:00:00,0.048462
2023-09-13 21:00:00,0.060730
2023-09-13 22:00:00,0.064270
2023-09-13 23:00:00,0.162292
2023-09-14 00:00:00,0.058441
2023-09-14 01:00:00,0.124847
2023-09-14 02:00:00,0.038025
2023-09-14 03:00:00,0.028259
2023-09-14 04:00:00,0.020996
2023-09-14 05:00:00,0.019470
2023-09-14 06:00:00,0.057739
2023-09-14 07:00:00,0.125061
2023-09-14 08:00:00,0.140259
2023-09-14 09:00:00,0.099548
2023-09-14 10:00:00,0.050903
2023-09-14 11:00:00,0.046448
2023-09-14 12:00:00,0.046936
2023-09-14 13:00:00,0.021545
2023-09-14 14:00:00,0.004517
2023-09-14 15:00:00,0.003113
2023-09-14 16:00:00,0.004822
2023-09-14 17:00:00,0.003113
2023-09-14 18:00:00,0.003662
2023-09-14 19:00:00,0.003296
2023-09-14 20:00:00,0.005493
2023-09-14 21:00:00,0.006470
2023-09-14 22:00:00,0.135315
2023-09-14 23:00:00,0.078857
2023-09-15 00:00:00,0.098572
2023-09-15 01:00:00,0.181641
2023-09-15 02:00:00,0.008820
2023-09-15 03:00:00,0.006104
2023-09-15 04:00:00,0.011353
2023-09-15 05:00:00,0.060303
2023-09-15 06:00:00,0.056061
2023-09-15 07:00:00,0.103058
2023-09-15 08:00:00,0.063354
2023-09-15 09:00:00,0.000214
2023-09-15 10:00:00,0.000244
2023-09-15 11:00:00,0.000488
2023-09-15 12:00:00,0.001526
2023-09-15 13:00:00,0.004883
2023-09-15 14:00:00,0.004883
2023-09-15 15:00:00,0.006409
2023-09-15 16:00:00,0.006927
2023-09-15 17:00:00,0.006165
2023-09-15 18:00:00,0.008240
2023-09-15 19:00:00,0.009155
2023-09-15 20:00:00,0.006958
2023-09-15 21:00:00,0.006012
2023-09-15 22:00:00,0.107971
2023-09-15 23:00:00,0.270691
2023-09-16 00:00:00,0.177124
2023-09-16 01:00:00,0.155457
2023-09-16 02:00:00,0.081299
2023-09-16 03:00:00,0.018311
2023-09-16 04:00:00,0.106049
2023-09-16 05:00:00,0.076599
2023-09-16 06:00:00,0.056519
2023-09-16 07:00:00,0.029572
2023-09-16 08:00:00,0.016724
2023-09-16 09:00:00,0.022003
2023-09-16 10:00:00,0.330078
2023-09-16 11:00:00,0.026123
2023-09-16 12:00:00,0.211823
2023-09-16 13:00:00,0.092651
2023-09-16 14:00:00,0.018494
2023-09-16 15:00:00,0.025757
2023-09-16 16:00:00,0.008545
2023-09-16 17:00:00,0.005157
2023-09-16 18:00:00,0.008575
2023-09-16 19:00:00,0.018860
2023-09-16 20:00:00,0.031677
2023-09-16 21:00:00,0.050476
2023-09-16 22:00:00,0.079895
2023-09-16 23:00:00,0.018250
2023-09-17 00:00:00,0.006531
2023-09-17 01:00:00,0.014587
2023-09-17 02:00:00,0.046570
2023-09-17 03:00:00,0.046936
2023-09-17 04:00:00,0.051697
2023-09-17 05:00:00,0.045288
2023-09-17 06:00:00,0.034790
2023-09-17 07:00:00,0.143311
2023-09-17 08:00:00,0.128723
2023-09-17 09:00:00,0.222656
2023-09-17 10:00:00,0.237427
2023-09-17 11:00:00,0.123901
2023-09-17 12:00:00,0.137543
2023-09-17 13:00:00,0.101257
2023-09-17 14:00:00,0.147766
2023-09-17 15:00:00,0.183746
2023-09-17 16:00:00,0.147156
2023-09-17 17:00:00,0.080017
2023-09-17 18:00:00,0.033478
2023-09-17 19:00:00,0.019104
2023-09-17 20:00:00,0.014313
2023-09-17 21:00:00,0.010925
2023-09-17 22:00:00,0.009216
2023-09-17 23:00:00,0.009644
2023-09-18 00:00:00,0.013428
2023-09-18 01:00:00,0.027405
2023-09-18 02:00:00,0.031799
2023-09-18 03:00:00,0.038757
2023-09-18 04:00:00,0.041809
2023-09-18 05:00:00,0.034180
2023-09-18 06:00:00,0.065125
2023-09-18 07:00:00,0.096924
2023-09-18 08:00:00,0.120667
2023-09-18 09:00:00,0.149231
2023-09-18 10:00:00,0.121094
2023-09-18 11:00:00,0.074280
2023-09-18 12:00:00,0.070190
2023-09-18 13:00:00,0.094299
2023-09-18 14:00:00,0.134949
2023-09-18 15:00:00,0.097351
2023-09-18 16:00:00,0.105713
2023-09-18 17:00:00,0.100769
2023-09-18 18:00:00,0.124481
2023-09-18 19:00:00,0.108551
2023-09-18 20:00:00,0.124817
2023-09-18 21:00:00,0.128296
2023-09-18 22:00:00,0.148682
2023-09-18 23:00:00,0.126587
2023-09-19 00:00:00,0.134338
2023-09-19 01:00:00,0.118042
2023-09-19 02:00:00,0.072449
2023-09-19 03:00:00,0.035431
2023-09-19 04:00:00,0.018341
2023-09-19 05:00:00,0.059143
2023-09-19 06:00:00,0.088104
2023-09-19 07:00:00,0.071167
2023-09-19 08:00:00,0.079102
2023-09-19 09:00:00,0.099243
2023-09-19 10:00:00,0.081299
2023-09-19 11:00:00,0.024353
2023-09-19 12:00:00,0.021973
2023-09-19 13:00:00,0.022034
2023-09-19 14:00:00,0.018372
2023-09-19 15:00:00,0.016968
2023-09-19 16:00:00,0.012451
2023-09-19 17:00:00,0.013916
2023-09-19 18:00:00,0.013855
2023-09-19 19:00:00,0.018188
2023-09-19 20:00:00,0.022644
2023-09-19 21:00:00,0.020996
2023-09-19 22:00:00,0.058411
2023-09-19 23:00:00,0.053406
2023-09-20 00:00:00,0.063049
2023-09-20 01:00:00,0.067444
2023-09-20 02:00:00,0.057495
2023-09-20 03:00:00,0.042969
2023-09-20 04:00:00,0.029724
2023-09-20 05:00:00,0.049072
2023-09-20 06:00:00,0.120544
2023-09-20 07:00:00,0.076111
2023-09-20 08:00:00,0.067535
2023-09-20 09:00:00,0.075195
2023-09-20 10:00:00,0.086426
2023-09-20 11:00:00,0.091370
2023-09-20 12:00:00,0.101410
2023-09-20 13:00:00,0.105652
2023-09-20 14:00:00,0.107971
2023-09-20 15:00:00,0.077026
2023-09-20 16:00:00,0.076050
2023-09-20 17:00:00,0.069397
2023-09-20 18:00:00,0.062500
2023-09-20 19:00:00,0.056335
2023-09-20 20:00:00,0.058167
2023-09-20 21:00:00,0.078522
2023-09-20 22:00:00,0.187683
2023-09-20 23:00:00,0.076782
2023-09-21 00:00:00,0.062744
2023-09-21 01:00:00,0.046265
2023-09-21 02:00:00,0.037231
2023-09-21 03:00:00,0.032471
2023-09-21 04:00:00,0.025391
2023-09-21 05:00:00,0.030792
2023-09-21 06:00:00,0.045898
2023-09-21 07:00:00,0.087372
2023-09-21 08:00:00,0.123474
2023-09-21 09:00:00,0.106567
2023-09-21 10:00:00,0.401428
2023-09-21 11:00:00,0.230774
2023-09-21 12:00:00,0.057007
2023-09-21 13:00:00,0.030579
2023-09-21 14:00:00,0.017548
2023-09-21 15:00:00,0.031738
2023-09-21 16:00:00,0.061340
2023-09-21 17:00:00,0.069824
2023-09-21 18:00:00,0.084595
2023-09-21 19:00:00,0.078857
2023-09-21 20:00:00,0.061584
2023-09-21 21:00:00,0.041199
2023-09-21 22:00:00,0.023987
2023-09-21 23:00:00,0.013672
2023-09-22 00:00:00,0.008972
2023-09-22 01:00:00,0.008606
2023-09-22 02:00:00,0.009247
2023-09-22 03:00:00,0.004181
2023-09-22 04:00:00,0.002747
2023-09-22 05:00:00,0.108795
2023-09-22 06:00:00,0.072998
2023-09-22 07:00:00,0.089172
2023-09-22 08:00:00,0.072632
2023-09-22 09:00:00,0.052429
2023-09-22 10:00:00,0.116333
2023-09-22 11:00:00,0.059723
2023-09-22 12:00:00,0.114166
2023-09-22 13:00:00,0.052795
2023-09-22 14:00:00,0.029236
2023-09-22 15:00:00,0.017029
2023-09-22 16:00:00,0.013702
2023-09-22 17:00:00,0.009888
2023-09-22 18:00:00,0.005615
2023-09-22 19:00:00,0.006317
2023-09-22 20:00:00,0.006287
2023-09-22 21:00:00,0.007477
2023-09-22 22:00:00,0.401825
2023-09-22 23:00:00,0.153748
2023-09-23 00:00:00,0.075623
2023-09-23 01:00:00,0.111816
2023-09-23 02:00:00,0.127136
2023-09-23 03:00:00,0.128906
2023-09-23 04:00:00,0.104187
2023-09-23 05:00:00,0.071198
2023-09-23 06:00:00,0.054749
2023-09-23 07:00:00,0.225769
2023-09-23 08:00:00,0.126709
2023-09-23 09:00:00,0.130432
2023-09-23 10:00:00,0.108887
2023-09-23 11:00:00,0.054413
2023-09-23 12:00:00,0.029877
2023-09-23 13:00:00,0.019531
2023-09-23 14:00:00,0.016846
2023-09-23 15:00:00,0.017395
2023-09-23 16:00:00,0.016785
2023-09-23 17:00:00,0.011719
2023-09-23 18:00:00,0.009064
2023-09-23 19:00:00,0.006592
2023-09-23 20:00:00,0.005493
2023-09-23 21:00:00,0.005798
2023-09-23 22:00:00,0.006226
2023-09-23 23:00:00,0.011841
2023-09-24 00:00:00,0.021912
2023-09-24 01:00:00,0.036224
2023-09-24 02:00:00,0.046448
2023-09-24 03:00:00,0.017090
2023-09-24 04:00:00,0.016907
2023-09-24 05:00:00,0.067261
2023-09-24 06:00:00,0.112762
2023-09-24 07:00:00,0.143616
2023-09-24 08:00:00,0.120026
2023-09-24 09:00:00,0.072754
2023-09-24 10:00:00,0.166138
2023-09-24 11:00:00,0.248108
2023-09-24 12:00:00,0.136627
2023-09-24 13:00:00,0.119080
2023-09-24 14:00:00,0.100342
2023-09-24 15:00:00,0.102356
2023-09-24 16:00:00,0.109192
2023-09-24 17:00:00,0.111938
2023-09-24 18:00:00,0.097900
2023-09-24 19:00:00,0.088745
2023-09-24 20:00:00,0.078308
2023-09-24 21:00:00,0.065430
2023-09-24 22:00:00,0.057007
2023-09-24 23:00:00,0.038330
2023-09-25 00:00:00,0.057556
2023-09-25 01:00:00,0.064392
2023-09-25 02:00:00,0.083771
2023-09-25 03:00:00,0.080750
2023-09-25 04:00:00,0.048950
2023-09-25 05:00:00,0.034729
2023-09-25 06:00:00,0.029572
2023-09-25 07:00:00,0.035339
2023-09-25 08:00:00,0.042603
2023-09-25 09:00:00,0.043701
2023-09-25 10:00:00,0.125061
2023-09-25 11:00:00,0.174988
2023-09-25 12:00:00,0.149475
2023-09-25 13:00:00,0.156555
2023-09-25 14:00:00,0.135010
2023-09-25 15:00:00,0.101196
2023-09-25 16:00:00,0.050537
2023-09-25 17:00:00,0.038879
2023-09-25 18:00:00,0.038574
2023-09-25 19:00:00,0.031738
2023-09-25 20:00:00,0.026825
2023-09-25 21:00:00,0.025360
2023-09-25 22:00:00,0.100708
2023-09-25 23:00:00,0.060120
2023-09-26 00:00:00,0.052948
2023-09-26 01:00:00,0.049805
2023-09-26 02:00:00,0.047058
2023-09-26 03:00:00,0.039642
2023-09-26 04:00:00,0.034760
2023-09-26 05:00:00,0.032318
2023-09-26 06:00:00,0.055969
2023-09-26 07:00:00,0.087158
2023-09-26 08:00:00,0.080872
2023-09-26 09:00:00,0.047913
2023-09-26 10:00:00,0.170746
2023-09-26 11:00:00,0.145020
2023-09-26 12:00:00,0.079834
2023-09-26 13:00:00,0.047119
2023-09-26 14:00:00,0.029663
2023-09-26 15:00:00,0.009460
2023-09-26 16:00:00,0.008179
2023-09-26 17:00:00,0.010986
2023-09-26 18:00:00,0.013245
2023-09-26 19:00:00,0.015015
2023-09-26 20:00:00,0.015198
2023-09-26 21:00:00,0.014404
2023-09-26 22:00:00,0.010712
2023-09-26 23:00:00,0.007751
2023-09-27 00:00:00,0.006866
2023-09-27 01:00:00,0.005859
2023-09-27 02:00:00,0.005005
2023-09-27 03:00:00,0.003113
2023-09-27 04:00:00,0.002502
2023-09-27 05:00:00,0.002991
2023-09-27 06:00:00,0.003906
2023-09-27 07:00:00,0.004150
2023-09-27 08:00:00,0.004944
2023-09-27 09:00:00,0.002808
2023-09-27 10:00:00,0.000977
2023-09-27 11:00:00,0.000702
2023-09-27 12:00:00,0.000488
2023-09-27 13:00:00,0.000427
2023-09-27 14:00:00,0.000488
2023-09-27 15:00:00,0.000610
2023-09-27 16:00:00,0.000793
2023-09-27 17:00:00,0.000977
2023-09-27 18:00:00,0.000977
2023-09-27 19:00:00,0.001099
2023-09-27 20:00:00,0.001465
2023-09-27 21:00:00,0.002075
2023-09-27 22:00:00,0.001984
2023-09-27 23:00:00,0.002960
2023-09-28 00:00:00,0.003876
2023-09-28 01:00:00,0.004364
2023-09-28 02:00:00,0.004364
2023-09-28 03:00:00,0.003571
2023-09-28 04:00:00,0.003845
2023-09-28 05:00:00,0.004272
2023-09-28 06:00:00,0.002869
2023-09-28 07:00:00,0.002747
2023-09-28 08:00:00,0.002258
2023-09-28 09:00:00,0.001892
2023-09-28 10:00:00,0.001099
2023-09-28 11:00:00,0.001099
2023-09-28 12:00:00,0.000854
2023-09-28 13:00:00,0.000549
2023-09-28 14:00:00,0.000427
2023-09-28 15:00:00,0.000061
2023-09-28 16:00:00,0.000000
2023-09-28 17:00:00,0.000000
2023-09-28 18:00:00,0.000000
2023-09-28 19:00:00,0.000000
2023-09-28 20:00:00,0.000000
2023-09-28 21:00:00,0.000000
2023-09-28 22:00:00,0.000000
2023-09-28 23:00:00,0.000000
2023-09-29 00:00:00,0.000000
2023-09-29 01:00:00,0.000000
2023-09-29 02:00:00,0.000000
2023-09-29 03:00:00,0.000000
2023-09-29 04:00:00,0.000061
2023-09-29 05:00:00,0.000183
2023-09-29 06:00:00,0.000366
2023-09-29 07:00:00,0.000610
2023-09-29 08:00:00,0.000763
2023-09-29 09:00:00,0.000793
2023-09-29 10:00:00,0.000183
2023-09-29 11:00:00,0.000244
2023-09-29 12:00:00,0.000183
2023-09-29 13:00:00,0.000183
2023-09-29 14:00:00,0.000183
2023-09-29 15:00:00,0.000122
2023-09-29 16:00:00,0.000061
2023-09-29 17:00:00,0.000061
2023-09-29 18:00:00,0.000000
2023-09-29 19:00:00,0.000000
2023-09-29 20:00:00,0.000000
2023-09-29 21:00:00,0.000000
2023-09-29 22:00:00,0.000000
2023-09-29 23:00:00,0.000000
2023-09-30 00:00:00,0.000000
2023-09-30 01:00:00,0.000000
2023-09-30 02:00:00,0.000000
2023-09-30 03:00:00,0.000000
2023-09-30 04:00:00,0.000000
2023-09-30 05:00:00,0.000000
2023-09-30 06:00:00,0.000000
2023-09-30 07:00:00,0.000000
2023-09-30 08:00:00,0.004578
2023-09-30 09:00:00,0.007385
2023-09-30 10:00:00,0.013611
2023-09-30 11:00:00,0.007935
2023-09-30 12:00:00,0.004364
2023-09-30 13:00:00,0.003052
2023-09-30 14:00:00,0.002747
2023-09-30 15:00:00,0.002319
2023-09-30 16:00:00,0.001831
2023-09-30 17:00:00,0.001282
2023-09-30 18:00:00,0.000824
2023-09-30 19:00:00,0.000732
2023-09-30 20:00:00,0.000732
2023-09-30 21:00:00,0.000793
2023-09-30 22:00:00,0.000061
2023-09-30 23:00:00,0.000000
2023-10-01 00:00:00,0.000000
2023-10-01 01:00:00,0.000000
2023-10-01 02:00:00,0.000000
2023-10-01 03:00:00,0.000000
2023-10-01 04:00:00,0.000000
2023-10-01 05:00:00,0.000000
2023-10-01 06:00:00,0.000000
2023-10-01 07:00:00,0.000061
2023-10-01 08:00:00,0.000122
2023-10-01 09:00:00,0.000183
2023-10-01 10:00:00,0.000000
2023-10-01 11:00:00,0.000000
2023-10-01 12:00:00,0.000000
2023-10-01 13:00:00,0.000000
2023-10-01 14:00:00,0.000000
2023-10-01 15:00:00,0.000000
2023-10-01 16:00:00,0.000061
2023-10-01 17:00:00,0.000061
2023-10-01 18:00:00,0.000183
2023-10-01 19:00:00,0.000366
2023-10-01 20:00:00,0.000610
2023-10-01 21:00:00,0.000732
2023-10-01 22:00:00,0.000671
2023-10-01 23:00:00,0.000214
2023-10-02 00:00:00,0.000122
2023-10-02 01:00:00,0.000092
2023-10-02 02:00:00,0.000061
2023-10-02 03:00:00,0.000061
2023-10-02 04:00:00,0.000061
2023-10-02 05:00:00,0.000061
2023-10-02 06:00:00,0.000061
2023-10-02 07:00:00,0.000061
2023-10-02 08:00:00,0.000000
2023-10-02 09:00:00,0.000000
2023-10-02 10:00:00,0.000000
2023-10-02 11:00:00,0.000000
2023-10-02 12:00:00,0.000000
2023-10-02 13:00:00,0.000000
2023-10-02 14:00:00,0.000000
2023-10-02 15:00:00,0.000000
2023-10-02 16:00:00,0.000000
2023-10-02 17:00:00,0.000000
2023-10-02 18:00:00,0.000000
2023-10-02 19:00:00,0.000000
2023-10-02 20:00:00,0.000000
2023-10-02 21:00:00,0.000000
2023-10-02 22:00:00,0.000000
2023-10-02 23:00:00,0.000000
2023-10-03 00:00:00,0.000000
2023-10-03 01:00:00,0.000000
2023-10-03 02:00:00,0.000000
2023-10-03 03:00:00,0.000000
2023-10-03 04:00:00,0.000000
2023-10-03 05:00:00,0.000000
2023-10-03 06:00:00,0.000000
2023-10-03 07:00:00,0.000000
2023-10-03 08:00:00,0.000000
2023-10-03 09:00:00,0.000000
2023-10-03 10:00:00,0.000000
2023-10-03 11:00:00,0.000000
2023-10-03 12:00:00,0.000000
2023-10-03 13:00:00,0.000000
2023-10-03 14:00:00,0.000000
2023-10-03 15:00:00,0.000000
2023-10-03 16:00:00,0.000000
2023-10-03 17:00:00,0.000000
2023-10-03 18:00:00,0.000000
2023-10-03 19:00:00,0.000000
2023-10-03 20:00:00,0.000000
2023-10-03 21:00:00,0.000000
2023-10-03 22:00:00,0.000000
2023-10-03 23:00:00,0.000000
2023-10-04 00:00:00,0.000000
2023-10-04 01:00:00,0.000000
2023-10-04 02:00:00,0.000000
2023-10-04 03:00:00,0.000000
2023-10-04 04:00:00,0.000000
2023-10-04 05:00:00,0.000000
2023-10-04 06:00:00,0.000000
2023-10-04 07:00:00,0.000000
2023-10-04 08:00:00,0.000000
2023-10-04 09:00:00,0.000000
2023-10-04 10:00:00,0.000000
2023-10-04 11:00:00,0.000000
2023-10-04 12:00:00,0.000000
2023-10-04 13:00:00,0.000000
2023-10-04 14:00:00,0.000000
2023-10-04 15:00:00,0.000000
2023-10-04 16:00:00,0.000000
2023-10-04 17:00:00,0.000000
2023-10-04 18:00:00,0.000000
2023-10-04 19:00:00,0.000000
2023-10-04 20:00:00,0.000000
2023-10-04 21:00:00,0.000000
2023-10-04 22:00:00,0.000000
2023-10-04 23:00:00,0.000000
2023-10-05 00:00:00,0.000000
2023-10-05 01:00:00,0.000000
2023-10-05 02:00:00,0.000000
2023-10-05 03:00:00,0.000000
2023-10-05 04:00:00,0.000000
2023-10-05 05:00:00,0.000000
2023-10-05 06:00:00,0.000000
2023-10-05 07:00:00,0.000000
2023-10-05 08:00:00,0.000000
2023-10-05 09:00:00,0.000000
2023-10-05 10:00:00,0.000000
2023-10-05 11:00:00,0.000000
2023-10-05 12:00:00,0.000000
2023-10-05 13:00:00,0.000000
2023-10-05 14:00:00,0.000000
2023-10-05 15:00:00,0.000000
2023-10-05 16:00:00,0.000000
2023-10-05 17:00:00,0.000000
2023-10-05 18:00:00,0.000000
2023-10-05 19:00:00,0.000000
2023-10-05 20:00:00,0.000000
2023-10-05 21:00:00,0.000000
2023-10-05 22:00:00,0.000000
2023-10-05 23:00:00,0.000000
2023-10-06 00:00:00,0.000000
2023-10-06 01:00:00,0.000000
2023-10-06 02:00:00,0.000000
2023-10-06 03:00:00,0.000000
2023-10-06 04:00:00,0.000000
2023-10-06 05:00:00,0.000000
2023-10-06 06:00:00,0.000000
2023-10-06 07:00:00,0.000000
2023-10-06 08:00:00,0.000000
2023-10-06 09:00:00,0.000000
2023-10-06 10:00:00,0.000000
2023-10-06 11:00:00,0.000000
2023-10-06 12:00:00,0.000000
2023-10-06 13:00:00,0.000000
2023-10-06 14:00:00,0.000000
2023-10-06 15:00:00,0.000000
2023-10-06 16:00:00,0.000000
2023-10-06 17:00:00,0.000000
2023-10-06 18:00:00,0.000000
2023-10-06 19:00:00,0.000000
2023-10-06 20:00:00,0.000000
2023-10-06 21:00:00,0.000000
2023-10-06 22:00:00,0.000000
2023-10-06 23:00:00,0.000000
2023-10-07 00:00:00,0.000000
2023-10-07 01:00:00,0.000000
2023-10-07 02:00:00,0.000000
2023-10-07 03:00:00,0.000000
2023-10-07 04:00:00,0.000000
2023-10-07 05:00:00,0.000000
2023-10-07 06:00:00,0.000000
2023-10-07 07:00:00,0.000000
2023-10-07 08:00:00,0.000000
2023-10-07 09:00:00,0.000000
2023-10-07 10:00:00,0.000000
2023-10-07 11:00:00,0.000000
2023-10-07 12:00:00,0.000000
2023-10-07 13:00:00,0.000000
2023-10-07 14:00:00,0.000000
2023-10-07 15:00:00,0.000000
2023-10-07 16:00:00,0.000000
2023-10-07 17:00:00,0.000000
2023-10-07 18:00:00,0.000000
2023-10-07 19:00:00,0.000000
2023-10-07 20:00:00,0.000000
2023-10-07 21:00:00,0.000000
2023-10-07 22:00:00,0.000000
2023-10-07 23:00:00,0.000000
2023-10-08 00:00:00,0.000000
2023-10-08 01:00:00,0.000000
2023-10-08 02:00:00,0.000000
2023-10-08 03:00:00,0.000000
2023-10-08 04:00:00,0.000000
2023-10-08 05:00:00,0.000000
2023-10-08 06:00:00,0.000000
2023-10-08 07:00:00,0.000000
2023-10-08 08:00:00,0.000000
2023-10-08 09:00:00,0.023376
2023-10-08 10:00:00,0.025146
2023-10-08 11:00:00,0.033722
2023-10-08 12:00:00,0.030182
2023-10-08 13:00:00,0.022156
2023-10-08 14:00:00,0.014648
2023-10-08 15:00:00,0.008850
2023-10-08 16:00:00,0.005920
2023-10-08 17:00:00,0.003784
2023-10-08 18:00:00,0.002258
2023-10-08 19:00:00,0.001099
2023-10-08 20:00:00,0.000549
2023-10-08 21:00:00,0.000305
2023-10-08 22:00:00,0.000000
2023-10-08 23:00:00,0.000000
2023-10-09 00:00:00,0.000000
2023-10-09 01:00:00,0.000000
2023-10-09 02:00:00,0.000000
2023-10-09 03:00:00,0.000000
2023-10-09 04:00:00,0.000000
2023-10-09 05:00:00,0.000000
2023-10-09 06:00:00,0.034363
2023-10-09 07:00:00,0.071777
2023-10-09 08:00:00,0.044312
2023-10-09 09:00:00,0.019318
2023-10-09 10:00:00,0.027527
2023-10-09 11:00:00,0.022278
2023-10-09 12:00:00,0.018616
2023-10-09 13:00:00,0.012451
2023-10-09 14:00:00,0.009888
2023-10-09 15:00:00,0.008667
2023-10-09 16:00:00,0.008545
2023-10-09 17:00:00,0.008667
2023-10-09 18:00:00,0.007385
2023-10-09 19:00:00,0.006378
2023-10-09 20:00:00,0.005859
2023-10-09 21:00:00,0.005554
2023-10-09 22:00:00,0.003418
2023-10-09 23:00:00,0.002258
2023-10-10 00:00:00,0.005371
2023-10-10 01:00:00,0.014160
2023-10-10 02:00:00,0.019348
2023-10-10 03:00:00,0.020691
2023-10-10 04:00:00,0.019470
2023-10-10 05:00:00,0.015381
2023-10-10 06:00:00,0.016632
2023-10-10 07:00:00,0.058228
2023-10-10 08:00:00,0.085388
2023-10-10 09:00:00,0.111053
2023-10-10 10:00:00,0.050293
2023-10-10 11:00:00,0.032532
2023-10-10 12:00:00,0.005920
2023-10-10 13:00:00,0.001038
2023-10-10 14:00:00,0.000244
2023-10-10 15:00:00,0.000000
2023-10-10 16:00:00,0.000000
2023-10-10 17:00:00,0.000000
2023-10-10 18:00:00,0.000000
2023-10-10 19:00:00,0.000000
2023-10-10 20:00:00,0.000000
2023-10-10 21:00:00,0.000000
2023-10-10 22:00:00,0.000000
2023-10-10 23:00:00,0.000000
2023-10-11 00:00:00,0.000000
2023-10-11 01:00:00,0.000000
2023-10-11 02:00:00,0.000000
2023-10-11 03:00:00,0.000000
2023-10-11 04:00:00,0.000000
2023-10-11 05:00:00,0.000000
2023-10-11 06:00:00,0.000000
2023-10-11 07:00:00,0.000000
2023-10-11 08:00:00,0.000000
2023-10-11 09:00:00,0.000000
2023-10-11 10:00:00,0.000000
2023-10-11 11:00:00,0.000000
2023-10-11 12:00:00,0.000000
2023-10-11 13:00:00,0.000000
2023-10-11 14:00:00,0.000000
2023-10-11 15:00:00,0.000000
2023-10-11 16:00:00,0.000000
2023-10-11 17:00:00,0.000000
2023-10-11 18:00:00,0.000000
2023-10-11 19:00:00,0.000000
2023-10-11 20:00:00,0.000000
2023-10-11 21:00:00,0.000000
2023-10-11 22:00:00,0.000000
2023-10-11 23:00:00,0.000000
2023-10-12 00:00:00,0.000000
2023-10-12 01:00:00,0.000000
2023-10-12 02:00:00,0.000000
2023-10-12 03:00:00,0.000000
2023-10-12 04:00:00,0.000000
2023-10-12 05:00:00,0.000000
2023-10-12 06:00:00,0.000000
2023-10-12 07:00:00,0.000000
2023-10-12 08:00:00,0.000000
2023-10-12 09:00:00,0.000000
2023-10-12 10:00:00,0.000000
2023-10-12 11:00:00,0.000000
2023-10-12 12:00:00,0.000000
2023-10-12 13:00:00,0.000000
2023-10-12 14:00:00,0.000000
2023-10-12 15:00:00,0.000000
2023-10-12 16:00:00,0.000000
2023-10-12 17:00:00,0.000000
2023-10-12 18:00:00,0.000000
2023-10-12 19:00:00,0.000000
2023-10-12 20:00:00,0.000000
2023-10-12 21:00:00,0.000000
2023-10-12 22:00:00,0.000000
2023-10-12 23:00:00,0.000000
2023-10-13 00:00:00,0.000000
2023-10-13 01:00:00,0.000000
2023-10-13 02:00:00,0.000000
2023-10-13 03:00:00,0.000000
2023-10-13 04:00:00,0.000000
2023-10-13 05:00:00,0.000000
2023-10-13 06:00:00,0.000000
2023-10-13 07:00:00,0.000000
2023-10-13 08:00:00,0.046387
2023-10-13 09:00:00,0.036804
2023-10-13 10:00:00,0.013428
2023-10-13 11:00:00,0.012268
2023-10-13 12:00:00,0.007385
2023-10-13 13:00:00,0.003418
2023-10-13 14:00:00,0.001221
2023-10-13 15:00:00,0.000916
2023-10-13 16:00:00,0.000916
2023-10-13 17:00:00,0.001038
2023-10-13 18:00:00,0.001038
2023-10-13 19:00:00,0.000977
2023-10-13 20:00:00,0.000854
2023-10-13 21:00:00,0.000793
2023-10-13 22:00:00,0.000092
2023-10-13 23:00:00,0.000061
2023-10-14 00:00:00,0.000000
2023-10-14 01:00:00,0.000000
2023-10-14 02:00:00,0.000000
2023-10-14 03:00:00,0.000000
2023-10-14 04:00:00,0.000000
2023-10-14 05:00:00,0.000000
2023-10-14 06:00:00,0.034851
2023-10-14 07:00:00,0.078491
2023-10-14 08:00:00,0.104187
2023-10-14 09:00:00,0.045410
2023-10-14 10:00:00,0.046692
2023-10-14 11:00:00,0.037354
2023-10-14 12:00:00,0.022766
2023-10-14 13:00:00,0.019073
2023-10-14 14:00:00,0.012146
2023-10-14 15:00:00,0.007599
2023-10-14 16:00:00,0.006805
2023-10-14 17:00:00,0.005554
2023-10-14 18:00:00,0.004028
2023-10-14 19:00:00,0.003052
2023-10-14 20:00:00,0.002808
2023-10-14 21:00:00,0.003113
2023-10-14 22:00:00,0.001465
2023-10-14 23:00:00,0.001404
2023-10-15 00:00:00,0.001373
2023-10-15 01:00:00,0.001099
2023-10-15 02:00:00,0.001282
2023-10-15 03:00:00,0.005615
2023-10-15 04:00:00,0.005951
2023-10-15 05:00:00,0.004578
2023-10-15 06:00:00,0.007599
2023-10-15 07:00:00,0.007050
2023-10-15 08:00:00,0.004486
2023-10-15 09:00:00,0.003937
2023-10-15 10:00:00,0.008362
2023-10-15 11:00:00,0.048340
2023-10-15 12:00:00,0.077911
2023-10-15 13:00:00,0.135345
2023-10-15 14:00:00,0.100800
2023-10-15 15:00:00,0.028534
2023-10-15 16:00:00,0.032959
2023-10-15 17:00:00,0.056213
2023-10-15 18:00:00,0.054626
2023-10-15 19:00:00,0.042725
2023-10-15 20:00:00,0.035095
2023-10-15 21:00:00,0.029053
2023-10-15 22:00:00,0.038574
2023-10-15 23:00:00,0.031738
2023-10-16 00:00:00,0.025208
2023-10-16 01:00:00,0.021179
2023-10-16 02:00:00,0.020630
2023-10-16 03:00:00,0.017944
2023-10-16 04:00:00,0.010193
2023-10-16 05:00:00,0.005920
2023-10-16 06:00:00,0.002747
2023-10-16 07:00:00,0.000732
2023-10-16 08:00:00,0.002441
2023-10-16 09:00:00,0.044189
2023-10-16 10:00:00,0.009155
2023-10-16 11:00:00,0.020020
2023-10-16 12:00:00,0.013428
2023-10-16 13:00:00,0.013245
2023-10-16 14:00:00,0.027832
2023-10-16 15:00:00,0.033997
2023-10-16 16:00:00,0.005005
2023-10-16 17:00:00,0.008606
2023-10-16 18:00:00,0.058990
2023-10-16 19:00:00,0.008606
2023-10-16 20:00:00,0.011261
2023-10-16 21:00:00,0.011536
2023-10-16 22:00:00,0.149048
2023-10-16 23:00:00,0.092499
2023-10-17 00:00:00,0.055054
2023-10-17 01:00:00,0.018402
2023-10-17 02:00:00,0.006836
2023-10-17 03:00:00,0.020569
2023-10-17 04:00:00,0.044037
2023-10-17 05:00:00,0.018860
2023-10-17 06:00:00,0.016235
2023-10-17 07:00:00,0.012329
2023-10-17 08:00:00,0.038635
2023-10-17 09:00:00,0.023499
2023-10-17 10:00:00,0.025696
2023-10-17 11:00:00,0.001251
2023-10-17 12:00:00,0.008148
2023-10-17 13:00:00,0.001221
2023-10-17 14:00:00,0.004578
2023-10-17 15:00:00,0.004639
2023-10-17 16:00:00,0.003967
2023-10-17 17:00:00,0.002747
2023-10-17 18:00:00,0.001862
2023-10-17 19:00:00,0.001556
2023-10-17 20:00:00,0.001221
2023-10-17 21:00:00,0.000946
2023-10-17 22:00:00,0.000336
2023-10-17 23:00:00,0.000153
2023-10-18 00:00:00,0.000092
2023-10-18 01:00:00,0.000031
2023-10-18 02:00:00,0.000000
2023-10-18 03:00:00,0.000000
2023-10-18 04:00:00,0.000000
2023-10-18 05:00:00,0.000000
2023-10-18 06:00:00,0.000000
2023-10-18 07:00:00,0.000885
2023-10-18 08:00:00,0.009949
2023-10-18 09:00:00,0.027100
2023-10-18 10:00:00,0.007324
2023-10-18 11:00:00,0.001434
2023-10-18 12:00:00,0.000153
2023-10-18 13:00:00,0.000000
2023-10-18 14:00:00,0.000000
2023-10-18 15:00:00,0.000000
2023-10-18 16:00:00,0.000000
2023-10-18 17:00:00,0.000000
2023-10-18 18:00:00,0.000000
2023-10-18 19:00:00,0.000000
2023-10-18 20:00:00,0.000000
2023-10-18 21:00:00,0.000000
2023-10-18 22:00:00,0.000000
2023-10-18 23:00:00,0.000000
2023-10-19 00:00:00,0.000000
2023-10-19 01:00:00,0.000000
2023-10-19 02:00:00,0.000000
2023-10-19 03:00:00,0.000000
2023-10-19 04:00:00,0.000000
2023-10-19 05:00:00,0.000000
2023-10-19 06:00:00,0.000000
2023-10-19 07:00:00,0.000000
2023-10-19 08:00:00,0.000000
2023-10-19 09:00:00,0.000000
2023-10-19 10:00:00,0.000000
2023-10-19 11:00:00,0.000000
2023-10-19 12:00:00,0.000000
2023-10-19 13:00:00,0.000000
2023-10-19 14:00:00,0.000000
2023-10-19 15:00:00,0.000000
2023-10-19 16:00:00,0.000000
2023-10-19 17:00:00,0.000000
2023-10-19 18:00:00,0.000000
2023-10-19 19:00:00,0.000000
2023-10-19 20:00:00,0.000000
2023-10-19 21:00:00,0.000000
2023-10-19 22:00:00,0.000000
2023-10-19 23:00:00,0.000000
2023-10-20 00:00:00,0.000000
2023-10-20 01:00:00,0.000000
2023-10-20 02:00:00,0.000000
2023-10-20 03:00:00,0.000000
2023-10-20 04:00:00,0.000000
2023-10-20 05:00:00,0.000000
2023-10-20 06:00:00,0.000000
2023-10-20 07:00:00,0.000000
2023-10-20 08:00:00,0.000000
2023-10-20 09:00:00,0.000000
2023-10-20 10:00:00,0.000000
2023-10-20 11:00:00,0.000000
2023-10-20 12:00:00,0.000000
2023-10-20 13:00:00,0.000000
2023-10-20 14:00:00,0.000000
2023-10-20 15:00:00,0.000000
2023-10-20 16:00:00,0.000000
2023-10-20 17:00:00,0.000000
2023-10-20 18:00:00,0.000000
2023-10-20 19:00:00,0.000000
2023-10-20 20:00:00,0.000000
2023-10-20 21:00:00,0.000000
2023-10-20 22:00:00,0.000000
2023-10-20 23:00:00,0.000000
2023-10-21 00:00:00,0.000000
2023-10-21 01:00:00,0.000000
2023-10-21 02:00:00,0.000000
2023-10-21 03:00:00,0.000000
2023-10-21 04:00:00,0.000000
2023-10-21 05:00:00,0.000000
2023-10-21 06:00:00,0.000000
2023-10-21 07:00:00,0.000549
2023-10-21 08:00:00,0.000000
2023-10-21 09:00:00,0.000000
2023-10-21 10:00:00,0.000000
2023-10-21 11:00:00,0.000000
2023-10-21 12:00:00,0.000000
2023-10-21 13:00:00,0.000000
2023-10-21 14:00:00,0.000000
2023-10-21 15:00:00,0.000000
2023-10-21 16:00:00,0.000000
2023-10-21 17:00:00,0.000000
2023-10-21 18:00:00,0.000000
2023-10-21 19:00:00,0.000000
2023-10-21 20:00:00,0.000000
2023-10-21 21:00:00,0.000000
2023-10-21 22:00:00,0.000000
2023-10-21 23:00:00,0.000000
2023-10-22 00:00:00,0.000000
2023-10-22 01:00:00,0.000000
2023-10-22 02:00:00,0.000000
2023-10-22 03:00:00,0.000000
2023-10-22 04:00:00,0.000000
2023-10-22 05:00:00,0.000031
2023-10-22 06:00:00,0.000000
2023-10-22 07:00:00,0.000031
2023-10-22 08:00:00,0.000031
2023-10-22 09:00:00,0.237091
2023-10-22 10:00:00,0.052185
2023-10-22 11:00:00,0.011292
2023-10-22 12:00:00,0.015259
2023-10-22 13:00:00,0.011963
2023-10-22 14:00:00,0.006470
2023-10-22 15:00:00,0.006531
2023-10-22 16:00:00,0.000244
2023-10-22 17:00:00,0.000061
2023-10-22 18:00:00,0.000031
2023-10-22 19:00:00,0.000000
2023-10-22 20:00:00,0.000000
2023-10-22 21:00:00,0.000000
2023-10-22 22:00:00,0.000000
2023-10-22 23:00:00,0.000000
2023-10-23 00:00:00,0.000000
2023-10-23 01:00:00,0.000000
2023-10-23 02:00:00,0.000000
2023-10-23 03:00:00,0.000000
2023-10-23 04:00:00,0.000000
2023-10-23 05:00:00,0.000000
2023-10-23 06:00:00,0.000000
2023-10-23 07:00:00,0.000000
2023-10-23 08:00:00,0.000000
2023-10-23 09:00:00,0.000000
2023-10-23 10:00:00,0.000000
2023-10-23 11:00:00,0.000000
2023-10-23 12:00:00,0.000000
2023-10-23 13:00:00,0.000000
2023-10-23 14:00:00,0.000000
2023-10-23 15:00:00,0.000000
2023-10-23 16:00:00,0.000000
2023-10-23 17:00:00,0.000000
2023-10-23 18:00:00,0.000061
2023-10-23 19:00:00,0.000244
2023-10-23 20:00:00,0.000305
2023-10-23 21:00:00,0.000305
2023-10-23 22:00:00,0.000000
2023-10-23 23:00:00,0.000061
2023-10-24 00:00:00,0.000061
2023-10-24 01:00:00,0.000061
2023-10-24 02:00:00,0.000000
2023-10-24 03:00:00,0.000000
2023-10-24 04:00:00,0.000000
2023-10-24 05:00:00,0.000000
2023-10-24 06:00:00,0.000000
2023-10-24 07:00:00,0.000000
2023-10-24 08:00:00,0.021240
2023-10-24 09:00:00,0.043701
2023-10-24 10:00:00,0.039001
2023-10-24 11:00:00,0.025269
2023-10-24 12:00:00,0.009033
2023-10-24 13:00:00,0.001038
2023-10-24 14:00:00,0.000000
2023-10-24 15:00:00,0.000000
2023-10-24 16:00:00,0.000000
2023-10-24 17:00:00,0.000000
2023-10-24 18:00:00,0.000000
2023-10-24 19:00:00,0.000000
2023-10-24 20:00:00,0.000000
2023-10-24 21:00:00,0.000000
2023-10-24 22:00:00,0.000000
2023-10-24 23:00:00,0.000000
2023-10-25 00:00:00,0.000000
2023-10-25 01:00:00,0.000000
2023-10-25 02:00:00,0.000000
2023-10-25 03:00:00,0.000000
2023-10-25 04:00:00,0.000000
2023-10-25 05:00:00,0.000000
2023-10-25 06:00:00,0.000000
2023-10-25 07:00:00,0.000000
2023-10-25 08:00:00,0.032196
2023-10-25 09:00:00,0.018463
2023-10-25 10:00:00,0.015808
2023-10-25 11:00:00,0.004639
2023-10-25 12:00:00,0.000854
2023-10-25 13:00:00,0.000244
2023-10-25 14:00:00,0.000092
2023-10-25 15:00:00,0.000061
2023-10-25 16:00:00,0.000000
2023-10-25 17:00:00,0.000031
2023-10-25 18:00:00,0.000000
2023-10-25 19:00:00,0.000000
2023-10-25 20:00:00,0.000000
2023-10-25 21:00:00,0.000000
2023-10-25 22:00:00,0.000000
2023-10-25 23:00:00,0.000000
2023-10-26 00:00:00,0.000000
2023-10-26 01:00:00,0.000000
2023-10-26 02:00:00,0.000000
2023-10-26 03:00:00,0.000000
2023-10-26 04:00:00,0.000000
2023-10-26 05:00:00,0.000000
2023-10-26 06:00:00,0.000000
2023-10-26 07:00:00,0.000000
2023-10-26 08:00:00,0.000000
2023-10-26 09:00:00,0.000000
2023-10-26 10:00:00,0.000000
2023-10-26 11:00:00,0.000000
2023-10-26 12:00:00,0.000000
2023-10-26 13:00:00,0.000000
2023-10-26 14:00:00,0.000000
2023-10-26 15:00:00,0.000000
2023-10-26 16:00:00,0.000000
2023-10-26 17:00:00,0.000000
2023-10-26 18:00:00,0.000000
2023-10-26 19:00:00,0.000000
2023-10-26 20:00:00,0.000000
2023-10-26 21:00:00,0.000000
2023-10-26 22:00:00,0.000000
2023-10-26 23:00:00,0.000000
2023-10-27 00:00:00,0.000000
2023-10-27 01:00:00,0.000000
2023-10-27 02:00:00,0.000000
2023-10-27 03:00:00,0.000000
2023-10-27 04:00:00,0.000000
2023-10-27 05:00:00,0.000000
2023-10-27 06:00:00,0.000000
2023-10-27 07:00:00,0.000000
2023-10-27 08:00:00,0.000000
2023-10-27 09:00:00,0.000000
2023-10-27 10:00:00,0.000000
2023-10-27 11:00:00,0.000000
2023-10-27 12:00:00,0.000000
2023-10-27 13:00:00,0.000000
2023-10-27 14:00:00,0.000000
2023-10-27 15:00:00,0.000000
2023-10-27 16:00:00,0.000000
2023-10-27 17:00:00,0.000000
2023-10-27 18:00:00,0.000000
2023-10-27 19:00:00,0.000000
2023-10-27 20:00:00,0.000000
2023-10-27 21:00:00,0.000000
2023-10-27 22:00:00,0.000000
2023-10-27 23:00:00,0.000061
2023-10-28 00:00:00,0.000031
2023-10-28 01:00:00,0.000000
2023-10-28 02:00:00,0.000000
2023-10-28 03:00:00,0.000000
2023-10-28 04:00:00,0.000000
2023-10-28 05:00:00,0.000000
2023-10-28 06:00:00,0.000000
2023-10-28 07:00:00,0.000000
2023-10-28 08:00:00,0.000000
2023-10-28 09:00:00,0.000000
2023-10-28 10:00:00,0.000000
2023-10-28 11:00:00,0.000000
2023-10-28 12:00:00,0.000000
2023-10-28 13:00:00,0.000000
2023-10-28 14:00:00,0.000000
2023-10-28 15:00:00,0.000000
2023-10-28 16:00:00,0.000000
2023-10-28 17:00:00,0.000000
2023-10-28 18:00:00,0.000000
2023-10-28 19:00:00,0.000000
2023-10-28 20:00:00,0.000000
2023-10-28 21:00:00,0.000000
2023-10-28 22:00:00,0.000000
2023-10-28 23:00:00,0.000000
2023-10-29 00:00:00,0.000000
2023-10-29 01:00:00,0.000000
2023-10-29 02:00:00,0.000000
2023-10-29 03:00:00,0.000000
2023-10-29 04:00:00,0.000000
2023-10-29 05:00:00,0.000000
2023-10-29 06:00:00,0.000000
2023-10-29 07:00:00,0.000000
2023-10-29 08:00:00,0.000000
2023-10-29 09:00:00,0.000000
2023-10-29 10:00:00,0.000000
2023-10-29 11:00:00,0.000000
2023-10-29 12:00:00,0.000000
2023-10-29 13:00:00,0.000000
2023-10-29 14:00:00,0.000000
2023-10-29 15:00:00,0.000000
2023-10-29 16:00:00,0.000000
2023-10-29 17:00:00,0.000000
2023-10-29 18:00:00,0.000000
2023-10-29 19:00:00,0.000000
2023-10-29 20:00:00,0.000000
2023-10-29 21:00:00,0.000061
2023-10-29 22:00:00,0.000000
2023-10-29 23:00:00,0.000092
2023-10-30 00:00:00,0.000244
2023-10-30 01:00:00,0.000519
2023-10-30 02:00:00,0.000671
2023-10-30 03:00:00,0.000549
2023-10-30 04:00:00,0.000397
2023-10-30 05:00:00,0.000153
2023-10-30 06:00:00,0.000061
2023-10-30 07:00:00,0.003937
2023-10-30 08:00:00,0.035889
2023-10-30 09:00:00,0.013733
2023-10-30 10:00:00,0.010071
2023-10-30 11:00:00,0.010315
2023-10-30 12:00:00,0.005859
2023-10-30 13:00:00,0.001160
2023-10-30 14:00:00,0.000519
2023-10-30 15:00:00,0.000397
2023-10-30 16:00:00,0.000183
2023-10-30 17:00:00,0.000183
2023-10-30 18:00:00,0.000122
2023-10-30 19:00:00,0.000122
2023-10-30 20:00:00,0.000092
2023-10-30 21:00:00,0.000061
2023-10-30 22:00:00,0.000000
2023-10-30 23:00:00,0.000000
2023-10-31 00:00:00,0.000000
2023-10-31 01:00:00,0.000000
2023-10-31 02:00:00,0.000000
2023-10-31 03:00:00,0.000000
2023-10-31 04:00:00,0.000000
2023-10-31 05:00:00,0.000000
2023-10-31 06:00:00,0.000000
2023-10-31 07:00:00,0.000916
2023-10-31 08:00:00,0.024780
2023-10-31 09:00:00,0.075745
2023-10-31 10:00:00,0.045715
2023-10-31 11:00:00,0.055359
2023-10-31 12:00:00,0.006958
2023-10-31 13:00:00,0.009888
2023-10-31 14:00:00,0.008850
2023-10-31 15:00:00,0.005554
2023-10-31 16:00:00,0.003052
2023-10-31 17:00:00,0.001770
2023-10-31 18:00:00,0.000916
2023-10-31 19:00:00,0.000366
2023-10-31 20:00:00,0.000122
2023-10-31 21:00:00,0.000061
2023-10-31 22:00:00,0.000000
2023-10-31 23:00:00,0.000000
2023-11-01 00:00:00,0.000000
2023-11-01 01:00:00,0.000000
2023-11-01 02:00:00,0.000000
2023-11-01 03:00:00,0.000000
2023-11-01 04:00:00,0.000000
2023-11-01 05:00:00,0.000000
2023-11-01 06:00:00,0.000000
2023-11-01 07:00:00,0.002380
2023-11-01 08:00:00,0.024902
2023-11-01 09:00:00,0.046844
2023-11-01 10:00:00,0.028015
2023-11-01 11:00:00,0.016174
2023-11-01 12:00:00,0.006165
2023-11-01 13:00:00,0.002014
2023-11-01 14:00:00,0.001709
2023-11-01 15:00:00,0.002350
2023-11-01 16:00:00,0.002747
2023-11-01 17:00:00,0.002808
2023-11-01 18:00:00,0.002686
2023-11-01 19:00:00,0.002502
2023-11-01 20:00:00,0.002258
2023-11-01 21:00:00,0.002075
2023-11-01 22:00:00,0.001404
2023-11-01 23:00:00,0.001099
2023-11-02 00:00:00,0.000671
2023-11-02 01:00:00,0.000488
2023-11-02 02:00:00,0.000366
2023-11-02 03:00:00,0.000244
2023-11-02 04:00:00,0.000183
2023-11-02 05:00:00,0.000122
2023-11-02 06:00:00,0.000000
2023-11-02 07:00:00,0.000671
2023-11-02 08:00:00,0.014526
2023-11-02 09:00:00,0.011597
2023-11-02 10:00:00,0.010254
2023-11-02 11:00:00,0.018372
2023-11-02 12:00:00,0.053558
2023-11-02 13:00:00,0.027527
2023-11-02 14:00:00,0.014679
2023-11-02 15:00:00,0.009155
2023-11-02 16:00:00,0.005859
2023-11-02 17:00:00,0.004333
2023-11-02 18:00:00,0.003082
2023-11-02 19:00:00,0.002197
2023-11-02 20:00:00,0.001495
2023-11-02 21:00:00,0.000854
2023-11-02 22:00:00,0.000000
2023-11-02 23:00:00,0.000000
2023-11-03 00:00:00,0.000000
2023-11-03 01:00:00,0.000000
2023-11-03 02:00:00,0.000000
2023-11-03 03:00:00,0.000000
2023-11-03 04:00:00,0.000000
2023-11-03 05:00:00,0.000000
2023-11-03 06:00:00,0.000916
2023-11-03 07:00:00,0.012512
2023-11-03 08:00:00,0.019592
2023-11-03 09:00:00,0.017517
2023-11-03 10:00:00,0.009521
2023-11-03 11:00:00,0.007751
2023-11-03 12:00:00,0.006989
2023-11-03 13:00:00,0.007812
2023-11-03 14:00:00,0.008240
2023-11-03 15:00:00,0.007874
2023-11-03 16:00:00,0.006165
2023-11-03 17:00:00,0.004669
2023-11-03 18:00:00,0.003387
2023-11-03 19:00:00,0.003052
2023-11-03 20:00:00,0.003021
2023-11-03 21:00:00,0.002258
2023-11-03 22:00:00,0.002686
2023-11-03 23:00:00,0.001709
2023-11-04 00:00:00,0.002380
2023-11-04 01:00:00,0.004395
2023-11-04 02:00:00,0.015930
2023-11-04 03:00:00,0.022278
2023-11-04 04:00:00,0.019165
2023-11-04 05:00:00,0.001770
2023-11-04 06:00:00,0.003296
2023-11-04 07:00:00,0.009827
2023-11-04 08:00:00,0.025757
2023-11-04 09:00:00,0.025604
2023-11-04 10:00:00,0.025696
2023-11-04 11:00:00,0.030029
2023-11-04 12:00:00,0.013123
2023-11-04 13:00:00,0.002625
2023-11-04 14:00:00,0.000488
2023-11-04 15:00:00,0.001038
2023-11-04 16:00:00,0.001099
2023-11-04 17:00:00,0.001648
2023-11-04 18:00:00,0.003265
2023-11-04 19:00:00,0.003540
2023-11-04 20:00:00,0.003021
2023-11-04 21:00:00,0.001617
2023-11-04 22:00:00,0.000549
2023-11-04 23:00:00,0.000916
2023-11-05 00:00:00,0.001221
2023-11-05 01:00:00,0.000977
2023-11-05 02:00:00,0.000610
2023-11-05 03:00:00,0.000244
2023-11-05 04:00:00,0.000122
2023-11-05 05:00:00,0.000061
2023-11-05 06:00:00,0.000000
2023-11-05 07:00:00,0.000549
2023-11-05 08:00:00,0.002502
2023-11-05 09:00:00,0.002625
2023-11-05 10:00:00,0.002014
2023-11-05 11:00:00,0.001831
2023-11-05 12:00:00,0.001434
2023-11-05 13:00:00,0.001282
2023-11-05 14:00:00,0.001099
2023-11-05 15:00:00,0.000305
2023-11-05 16:00:00,0.000244
2023-11-05 17:00:00,0.000122
2023-11-05 18:00:00,0.000061
2023-11-05 19:00:00,0.000031
2023-11-05 20:00:00,0.000031
2023-11-05 21:00:00,0.000000
2023-11-05 22:00:00,0.000000
2023-11-05 23:00:00,0.000000
2023-11-06 00:00:00,0.000000
2023-11-06 01:00:00,0.000000
2023-11-06 02:00:00,0.000000
2023-11-06 03:00:00,0.000000
2023-11-06 04:00:00,0.000000
2023-11-06 05:00:00,0.000000
2023-11-06 06:00:00,0.000000
2023-11-06 07:00:00,0.000000
2023-11-06 08:00:00,0.000000
2023-11-06 09:00:00,0.000122
2023-11-06 10:00:00,0.000183
2023-11-06 11:00:00,0.000336
2023-11-06 12:00:00,0.000549
2023-11-06 13:00:00,0.000275
2023-11-06 14:00:00,0.000122
2023-11-06 15:00:00,0.000061
2023-11-06 16:00:00,0.000000
2023-11-06 17:00:00,0.000000
2023-11-06 18:00:00,0.000000
2023-11-06 19:00:00,0.000000
2023-11-06 20:00:00,0.000000
2023-11-06 21:00:00,0.000061
2023-11-06 22:00:00,0.000000
2023-11-06 23:00:00,0.000183
2023-11-07 00:00:00,0.000366
2023-11-07 01:00:00,0.000763
2023-11-07 02:00:00,0.001648
2023-11-07 03:00:00,0.000122
2023-11-07 04:00:00,0.000000
2023-11-07 05:00:00,0.000000
2023-11-07 06:00:00,0.000000
2023-11-07 07:00:00,0.000000
2023-11-07 08:00:00,0.000000
2023-11-07 09:00:00,0.001160
2023-11-07 10:00:00,0.001831
2023-11-07 11:00:00,0.000732
2023-11-07 12:00:00,0.000122
2023-11-07 13:00:00,0.000061
2023-11-07 14:00:00,0.000122
2023-11-07 15:00:00,0.000061
2023-11-07 16:00:00,0.000000
2023-11-07 17:00:00,0.000000
2023-11-07 18:00:00,0.000000
2023-11-07 19:00:00,0.000000
2023-11-07 20:00:00,0.000000
2023-11-07 21:00:00,0.000000
2023-11-07 22:00:00,0.000000
2023-11-07 23:00:00,0.000000
2023-11-08 00:00:00,0.000000
2023-11-08 01:00:00,0.000000
2023-11-08 02:00:00,0.000000
2023-11-08 03:00:00,0.000000
2023-11-08 04:00:00,0.000000
2023-11-08 05:00:00,0.000000
2023-11-08 06:00:00,0.000000
2023-11-08 07:00:00,0.000000
2023-11-08 08:00:00,0.006714
2023-11-08 09:00:00,0.007874
2023-11-08 10:00:00,0.022034
2023-11-08 11:00:00,0.057251
2023-11-08 12:00:00,0.055725
2023-11-08 13:00:00,0.030823
2023-11-08 14:00:00,0.008423
2023-11-08 15:00:00,0.011475
2023-11-08 16:00:00,0.011688
2023-11-08 17:00:00,0.008545
2023-11-08 18:00:00,0.005066
2023-11-08 19:00:00,0.002441
2023-11-08 20:00:00,0.000946
2023-11-08 21:00:00,0.000366
2023-11-08 22:00:00,0.000427
2023-11-08 23:00:00,0.001343
2023-11-09 00:00:00,0.001801
2023-11-09 01:00:00,0.001434
2023-11-09 02:00:00,0.000305
2023-11-09 03:00:00,0.000000
2023-11-09 04:00:00,0.000000
2023-11-09 05:00:00,0.000000
2023-11-09 06:00:00,0.000000
2023-11-09 07:00:00,0.018982
2023-11-09 08:00:00,0.042816
2023-11-09 09:00:00,0.054108
2023-11-09 10:00:00,0.084320
2023-11-09 11:00:00,0.011963
2023-11-09 12:00:00,0.002563
2023-11-09 13:00:00,0.012177
2023-11-09 14:00:00,0.029358
2023-11-09 15:00:00,0.004059
2023-11-09 16:00:00,0.003601
2023-11-09 17:00:00,0.012817
2023-11-09 18:00:00,0.014435
2023-11-09 19:00:00,0.011658
2023-11-09 20:00:00,0.006165
2023-11-09 21:00:00,0.004089
2023-11-09 22:00:00,0.006653
2023-11-09 23:00:00,0.044983
2023-11-10 00:00:00,0.015564
2023-11-10 01:00:00,0.029053
2023-11-10 02:00:00,0.031403
2023-11-10 03:00:00,0.040741
2023-11-10 04:00:00,0.035522
2023-11-10 05:00:00,0.070160
2023-11-10 06:00:00,0.105133
2023-11-10 07:00:00,0.045105
2023-11-10 08:00:00,0.032288
2023-11-10 09:00:00,0.126984
2023-11-10 10:00:00,0.243347
2023-11-10 11:00:00,0.107971
2023-11-10 12:00:00,0.078369
2023-11-10 13:00:00,0.092163
2023-11-10 14:00:00,0.135712
2023-11-10 15:00:00,0.139771
2023-11-10 16:00:00,0.077637
2023-11-10 17:00:00,0.043396
2023-11-10 18:00:00,0.019348
2023-11-10 19:00:00,0.006287
2023-11-10 20:00:00,0.002625
2023-11-10 21:00:00,0.001892
2023-11-10 22:00:00,0.000732
2023-11-10 23:00:00,0.000732
2023-11-11 00:00:00,0.000122
2023-11-11 01:00:00,0.000000
2023-11-11 02:00:00,0.000000
2023-11-11 03:00:00,0.000000
2023-11-11 04:00:00,0.000000
2023-11-11 05:00:00,0.000000
2023-11-11 06:00:00,0.000244
2023-11-11 07:00:00,0.002563
2023-11-11 08:00:00,0.010315
2023-11-11 09:00:00,0.016235
2023-11-11 10:00:00,0.002747
2023-11-11 11:00:00,0.000366
2023-11-11 12:00:00,0.000061
2023-11-11 13:00:00,0.000000
2023-11-11 14:00:00,0.000000
2023-11-11 15:00:00,0.000000
2023-11-11 16:00:00,0.000000
2023-11-11 17:00:00,0.000000
2023-11-11 18:00:00,0.000000
2023-11-11 19:00:00,0.000000
2023-11-11 20:00:00,0.000000
2023-11-11 21:00:00,0.000000
2023-11-11 22:00:00,0.000000
2023-11-11 23:00:00,0.000000
2023-11-12 00:00:00,0.000000
2023-11-12 01:00:00,0.000000
2023-11-12 02:00:00,0.000000
2023-11-12 03:00:00,0.000000
2023-11-12 04:00:00,0.000000
2023-11-12 05:00:00,0.000000
2023-11-12 06:00:00,0.000000
2023-11-12 07:00:00,0.000000
2023-11-12 08:00:00,0.000000
2023-11-12 09:00:00,0.000000
2023-11-12 10:00:00,0.000000
2023-11-12 11:00:00,0.000000
2023-11-12 12:00:00,0.000000
2023-11-12 13:00:00,0.000000
2023-11-12 14:00:00,0.000000
2023-11-12 15:00:00,0.000000
2023-11-12 16:00:00,0.000000
2023-11-12 17:00:00,0.000000
2023-11-12 18:00:00,0.000000
2023-11-12 19:00:00,0.000000
2023-11-12 20:00:00,0.000000
2023-11-12 21:00:00,0.000000
2023-11-12 22:00:00,0.000000
2023-11-12 23:00:00,0.000000
2023-11-13 00:00:00,0.000000
2023-11-13 01:00:00,0.000000
2023-11-13 02:00:00,0.000000
2023-11-13 03:00:00,0.000000
2023-11-13 04:00:00,0.000000
2023-11-13 05:00:00,0.000000
2023-11-13 06:00:00,0.000000
2023-11-13 07:00:00,0.000000
2023-11-13 08:00:00,0.000000
2023-11-13 09:00:00,0.000000
2023-11-13 10:00:00,0.000000
2023-11-13 11:00:00,0.000000
2023-11-13 12:00:00,0.000000
2023-11-13 13:00:00,0.000000
2023-11-13 14:00:00,0.000000
2023-11-13 15:00:00,0.000000
2023-11-13 16:00:00,0.000000
2023-11-13 17:00:00,0.000000
2023-11-13 18:00:00,0.000000
2023-11-13 19:00:00,0.000000
2023-11-13 20:00:00,0.000000
2023-11-13 21:00:00,0.000000
2023-11-13 22:00:00,0.000000
2023-11-13 23:00:00,0.000000
2023-11-14 00:00:00,0.000000
2023-11-14 01:00:00,0.000000
2023-11-14 02:00:00,0.000000
2023-11-14 03:00:00,0.000000
2023-11-14 04:00:00,0.000000
2023-11-14 05:00:00,0.000000
2023-11-14 06:00:00,0.000000
2023-11-14 07:00:00,0.000000
2023-11-14 08:00:00,0.000000
2023-11-14 09:00:00,0.000000
2023-11-14 10:00:00,0.000000
2023-11-14 11:00:00,0.000000
2023-11-14 12:00:00,0.000000
2023-11-14 13:00:00,0.000000
2023-11-14 14:00:00,0.000000
2023-11-14 15:00:00,0.000000
2023-11-14 16:00:00,0.000000
2023-11-14 17:00:00,0.000000
2023-11-14 18:00:00,0.000000
2023-11-14 19:00:00,0.000000
2023-11-14 20:00:00,0.000000
2023-11-14 21:00:00,0.000000
2023-11-14 22:00:00,0.000000
2023-11-14 23:00:00,0.000000
2023-11-15 00:00:00,0.000000
2023-11-15 01:00:00,0.000000
2023-11-15 02:00:00,0.000000
2023-11-15 03:00:00,0.000000
2023-11-15 04:00:00,0.000000
2023-11-15 05:00:00,0.000000
2023-11-15 06:00:00,0.000000
2023-11-15 07:00:00,0.000000
2023-11-15 08:00:00,0.000000
2023-11-15 09:00:00,0.000000
2023-11-15 10:00:00,0.000000
2023-11-15 11:00:00,0.000000
2023-11-15 12:00:00,0.000000
2023-11-15 13:00:00,0.000000
2023-11-15 14:00:00,0.000000
2023-11-15 15:00:00,0.000000
2023-11-15 16:00:00,0.000000
2023-11-15 17:00:00,0.000000
2023-11-15 18:00:00,0.000000
2023-11-15 19:00:00,0.000000
2023-11-15 20:00:00,0.000000
2023-11-15 21:00:00,0.000000
2023-11-15 22:00:00,0.000000
2023-11-15 23:00:00,0.000000
2023-11-16 00:00:00,0.000000
2023-11-16 01:00:00,0.000000
2023-11-16 02:00:00,0.000000
2023-11-16 03:00:00,0.000000
2023-11-16 04:00:00,0.000000
2023-11-16 05:00:00,0.000000
2023-11-16 06:00:00,0.000122
2023-11-16 07:00:00,0.000488
2023-11-16 08:00:00,0.001587
2023-11-16 09:00:00,0.000793
2023-11-16 10:00:00,0.000366
2023-11-16 11:00:00,0.000000
2023-11-16 12:00:00,0.000000
2023-11-16 13:00:00,0.000000
2023-11-16 14:00:00,0.000000
2023-11-16 15:00:00,0.000000
2023-11-16 16:00:00,0.000000
2023-11-16 17:00:00,0.000000
2023-11-16 18:00:00,0.000000
2023-11-16 19:00:00,0.000000
2023-11-16 20:00:00,0.000000
2023-11-16 21:00:00,0.000000
2023-11-16 22:00:00,0.000000
2023-11-16 23:00:00,0.000000
2023-11-17 00:00:00,0.000000
2023-11-17 01:00:00,0.000061
2023-11-17 02:00:00,0.000366
2023-11-17 03:00:00,0.000122
2023-11-17 04:00:00,0.000061
2023-11-17 05:00:00,0.000122
2023-11-17 06:00:00,0.002319
2023-11-17 07:00:00,0.007996
2023-11-17 08:00:00,0.013611
2023-11-17 09:00:00,0.025208
2023-11-17 10:00:00,0.013184
2023-11-17 11:00:00,0.011475
2023-11-17 12:00:00,0.010620
2023-11-17 13:00:00,0.005249
2023-11-17 14:00:00,0.001038
2023-11-17 15:00:00,0.000061
2023-11-17 16:00:00,0.000000
2023-11-17 17:00:00,0.000000
2023-11-17 18:00:00,0.000000
2023-11-17 19:00:00,0.000061
2023-11-17 20:00:00,0.000244
2023-11-17 21:00:00,0.000488
2023-11-17 22:00:00,0.000427
2023-11-17 23:00:00,0.000427
2023-11-18 00:00:00,0.000549
2023-11-18 01:00:00,0.000793
2023-11-18 02:00:00,0.000977
2023-11-18 03:00:00,0.000793
2023-11-18 04:00:00,0.000610
2023-11-18 05:00:00,0.000488
2023-11-18 06:00:00,0.000488
2023-11-18 07:00:00,0.001312
2023-11-18 08:00:00,0.013611
2023-11-18 09:00:00,0.017700
2023-11-18 10:00:00,0.007874
2023-11-18 11:00:00,0.002319
2023-11-18 12:00:00,0.001465
2023-11-18 13:00:00,0.001465
2023-11-18 14:00:00,0.002014
2023-11-18 15:00:00,0.003418
2023-11-18 16:00:00,0.004028
2023-11-18 17:00:00,0.005554
2023-11-18 18:00:00,0.010498
2023-11-18 19:00:00,0.011780
2023-11-18 20:00:00,0.013550
2023-11-18 21:00:00,0.014130
2023-11-18 22:00:00,0.019775
2023-11-18 23:00:00,0.019897
2023-11-19 00:00:00,0.016907
2023-11-19 01:00:00,0.014648
2023-11-19 02:00:00,0.011444
2023-11-19 03:00:00,0.007874
2023-11-19 04:00:00,0.003540
2023-11-19 05:00:00,0.003235
2023-11-19 06:00:00,0.011719
2023-11-19 07:00:00,0.008881
2023-11-19 08:00:00,0.003906
2023-11-19 09:00:00,0.003235
2023-11-19 10:00:00,0.000000
2023-11-19 11:00:00,0.000000
2023-11-19 12:00:00,0.000000
2023-11-19 13:00:00,0.000000
2023-11-19 14:00:00,0.000061
2023-11-19 15:00:00,0.000061
2023-11-19 16:00:00,0.000000
2023-11-19 17:00:00,0.000000
2023-11-19 18:00:00,0.000000
2023-11-19 19:00:00,0.000000
2023-11-19 20:00:00,0.000000
2023-11-19 21:00:00,0.000000
2023-11-19 22:00:00,0.000000
2023-11-19 23:00:00,0.000000
2023-11-20 00:00:00,0.000000
2023-11-20 01:00:00,0.000000
2023-11-20 02:00:00,0.000000
2023-11-20 03:00:00,0.000000
2023-11-20 04:00:00,0.000000
2023-11-20 05:00:00,0.000000
2023-11-20 06:00:00,0.000000
2023-11-20 07:00:00,0.000000
2023-11-20 08:00:00,0.000122
2023-11-20 09:00:00,0.000183
2023-11-20 10:00:00,0.000000
2023-11-20 11:00:00,0.000000
2023-11-20 12:00:00,0.000000
2023-11-20 13:00:00,0.000000
2023-11-20 14:00:00,0.000000
2023-11-20 15:00:00,0.000000
2023-11-20 16:00:00,0.000000
2023-11-20 17:00:00,0.000000
2023-11-20 18:00:00,0.000000
2023-11-20 19:00:00,0.000000
2023-11-20 20:00:00,0.000000
2023-11-20 21:00:00,0.000000
2023-11-20 22:00:00,0.000000
2023-11-20 23:00:00,0.000000
2023-11-21 00:00:00,0.000000
2023-11-21 01:00:00,0.000000
2023-11-21 02:00:00,0.000000
2023-11-21 03:00:00,0.000000
2023-11-21 04:00:00,0.000000
2023-11-21 05:00:00,0.000000
2023-11-21 06:00:00,0.000000
2023-11-21 07:00:00,0.000000
2023-11-21 08:00:00,0.000000
2023-11-21 09:00:00,0.000000
2023-11-21 10:00:00,0.000000
2023-11-21 11:00:00,0.000000
2023-11-21 12:00:00,0.000000
2023-11-21 13:00:00,0.000000
2023-11-21 14:00:00,0.000000
2023-11-21 15:00:00,0.000000
2023-11-21 16:00:00,0.000000
2023-11-21 17:00:00,0.000000
2023-11-21 18:00:00,0.000000
2023-11-21 19:00:00,0.000000
2023-11-21 20:00:00,0.000000
2023-11-21 21:00:00,0.000000
2023-11-21 22:00:00,0.000000
2023-11-21 23:00:00,0.000000
2023-11-22 00:00:00,0.000000
2023-11-22 01:00:00,0.000000
2023-11-22 02:00:00,0.000000
2023-11-22 03:00:00,0.000000
2023-11-22 04:00:00,0.000000
2023-11-22 05:00:00,0.000000
2023-11-22 06:00:00,0.000000
2023-11-22 07:00:00,0.000000
2023-11-22 08:00:00,0.000000
2023-11-22 09:00:00,0.000000
2023-11-22 10:00:00,0.000000
2023-11-22 11:00:00,0.000000
2023-11-22 12:00:00,0.000000
2023-11-22 13:00:00,0.000000
2023-11-22 14:00:00,0.000000
2023-11-22 15:00:00,0.000000
2023-11-22 16:00:00,0.000000
2023-11-22 17:00:00,0.000000
2023-11-22 18:00:00,0.000000
2023-11-22 19:00:00,0.000000
2023-11-22 20:00:00,0.000000
2023-11-22 21:00:00,0.000000
2023-11-22 22:00:00,0.000000
2023-11-22 23:00:00,0.000000
2023-11-23 00:00:00,0.000000
2023-11-23 01:00:00,0.000000
2023-11-23 02:00:00,0.000000
2023-11-23 03:00:00,0.000000
2023-11-23 04:00:00,0.000000
2023-11-23 05:00:00,0.000000
2023-11-23 06:00:00,0.000000
2023-11-23 07:00:00,0.000000
2023-11-23 08:00:00,0.000000
2023-11-23 09:00:00,0.000000
2023-11-23 10:00:00,0.000000
2023-11-23 11:00:00,0.000000
2023-11-23 12:00:00,0.000000
2023-11-23 13:00:00,0.000000
2023-11-23 14:00:00,0.000000
2023-11-23 15:00:00,0.000000
2023-11-23 16:00:00,0.000000
2023-11-23 17:00:00,0.000000
2023-11-23 18:00:00,0.000000
2023-11-23 19:00:00,0.000000
2023-11-23 20:00:00,0.000000
2023-11-23 21:00:00,0.000000
2023-11-23 22:00:00,0.000000
2023-11-23 23:00:00,0.000000
2023-11-24 00:00:00,0.000000
2023-11-24 01:00:00,0.000000
2023-11-24 02:00:00,0.000214
2023-11-24 03:00:00,0.000244
2023-11-24 04:00:00,0.000000
2023-11-24 05:00:00,0.000000
2023-11-24 06:00:00,0.000000
2023-11-24 07:00:00,0.000000
2023-11-24 08:00:00,0.000000
2023-11-24 09:00:00,0.000000
2023-11-24 10:00:00,0.000000
2023-11-24 11:00:00,0.000000
2023-11-24 12:00:00,0.000000
2023-11-24 13:00:00,0.000000
2023-11-24 14:00:00,0.000000
2023-11-24 15:00:00,0.000000
2023-11-24 16:00:00,0.000000
2023-11-24 17:00:00,0.000000
2023-11-24 18:00:00,0.000000
2023-11-24 19:00:00,0.000000
2023-11-24 20:00:00,0.000000
2023-11-24 21:00:00,0.000000
2023-11-24 22:00:00,0.000000
2023-11-24 23:00:00,0.000000
2023-11-25 00:00:00,0.000000
2023-11-25 01:00:00,0.000000
2023-11-25 02:00:00,0.000000
2023-11-25 03:00:00,0.000000
2023-11-25 04:00:00,0.000000
2023-11-25 05:00:00,0.000000
2023-11-25 06:00:00,0.000000
2023-11-25 07:00:00,0.000000
2023-11-25 08:00:00,0.000000
2023-11-25 09:00:00,0.000000
2023-11-25 10:00:00,0.000000
2023-11-25 11:00:00,0.000000
2023-11-25 12:00:00,0.000000
2023-11-25 13:00:00,0.000000
2023-11-25 14:00:00,0.000000
2023-11-25 15:00:00,0.000000
2023-11-25 16:00:00,0.000000
2023-11-25 17:00:00,0.000000
2023-11-25 18:00:00,0.000000
2023-11-25 19:00:00,0.000000
2023-11-25 20:00:00,0.000000
2023-11-25 21:00:00,0.000000
2023-11-25 22:00:00,0.000000
2023-11-25 23:00:00,0.000000
2023-11-26 00:00:00,0.000000
2023-11-26 01:00:00,0.000000
2023-11-26 02:00:00,0.000000
2023-11-26 03:00:00,0.000000
2023-11-26 04:00:00,0.000000
2023-11-26 05:00:00,0.000000
2023-11-26 06:00:00,0.000000
2023-11-26 07:00:00,0.000000
2023-11-26 08:00:00,0.000000
2023-11-26 09:00:00,0.000000
2023-11-26 10:00:00,0.000000
2023-11-26 11:00:00,0.000000
2023-11-26 12:00:00,0.000000
2023-11-26 13:00:00,0.000000
2023-11-26 14:00:00,0.000000
2023-11-26 15:00:00,0.000000
2023-11-26 16:00:00,0.000000
2023-11-26 17:00:00,0.000000
2023-11-26 18:00:00,0.000000
2023-11-26 19:00:00,0.000000
2023-11-26 20:00:00,0.000122
2023-11-26 21:00:00,0.008301
2023-11-26 22:00:00,0.006836
2023-11-26 23:00:00,0.007080
2023-11-27 00:00:00,0.017517
2023-11-27 01:00:00,0.047546
2023-11-27 02:00:00,0.049377
2023-11-27 03:00:00,0.102325
2023-11-27 04:00:00,0.050415
2023-11-27 05:00:00,0.058228
2023-11-27 06:00:00,0.084930
2023-11-27 07:00:00,0.088226
2023-11-27 08:00:00,0.072083
2023-11-27 09:00:00,0.038116
2023-11-27 10:00:00,0.110229
2023-11-27 11:00:00,0.045654
2023-11-27 12:00:00,0.031921
2023-11-27 13:00:00,0.053772
2023-11-27 14:00:00,0.051636
2023-11-27 15:00:00,0.032471
2023-11-27 16:00:00,0.010773
2023-11-27 17:00:00,0.080750
2023-11-27 18:00:00,0.054565
2023-11-27 19:00:00,0.045898
2023-11-27 20:00:00,0.047821
2023-11-27 21:00:00,0.052002
2023-11-27 22:00:00,0.039734
2023-11-27 23:00:00,0.072510
2023-11-28 00:00:00,0.043884
2023-11-28 01:00:00,0.026123
2023-11-28 02:00:00,0.009003
2023-11-28 03:00:00,0.019653
2023-11-28 04:00:00,0.031036
2023-11-28 05:00:00,0.026917
2023-11-28 06:00:00,0.163635
2023-11-28 07:00:00,0.065247
2023-11-28 08:00:00,0.145020
2023-11-28 09:00:00,0.102173
2023-11-28 10:00:00,0.180176
2023-11-28 11:00:00,0.059387
2023-11-28 12:00:00,0.040161
2023-11-28 13:00:00,0.042358
2023-11-28 14:00:00,0.048279
2023-11-28 15:00:00,0.038513
2023-11-28 16:00:00,0.031433
2023-11-28 17:00:00,0.032104
2023-11-28 18:00:00,0.036377
2023-11-28 19:00:00,0.036560
2023-11-28 20:00:00,0.041321
2023-11-28 21:00:00,0.050842
2023-11-28 22:00:00,0.057678
2023-11-28 23:00:00,0.054626
2023-11-29 00:00:00,0.053040
2023-11-29 01:00:00,0.051758
2023-11-29 02:00:00,0.052246
2023-11-29 03:00:00,0.049500
2023-11-29 04:00:00,0.047028
2023-11-29 05:00:00,0.051849
2023-11-29 06:00:00,0.065186
2023-11-29 07:00:00,0.063202
2023-11-29 08:00:00,0.072021
2023-11-29 09:00:00,0.079407
2023-11-29 10:00:00,0.263550
2023-11-29 11:00:00,0.185730
2023-11-29 12:00:00,0.215057
2023-11-29 13:00:00,0.192688
2023-11-29 14:00:00,0.153870
2023-11-29 15:00:00,0.133484
2023-11-29 16:00:00,0.127899
2023-11-29 17:00:00,0.121307
2023-11-29 18:00:00,0.114563
2023-11-29 19:00:00,0.102356
2023-11-29 20:00:00,0.095459
2023-11-29 21:00:00,0.084290
2023-11-29 22:00:00,0.140045
2023-11-29 23:00:00,0.084656
2023-11-30 00:00:00,0.041565
2023-11-30 01:00:00,0.032043
2023-11-30 02:00:00,0.030334
2023-11-30 03:00:00,0.029907
2023-11-30 04:00:00,0.031311
2023-11-30 05:00:00,0.027985
2023-11-30 06:00:00,0.054504
2023-11-30 07:00:00,0.170654
2023-11-30 08:00:00,0.151123
2023-11-30 09:00:00,0.134705
2023-11-30 10:00:00,0.218567
2023-11-30 11:00:00,0.238403
2023-11-30 12:00:00,0.176514
2023-11-30 13:00:00,0.094360
2023-11-30 14:00:00,0.068481
2023-11-30 15:00:00,0.085022
2023-11-30 16:00:00,0.087219
2023-11-30 17:00:00,0.068481
2023-11-30 18:00:00,0.040833
2023-11-30 19:00:00,0.026855
2023-11-30 20:00:00,0.020386
2023-11-30 21:00:00,0.020569
2023-11-30 22:00:00,0.119263
2023-11-30 23:00:00,0.163330
2023-12-01 00:00:00,0.083862
2023-12-01 01:00:00,0.067749
2023-12-01 02:00:00,0.054199
2023-12-01 03:00:00,0.058777
2023-12-01 04:00:00,0.045044
2023-12-01 05:00:00,0.034058
2023-12-01 06:00:00,0.062805
2023-12-01 07:00:00,0.048279
2023-12-01 08:00:00,0.065125
2023-12-01 09:00:00,0.092529
2023-12-01 10:00:00,0.103516
2023-12-01 11:00:00,0.061249
2023-12-01 12:00:00,0.041534
2023-12-01 13:00:00,0.037720
2023-12-01 14:00:00,0.040039
2023-12-01 15:00:00,0.040955
2023-12-01 16:00:00,0.034790
2023-12-01 17:00:00,0.025330
2023-12-01 18:00:00,0.016663
2023-12-01 19:00:00,0.011597
2023-12-01 20:00:00,0.009094
2023-12-01 21:00:00,0.007202
2023-12-01 22:00:00,0.005127
2023-12-01 23:00:00,0.004456
2023-12-02 00:00:00,0.003479
2023-12-02 01:00:00,0.002716
2023-12-02 02:00:00,0.002441
2023-12-02 03:00:00,0.002258
2023-12-02 04:00:00,0.002136
2023-12-02 05:00:00,0.002014
2023-12-02 06:00:00,0.055206
2023-12-02 07:00:00,0.079102
2023-12-02 08:00:00,0.083313
2023-12-02 09:00:00,0.054077
2023-12-02 10:00:00,0.021729
2023-12-02 11:00:00,0.003815
2023-12-02 12:00:00,0.000793
2023-12-02 13:00:00,0.000122
2023-12-02 14:00:00,0.000122
2023-12-02 15:00:00,0.000122
2023-12-02 16:00:00,0.000244
2023-12-02 17:00:00,0.000366
2023-12-02 18:00:00,0.000610
2023-12-02 19:00:00,0.000916
2023-12-02 20:00:00,0.001221
2023-12-02 21:00:00,0.001343
2023-12-02 22:00:00,0.001221
2023-12-02 23:00:00,0.002563
2023-12-03 00:00:00,0.005554
2023-12-03 01:00:00,0.005859
2023-12-03 02:00:00,0.005096
2023-12-03 03:00:00,0.006775
2023-12-03 04:00:00,0.010345
2023-12-03 05:00:00,0.021271
2023-12-03 06:00:00,0.040588
2023-12-03 07:00:00,0.057556
2023-12-03 08:00:00,0.065765
2023-12-03 09:00:00,0.102234
2023-12-03 10:00:00,0.106689
2023-12-03 11:00:00,0.107422
2023-12-03 12:00:00,0.117981
2023-12-03 13:00:00,0.257080
2023-12-03 14:00:00,0.147888
2023-12-03 15:00:00,0.189270
2023-12-03 16:00:00,0.091553
2023-12-03 17:00:00,0.064270
2023-12-03 18:00:00,0.298096
2023-12-03 19:00:00,0.238983
2023-12-03 20:00:00,0.278076
2023-12-03 21:00:00,0.182068
2023-12-03 22:00:00,0.225952
2023-12-03 23:00:00,0.186218
2023-12-04 00:00:00,0.189697
2023-12-04 01:00:00,0.137726
2023-12-04 02:00:00,0.107544
2023-12-04 03:00:00,0.063019
2023-12-04 04:00:00,0.045868
2023-12-04 05:00:00,0.048828
2023-12-04 06:00:00,0.062683
2023-12-04 07:00:00,0.064423
2023-12-04 08:00:00,0.078247
2023-12-04 09:00:00,0.065979
2023-12-04 10:00:00,0.052002
2023-12-04 11:00:00,0.046936
2023-12-04 12:00:00,0.058014
2023-12-04 13:00:00,0.056396
2023-12-04 14:00:00,0.025635
2023-12-04 15:00:00,0.008392
2023-12-04 16:00:00,0.001007
2023-12-04 17:00:00,0.000488
2023-12-04 18:00:00,0.000610
2023-12-04 19:00:00,0.000793
2023-12-04 20:00:00,0.000366
2023-12-04 21:00:00,0.000244
2023-12-04 22:00:00,0.000000
2023-12-04 23:00:00,0.000000
2023-12-05 00:00:00,0.000000
2023-12-05 01:00:00,0.000000
2023-12-05 02:00:00,0.000000
2023-12-05 03:00:00,0.000000
2023-12-05 04:00:00,0.000000
2023-12-05 05:00:00,0.000000
2023-12-05 06:00:00,0.000000
2023-12-05 07:00:00,0.000000
2023-12-05 08:00:00,0.000000
2023-12-05 09:00:00,0.000000
2023-12-05 10:00:00,0.000000
2023-12-05 11:00:00,0.000000
2023-12-05 12:00:00,0.000000
2023-12-05 13:00:00,0.000000
2023-12-05 14:00:00,0.000000
2023-12-05 15:00:00,0.000000
2023-12-05 16:00:00,0.000000
2023-12-05 17:00:00,0.000000
2023-12-05 18:00:00,0.000000
2023-12-05 19:00:00,0.000000
2023-12-05 20:00:00,0.000000
2023-12-05 21:00:00,0.000000
2023-12-05 22:00:00,0.000000
2023-12-05 23:00:00,0.000000
2023-12-06 00:00:00,0.000000
2023-12-06 01:00:00,0.000000
2023-12-06 02:00:00,0.000000
2023-12-06 03:00:00,0.000000
2023-12-06 04:00:00,0.000000
2023-12-06 05:00:00,0.000000
2023-12-06 06:00:00,0.000000
2023-12-06 07:00:00,0.000000
2023-12-06 08:00:00,0.000000
2023-12-06 09:00:00,0.000000
2023-12-06 10:00:00,0.000000
2023-12-06 11:00:00,0.000000
2023-12-06 12:00:00,0.000000
2023-12-06 13:00:00,0.000000
2023-12-06 14:00:00,0.000000
2023-12-06 15:00:00,0.000061
2023-12-06 16:00:00,0.000122
2023-12-06 17:00:00,0.000214
2023-12-06 18:00:00,0.000610
2023-12-06 19:00:00,0.001648
2023-12-06 20:00:00,0.003265
2023-12-06 21:00:00,0.004059
2023-12-06 22:00:00,0.002167
2023-12-06 23:00:00,0.001190
2023-12-07 00:00:00,0.001129
2023-12-07 01:00:00,0.001678
2023-12-07 02:00:00,0.006165
2023-12-07 03:00:00,0.013062
2023-12-07 04:00:00,0.018860
2023-12-07 05:00:00,0.019592
2023-12-07 06:00:00,0.015167
2023-12-07 07:00:00,0.005615
2023-12-07 08:00:00,0.002502
2023-12-07 09:00:00,0.001465
2023-12-07 10:00:00,0.000763
2023-12-07 11:00:00,0.000244
2023-12-07 12:00:00,0.000061
2023-12-07 13:00:00,0.000000
2023-12-07 14:00:00,0.000000
2023-12-07 15:00:00,0.000000
2023-12-07 16:00:00,0.000000
2023-12-07 17:00:00,0.000000
2023-12-07 18:00:00,0.000000
2023-12-07 19:00:00,0.000000
2023-12-07 20:00:00,0.000000
2023-12-07 21:00:00,0.000000
2023-12-07 22:00:00,0.000000
2023-12-07 23:00:00,0.000000
2023-12-08 00:00:00,0.000000
2023-12-08 01:00:00,0.000000
2023-12-08 02:00:00,0.000000
2023-12-08 03:00:00,0.000000
2023-12-08 04:00:00,0.000000
2023-12-08 05:00:00,0.000000
2023-12-08 06:00:00,0.000000
2023-12-08 07:00:00,0.000000
2023-12-08 08:00:00,0.000000
2023-12-08 09:00:00,0.000000
2023-12-08 10:00:00,0.000000
2023-12-08 11:00:00,0.000000
2023-12-08 12:00:00,0.000000
2023-12-08 13:00:00,0.000000
2023-12-08 14:00:00,0.000000
2023-12-08 15:00:00,0.000000
2023-12-08 16:00:00,0.000000
2023-12-08 17:00:00,0.000000
2023-12-08 18:00:00,0.000000
2023-12-08 19:00:00,0.000000
2023-12-08 20:00:00,0.000000
2023-12-08 21:00:00,0.000000
2023-12-08 22:00:00,0.000000
2023-12-08 23:00:00,0.000000
2023-12-09 00:00:00,0.000000
2023-12-09 01:00:00,0.000000
2023-12-09 02:00:00,0.000000
2023-12-09 03:00:00,0.000000
2023-12-09 04:00:00,0.000000
2023-12-09 05:00:00,0.000000
2023-12-09 06:00:00,0.000000
2023-12-09 07:00:00,0.000000
2023-12-09 08:00:00,0.000000
2023-12-09 09:00:00,0.000000
2023-12-09 10:00:00,0.000000
2023-12-09 11:00:00,0.000000
2023-12-09 12:00:00,0.000000
2023-12-09 13:00:00,0.000000
2023-12-09 14:00:00,0.000000
2023-12-09 15:00:00,0.000000
2023-12-09 16:00:00,0.000000
2023-12-09 17:00:00,0.000000
2023-12-09 18:00:00,0.000000
2023-12-09 19:00:00,0.000000
2023-12-09 20:00:00,0.000000
2023-12-09 21:00:00,0.000000
2023-12-09 22:00:00,0.000000
2023-12-09 23:00:00,0.000000
2023-12-10 00:00:00,0.000000
2023-12-10 01:00:00,0.000000
2023-12-10 02:00:00,0.000000
2023-12-10 03:00:00,0.000000
2023-12-10 04:00:00,0.000000
2023-12-10 05:00:00,0.000000
2023-12-10 06:00:00,0.000000
2023-12-10 07:00:00,0.000000
2023-12-10 08:00:00,0.000000
2023-12-10 09:00:00,0.000000
2023-12-10 10:00:00,0.000000
2023-12-10 11:00:00,0.000000
2023-12-10 12:00:00,0.000000
2023-12-10 13:00:00,0.000000
2023-12-10 14:00:00,0.000000
2023-12-10 15:00:00,0.000000
2023-12-10 16:00:00,0.000000
2023-12-10 17:00:00,0.000000
2023-12-10 18:00:00,0.000000
2023-12-10 19:00:00,0.000000
2023-12-10 20:00:00,0.000000
2023-12-10 21:00:00,0.000000
2023-12-10 22:00:00,0.000000
2023-12-10 23:00:00,0.000000
2023-12-11 00:00:00,0.000000
2023-12-11 01:00:00,0.000000
2023-12-11 02:00:00,0.000000
2023-12-11 03:00:00,0.000000
2023-12-11 04:00:00,0.000000
2023-12-11 05:00:00,0.000000
2023-12-11 06:00:00,0.000000
2023-12-11 07:00:00,0.000000
2023-12-11 08:00:00,0.000000
2023-12-11 09:00:00,0.000000
2023-12-11 10:00:00,0.000000
2023-12-11 11:00:00,0.000000
2023-12-11 12:00:00,0.000000
2023-12-11 13:00:00,0.000000
2023-12-11 14:00:00,0.000000
2023-12-11 15:00:00,0.000000
2023-12-11 16:00:00,0.000000
2023-12-11 17:00:00,0.000000
2023-12-11 18:00:00,0.000000
2023-12-11 19:00:00,0.000000
2023-12-11 20:00:00,0.000000
2023-12-11 21:00:00,0.000000
2023-12-11 22:00:00,0.000000
2023-12-11 23:00:00,0.000000
2023-12-12 00:00:00,0.000000
2023-12-12 01:00:00,0.000000
2023-12-12 02:00:00,0.000000
2023-12-12 03:00:00,0.000000
2023-12-12 04:00:00,0.000000
2023-12-12 05:00:00,0.000000
2023-12-12 06:00:00,0.000000
2023-12-12 07:00:00,0.001587
2023-12-12 08:00:00,0.034119
2023-12-12 09:00:00,0.018799
2023-12-12 10:00:00,0.007935
2023-12-12 11:00:00,0.003845
2023-12-12 12:00:00,0.002197
2023-12-12 13:00:00,0.001770
2023-12-12 14:00:00,0.001587
2023-12-12 15:00:00,0.001282
2023-12-12 16:00:00,0.000824
2023-12-12 17:00:00,0.000488
2023-12-12 18:00:00,0.000336
2023-12-12 19:00:00,0.000244
2023-12-12 20:00:00,0.000122
2023-12-12 21:00:00,0.000061
2023-12-12 22:00:00,0.000000
2023-12-12 23:00:00,0.000000
2023-12-13 00:00:00,0.000000
2023-12-13 01:00:00,0.000000
2023-12-13 02:00:00,0.000000
2023-12-13 03:00:00,0.000000
2023-12-13 04:00:00,0.000000
2023-12-13 05:00:00,0.000000
2023-12-13 06:00:00,0.000000
2023-12-13 07:00:00,0.000000
2023-12-13 08:00:00,0.000000
2023-12-13 09:00:00,0.000000
2023-12-13 10:00:00,0.000000
2023-12-13 11:00:00,0.000000
2023-12-13 12:00:00,0.000000
2023-12-13 13:00:00,0.000000
2023-12-13 14:00:00,0.000000
2023-12-13 15:00:00,0.000000
2023-12-13 16:00:00,0.000000
2023-12-13 17:00:00,0.000000
2023-12-13 18:00:00,0.000000
2023-12-13 19:00:00,0.000000
2023-12-13 20:00:00,0.000000
2023-12-13 21:00:00,0.000000
2023-12-13 22:00:00,0.000000
2023-12-13 23:00:00,0.000000
2023-12-14 00:00:00,0.000000
2023-12-14 01:00:00,0.000000
2023-12-14 02:00:00,0.000000
2023-12-14 03:00:00,0.000000
2023-12-14 04:00:00,0.000000
2023-12-14 05:00:00,0.000000
2023-12-14 06:00:00,0.000000
2023-12-14 07:00:00,0.000000
2023-12-14 08:00:00,0.000000
2023-12-14 09:00:00,0.000000
2023-12-14 10:00:00,0.000000
2023-12-14 11:00:00,0.000000
2023-12-14 12:00:00,0.000000
2023-12-14 13:00:00,0.000000
2023-12-14 14:00:00,0.000000
2023-12-14 15:00:00,0.000000
2023-12-14 16:00:00,0.000000
2023-12-14 17:00:00,0.000000
2023-12-14 18:00:00,0.000000
2023-12-14 19:00:00,0.000000
2023-12-14 20:00:00,0.000000
2023-12-14 21:00:00,0.000000
2023-12-14 22:00:00,0.000000
2023-12-14 23:00:00,0.000000
2023-12-15 00:00:00,0.000000
2023-12-15 01:00:00,0.000000
2023-12-15 02:00:00,0.000000
2023-12-15 03:00:00,0.000000
2023-12-15 04:00:00,0.000000
2023-12-15 05:00:00,0.000000
2023-12-15 06:00:00,0.000000
2023-12-15 07:00:00,0.000000
2023-12-15 08:00:00,0.000000
2023-12-15 09:00:00,0.000000
2023-12-15 10:00:00,0.000000
2023-12-15 11:00:00,0.000000
2023-12-15 12:00:00,0.000000
2023-12-15 13:00:00,0.000000
2023-12-15 14:00:00,0.000000
2023-12-15 15:00:00,0.000000
2023-12-15 16:00:00,0.000000
2023-12-15 17:00:00,0.000000
2023-12-15 18:00:00,0.000000
2023-12-15 19:00:00,0.000000
2023-12-15 20:00:00,0.000000
2023-12-15 21:00:00,0.000000
2023-12-15 22:00:00,0.000000
2023-12-15 23:00:00,0.000000
2023-12-16 00:00:00,0.000000
2023-12-16 01:00:00,0.000000
2023-12-16 02:00:00,0.000000
2023-12-16 03:00:00,0.000000
2023-12-16 04:00:00,0.000000
2023-12-16 05:00:00,0.000000
2023-12-16 06:00:00,0.000000
2023-12-16 07:00:00,0.000000
2023-12-16 08:00:00,0.000000
2023-12-16 09:00:00,0.000000
2023-12-16 10:00:00,0.000000
2023-12-16 11:00:00,0.000000
2023-12-16 12:00:00,0.000000
2023-12-16 13:00:00,0.000000
2023-12-16 14:00:00,0.000000
2023-12-16 15:00:00,0.000061
2023-12-16 16:00:00,0.000244
2023-12-16 17:00:00,0.000244
2023-12-16 18:00:00,0.000061
2023-12-16 19:00:00,0.000000
2023-12-16 20:00:00,0.000000
2023-12-16 21:00:00,0.000000
2023-12-16 22:00:00,0.000000
2023-12-16 23:00:00,0.000000
2023-12-17 00:00:00,0.000000
2023-12-17 01:00:00,0.000000
2023-12-17 02:00:00,0.000000
2023-12-17 03:00:00,0.000000
2023-12-17 04:00:00,0.000000
2023-12-17 05:00:00,0.000000
2023-12-17 06:00:00,0.000000
2023-12-17 07:00:00,0.000000
2023-12-17 08:00:00,0.000000
2023-12-17 09:00:00,0.000000
2023-12-17 10:00:00,0.000000
2023-12-17 11:00:00,0.000061
2023-12-17 12:00:00,0.000122
2023-12-17 13:00:00,0.000427
2023-12-17 14:00:00,0.000671
2023-12-17 15:00:00,0.000671
2023-12-17 16:00:00,0.000488
2023-12-17 17:00:00,0.000122
2023-12-17 18:00:00,0.000000
2023-12-17 19:00:00,0.000000
2023-12-17 20:00:00,0.000000
2023-12-17 21:00:00,0.000000
2023-12-17 22:00:00,0.000000
2023-12-17 23:00:00,0.000000
2023-12-18 00:00:00,0.000000
2023-12-18 01:00:00,0.000000
2023-12-18 02:00:00,0.000000
2023-12-18 03:00:00,0.000000
2023-12-18 04:00:00,0.000000
2023-12-18 05:00:00,0.000000
2023-12-18 06:00:00,0.000000
2023-12-18 07:00:00,0.000000
2023-12-18 08:00:00,0.000000
2023-12-18 09:00:00,0.000000
2023-12-18 10:00:00,0.000000
2023-12-18 11:00:00,0.000000
2023-12-18 12:00:00,0.000000
2023-12-18 13:00:00,0.000000
2023-12-18 14:00:00,0.000000
2023-12-18 15:00:00,0.000000
2023-12-18 16:00:00,0.000000
2023-12-18 17:00:00,0.000000
2023-12-18 18:00:00,0.000000
2023-12-18 19:00:00,0.000000
2023-12-18 20:00:00,0.000000
2023-12-18 21:00:00,0.000000
2023-12-18 22:00:00,0.000000
2023-12-18 23:00:00,0.000000
2023-12-19 00:00:00,0.000000
2023-12-19 01:00:00,0.000000
2023-12-19 02:00:00,0.000000
2023-12-19 03:00:00,0.000000
2023-12-19 04:00:00,0.000000
2023-12-19 05:00:00,0.000000
2023-12-19 06:00:00,0.000000
2023-12-19 07:00:00,0.000000
2023-12-19 08:00:00,0.000000
2023-12-19 09:00:00,0.000000
2023-12-19 10:00:00,0.000000
2023-12-19 11:00:00,0.000000
2023-12-19 12:00:00,0.000000
2023-12-19 13:00:00,0.000000
2023-12-19 14:00:00,0.000000
2023-12-19 15:00:00,0.000000
2023-12-19 16:00:00,0.000000
2023-12-19 17:00:00,0.000000
2023-12-19 18:00:00,0.000000
2023-12-19 19:00:00,0.000000
2023-12-19 20:00:00,0.000000
2023-12-19 21:00:00,0.000000
2023-12-19 22:00:00,0.000000
2023-12-19 23:00:00,0.000000
2023-12-20 00:00:00,0.000000
2023-12-20 01:00:00,0.000000
2023-12-20 02:00:00,0.000000
2023-12-20 03:00:00,0.000000
2023-12-20 04:00:00,0.000000
2023-12-20 05:00:00,0.000000
2023-12-20 06:00:00,0.000000
2023-12-20 07:00:00,0.000000
2023-12-20 08:00:00,0.000000
2023-12-20 09:00:00,0.000000
2023-12-20 10:00:00,0.000000
2023-12-20 11:00:00,0.000000
2023-12-20 12:00:00,0.000000
2023-12-20 13:00:00,0.000000
2023-12-20 14:00:00,0.000000
2023-12-20 15:00:00,0.000000
2023-12-20 16:00:00,0.000000
2023-12-20 17:00:00,0.000000
2023-12-20 18:00:00,0.000000
2023-12-20 19:00:00,0.000000
2023-12-20 20:00:00,0.000000
2023-12-20 21:00:00,0.000000
2023-12-20 22:00:00,0.000000
2023-12-20 23:00:00,0.000000
2023-12-21 00:00:00,0.000000
2023-12-21 01:00:00,0.000000
2023-12-21 02:00:00,0.000000
2023-12-21 03:00:00,0.000000
2023-12-21 04:00:00,0.000000
2023-12-21 05:00:00,0.000000
2023-12-21 06:00:00,0.000000
2023-12-21 07:00:00,0.000000
2023-12-21 08:00:00,0.000000
2023-12-21 09:00:00,0.000000
2023-12-21 10:00:00,0.000000
2023-12-21 11:00:00,0.000000
2023-12-21 12:00:00,0.000000
2023-12-21 13:00:00,0.000000
2023-12-21 14:00:00,0.000000
2023-12-21 15:00:00,0.000000
2023-12-21 16:00:00,0.000000
2023-12-21 17:00:00,0.000000
2023-12-21 18:00:00,0.000000
2023-12-21 19:00:00,0.000000
2023-12-21 20:00:00,0.000000
2023-12-21 21:00:00,0.000000
2023-12-21 22:00:00,0.000000
2023-12-21 23:00:00,0.000000
2023-12-22 00:00:00,0.000000
2023-12-22 01:00:00,0.000000
2023-12-22 02:00:00,0.000000
2023-12-22 03:00:00,0.000000
2023-12-22 04:00:00,0.000000
2023-12-22 05:00:00,0.000000
2023-12-22 06:00:00,0.000000
2023-12-22 07:00:00,0.000000
2023-12-22 08:00:00,0.000000
2023-12-22 09:00:00,0.000000
2023-12-22 10:00:00,0.000000
2023-12-22 11:00:00,0.000000
2023-12-22 12:00:00,0.000000
2023-12-22 13:00:00,0.000000
2023-12-22 14:00:00,0.000000
2023-12-22 15:00:00,0.000000
2023-12-22 16:00:00,0.000000
2023-12-22 17:00:00,0.000000
2023-12-22 18:00:00,0.000000
2023-12-22 19:00:00,0.000000
2023-12-22 20:00:00,0.000183
2023-12-22 21:00:00,0.001099
2023-12-22 22:00:00,0.084076
2023-12-22 23:00:00,0.006409
2023-12-23 00:00:00,0.004578
2023-12-23 01:00:00,0.001770
2023-12-23 02:00:00,0.000122
2023-12-23 03:00:00,0.000000
2023-12-23 04:00:00,0.000061
2023-12-23 05:00:00,0.000275
2023-12-23 06:00:00,0.000366
2023-12-23 07:00:00,0.000244
2023-12-23 08:00:00,0.000061
2023-12-23 09:00:00,0.000000
2023-12-23 10:00:00,0.000000
2023-12-23 11:00:00,0.000000
2023-12-23 12:00:00,0.000000
2023-12-23 13:00:00,0.000031
2023-12-23 14:00:00,0.000061
2023-12-23 15:00:00,0.000061
2023-12-23 16:00:00,0.000000
2023-12-23 17:00:00,0.000000
2023-12-23 18:00:00,0.000000
2023-12-23 19:00:00,0.000000
2023-12-23 20:00:00,0.000000
2023-12-23 21:00:00,0.000000
2023-12-23 22:00:00,0.000000
2023-12-23 23:00:00,0.000000
2023-12-24 00:00:00,0.000000
2023-12-24 01:00:00,0.000000
2023-12-24 02:00:00,0.000000
2023-12-24 03:00:00,0.000000
2023-12-24 04:00:00,0.000000
2023-12-24 05:00:00,0.000000
2023-12-24 06:00:00,0.000000
2023-12-24 07:00:00,0.000000
2023-12-24 08:00:00,0.000000
2023-12-24 09:00:00,0.000000
2023-12-24 10:00:00,0.000000
2023-12-24 11:00:00,0.000000
2023-12-24 12:00:00,0.000000
2023-12-24 13:00:00,0.000000
2023-12-24 14:00:00,0.000000
2023-12-24 15:00:00,0.000000
2023-12-24 16:00:00,0.000000
2023-12-24 17:00:00,0.000000
2023-12-24 18:00:00,0.000000
2023-12-24 19:00:00,0.000000
2023-12-24 20:00:00,0.000000
2023-12-24 21:00:00,0.000000
2023-12-24 22:00:00,0.000000
2023-12-24 23:00:00,0.000000
2023-12-25 00:00:00,0.000000
2023-12-25 01:00:00,0.000000
2023-12-25 02:00:00,0.000000
2023-12-25 03:00:00,0.000000
2023-12-25 04:00:00,0.000061
2023-12-25 05:00:00,0.000000
2023-12-25 06:00:00,0.000000
2023-12-25 07:00:00,0.000000
2023-12-25 08:00:00,0.000000
2023-12-25 09:00:00,0.000000
2023-12-25 10:00:00,0.000000
2023-12-25 11:00:00,0.000000
2023-12-25 12:00:00,0.000000
2023-12-25 13:00:00,0.000000
2023-12-25 14:00:00,0.000000
2023-12-25 15:00:00,0.000000
2023-12-25 16:00:00,0.000000
2023-12-25 17:00:00,0.000000
2023-12-25 18:00:00,0.000000
2023-12-25 19:00:00,0.000000
2023-12-25 20:00:00,0.000000
2023-12-25 21:00:00,0.000000
2023-12-25 22:00:00,0.000000
2023-12-25 23:00:00,0.000000
2023-12-26 00:00:00,0.000000
2023-12-26 01:00:00,0.000000
2023-12-26 02:00:00,0.000000
2023-12-26 03:00:00,0.000000
2023-12-26 04:00:00,0.000000
2023-12-26 05:00:00,0.000000
2023-12-26 06:00:00,0.000000
2023-12-26 07:00:00,0.000000
2023-12-26 08:00:00,0.000000
2023-12-26 09:00:00,0.000000
2023-12-26 10:00:00,0.000000
2023-12-26 11:00:00,0.000000
2023-12-26 12:00:00,0.000000
2023-12-26 13:00:00,0.000000
2023-12-26 14:00:00,0.000000
2023-12-26 15:00:00,0.000000
2023-12-26 16:00:00,0.000000
2023-12-26 17:00:00,0.000000
2023-12-26 18:00:00,0.000000
2023-12-26 19:00:00,0.000000
2023-12-26 20:00:00,0.000000
2023-12-26 21:00:00,0.000000
2023-12-26 22:00:00,0.000000
2023-12-26 23:00:00,0.000000
2023-12-27 00:00:00,0.000000
2023-12-27 01:00:00,0.000000
2023-12-27 02:00:00,0.000000
2023-12-27 03:00:00,0.000000
2023-12-27 04:00:00,0.000000
2023-12-27 05:00:00,0.000000
2023-12-27 06:00:00,0.000000
2023-12-27 07:00:00,0.000000
2023-12-27 08:00:00,0.000000
2023-12-27 09:00:00,0.000000
2023-12-27 10:00:00,0.000000
2023-12-27 11:00:00,0.000000
2023-12-27 12:00:00,0.000000
2023-12-27 13:00:00,0.000000
2023-12-27 14:00:00,0.000000
2023-12-27 15:00:00,0.000000
2023-12-27 16:00:00,0.000000
2023-12-27 17:00:00,0.000000
2023-12-27 18:00:00,0.000000
2023-12-27 19:00:00,0.000000
2023-12-27 20:00:00,0.000000
2023-12-27 21:00:00,0.000000
2023-12-27 22:00:00,0.000000
2023-12-27 23:00:00,0.000000
2023-12-28 00:00:00,0.000000
2023-12-28 01:00:00,0.001221
2023-12-28 02:00:00,0.014954
2023-12-28 03:00:00,0.057312
2023-12-28 04:00:00,0.075684
2023-12-28 05:00:00,0.061584
2023-12-28 06:00:00,0.032166
2023-12-28 07:00:00,0.010559
2023-12-28 08:00:00,0.000549
2023-12-28 09:00:00,0.000000
2023-12-28 10:00:00,0.000000
2023-12-28 11:00:00,0.000000
2023-12-28 12:00:00,0.000000
2023-12-28 13:00:00,0.000000
2023-12-28 14:00:00,0.000000
2023-12-28 15:00:00,0.000000
2023-12-28 16:00:00,0.000000
2023-12-28 17:00:00,0.000000
2023-12-28 18:00:00,0.000000
2023-12-28 19:00:00,0.000000
2023-12-28 20:00:00,0.000000
2023-12-28 21:00:00,0.002441
2023-12-28 22:00:00,0.004211
2023-12-28 23:00:00,0.023376
2023-12-29 00:00:00,0.063049
2023-12-29 01:00:00,0.089783
2023-12-29 02:00:00,0.125183
2023-12-29 03:00:00,0.167236
2023-12-29 04:00:00,0.146912
2023-12-29 05:00:00,0.134216
2023-12-29 06:00:00,0.097839
2023-12-29 07:00:00,0.056396
2023-12-29 08:00:00,0.045410
2023-12-29 09:00:00,0.022522
2023-12-29 10:00:00,0.013367
2023-12-29 11:00:00,0.001831
2023-12-29 12:00:00,0.000488
2023-12-29 13:00:00,0.000519
2023-12-29 14:00:00,0.000610
2023-12-29 15:00:00,0.000488
2023-12-29 16:00:00,0.000153
2023-12-29 17:00:00,0.000122
2023-12-29 18:00:00,0.000183
2023-12-29 19:00:00,0.000366
2023-12-29 20:00:00,0.000549
2023-12-29 21:00:00,0.002869
2023-12-29 22:00:00,0.000244
2023-12-29 23:00:00,0.002075
2023-12-30 00:00:00,0.010315
2023-12-30 01:00:00,0.037872
2023-12-30 02:00:00,0.065125
2023-12-30 03:00:00,0.079712
2023-12-30 04:00:00,0.072754
2023-12-30 05:00:00,0.050934
2023-12-30 06:00:00,0.034058
2023-12-30 07:00:00,0.012360
2023-12-30 08:00:00,0.001251
2023-12-30 09:00:00,0.000610
2023-12-30 10:00:00,0.000946
2023-12-30 11:00:00,0.001099
2023-12-30 12:00:00,0.001282
2023-12-30 13:00:00,0.001465
2023-12-30 14:00:00,0.000916
2023-12-30 15:00:00,0.000671
2023-12-30 16:00:00,0.000305
2023-12-30 17:00:00,0.000183
2023-12-30 18:00:00,0.000061
2023-12-30 19:00:00,0.000061
2023-12-30 20:00:00,0.001831
2023-12-30 21:00:00,0.011536
2023-12-30 22:00:00,0.020203
2023-12-30 23:00:00,0.057312
2023-12-31 00:00:00,0.110596
2023-12-31 01:00:00,0.137390
2023-12-31 02:00:00,0.131927
2023-12-31 03:00:00,0.127167
2023-12-31 04:00:00,0.105408
2023-12-31 05:00:00,0.043488
2023-12-31 06:00:00,0.017273
2023-12-31 07:00:00,0.003815
2023-12-31 08:00:00,0.000427
2023-12-31 09:00:00,0.000183
2023-12-31 10:00:00,0.008850
2023-12-31 11:00:00,0.010620
2023-12-31 12:00:00,0.007690
2023-12-31 13:00:00,0.008423
2023-12-31 14:00:00,0.005829
2023-12-31 15:00:00,0.004150
2023-12-31 16:00:00,0.002441
2023-12-31 17:00:00,0.001709
2023-12-31 18:00:00,0.001038
2023-12-31 19:00:00,0.000671
2023-12-31 20:00:00,0.000519
2023-12-31 21:00:00,0.000671
2023-12-31 22:00:00,0.001404
2023-12-31 23:00:00,0.006104
2024-01-01 00:00:00,0.018372
2024-01-01 01:00:00,0.032501
2024-01-01 02:00:00,0.047607
2024-01-01 03:00:00,0.054291
2024-01-01 04:00:00,0.038696
2024-01-01 05:00:00,0.026642
2024-01-01 06:00:00,0.013428
2024-01-01 07:00:00,0.001282
2024-01-01 08:00:00,0.000000
2024-01-01 09:00:00,0.000000
2024-01-01 10:00:00,0.000000
2024-01-01 11:00:00,0.000061
2024-01-01 12:00:00,0.000488
2024-01-01 13:00:00,0.002136
2024-01-01 14:00:00,0.002625
2024-01-01 15:00:00,0.000916
2024-01-01 16:00:00,0.000183
2024-01-01 17:00:00,0.000122
2024-01-01 18:00:00,0.000061
2024-01-01 19:00:00,0.000061
2024-01-01 20:00:00,0.000061
2024-01-01 21:00:00,0.000000
2024-01-01 22:00:00,0.000061
2024-01-01 23:00:00,0.000275
2024-01-02 00:00:00,0.004211
2024-01-02 01:00:00,0.022888
2024-01-02 02:00:00,0.057068
2024-01-02 03:00:00,0.083221
2024-01-02 04:00:00,0.080200
2024-01-02 05:00:00,0.054016
2024-01-02 06:00:00,0.020447
2024-01-02 07:00:00,0.006531
2024-01-02 08:00:00,0.001587
2024-01-02 09:00:00,0.000366
2024-01-02 10:00:00,0.001038
2024-01-02 11:00:00,0.000092
2024-01-02 12:00:00,0.000061
2024-01-02 13:00:00,0.000122
2024-01-02 14:00:00,0.000244
2024-01-02 15:00:00,0.000366
2024-01-02 16:00:00,0.000488
2024-01-02 17:00:00,0.000610
2024-01-02 18:00:00,0.000610
2024-01-02 19:00:00,0.000549
2024-01-02 20:00:00,0.000549
2024-01-02 21:00:00,0.000458
2024-01-02 22:00:00,0.013489
2024-01-02 23:00:00,0.035583
2024-01-03 00:00:00,0.066101
2024-01-03 01:00:00,0.091522
2024-01-03 02:00:00,0.110657
2024-01-03 03:00:00,0.118164
2024-01-03 04:00:00,0.114746
2024-01-03 05:00:00,0.104950
2024-01-03 06:00:00,0.062988
2024-01-03 07:00:00,0.038452
2024-01-03 08:00:00,0.035522
2024-01-03 09:00:00,0.037750
2024-01-03 10:00:00,0.036926
2024-01-03 11:00:00,0.031006
2024-01-03 12:00:00,0.028076
2024-01-03 13:00:00,0.021606
2024-01-03 14:00:00,0.018158
2024-01-03 15:00:00,0.026428
2024-01-03 16:00:00,0.042419
2024-01-03 17:00:00,0.070007
2024-01-03 18:00:00,0.102295
2024-01-03 19:00:00,0.132385
2024-01-03 20:00:00,0.140686
2024-01-03 21:00:00,0.152649
2024-01-03 22:00:00,0.151917
2024-01-03 23:00:00,0.176971
2024-01-04 00:00:00,0.191284
2024-01-04 01:00:00,0.176880
2024-01-04 02:00:00,0.108887
2024-01-04 03:00:00,0.129456
2024-01-04 04:00:00,0.115723
2024-01-04 05:00:00,0.086365
2024-01-04 06:00:00,0.060181
2024-01-04 07:00:00,0.058655
2024-01-04 08:00:00,0.092102
2024-01-04 09:00:00,0.065796
2024-01-04 10:00:00,0.083038
2024-01-04 11:00:00,0.082977
2024-01-04 12:00:00,0.074188
2024-01-04 13:00:00,0.042236
2024-01-04 14:00:00,0.019012
2024-01-04 15:00:00,0.008881
2024-01-04 16:00:00,0.006653
2024-01-04 17:00:00,0.006897
2024-01-04 18:00:00,0.008667
2024-01-04 19:00:00,0.015625
2024-01-04 20:00:00,0.024231
2024-01-04 21:00:00,0.033813
2024-01-04 22:00:00,0.087494
2024-01-04 23:00:00,0.147095
2024-01-05 00:00:00,0.147858
2024-01-05 01:00:00,0.119995
2024-01-05 02:00:00,0.078308
2024-01-05 03:00:00,0.059662
2024-01-05 04:00:00,0.063293
2024-01-05 05:00:00,0.082886
2024-01-05 06:00:00,0.117126
2024-01-05 07:00:00,0.180969
2024-01-05 08:00:00,0.185181
2024-01-05 09:00:00,0.171814
2024-01-05 10:00:00,0.223572
2024-01-05 11:00:00,0.110718
2024-01-05 12:00:00,0.080994
2024-01-05 13:00:00,0.114319
2024-01-05 14:00:00,0.144348
2024-01-05 15:00:00,0.143738
2024-01-05 16:00:00,0.131592
2024-01-05 17:00:00,0.098206
2024-01-05 18:00:00,0.084534
2024-01-05 19:00:00,0.108154
2024-01-05 20:00:00,0.120483
2024-01-05 21:00:00,0.128082
2024-01-05 22:00:00,0.121948
2024-01-05 23:00:00,0.081268
2024-01-06 00:00:00,0.068665
2024-01-06 01:00:00,0.069946
2024-01-06 02:00:00,0.100220
2024-01-06 03:00:00,0.106445
2024-01-06 04:00:00,0.085083
2024-01-06 05:00:00,0.075928
2024-01-06 06:00:00,0.060669
2024-01-06 07:00:00,0.016846
2024-01-06 08:00:00,0.008667
2024-01-06 09:00:00,0.001648
2024-01-06 10:00:00,0.007324
2024-01-06 11:00:00,0.002747
2024-01-06 12:00:00,0.004456
2024-01-06 13:00:00,0.006104
2024-01-06 14:00:00,0.006256
2024-01-06 15:00:00,0.005676
2024-01-06 16:00:00,0.006226
2024-01-06 17:00:00,0.007385
2024-01-06 18:00:00,0.008087
2024-01-06 19:00:00,0.007172
2024-01-06 20:00:00,0.005768
2024-01-06 21:00:00,0.004272
2024-01-06 22:00:00,0.002197
2024-01-06 23:00:00,0.002258
2024-01-07 00:00:00,0.009094
2024-01-07 01:00:00,0.030945
2024-01-07 02:00:00,0.047119
2024-01-07 03:00:00,0.057739
2024-01-07 04:00:00,0.047363
2024-01-07 05:00:00,0.016052
2024-01-07 06:00:00,0.005127
2024-01-07 07:00:00,0.003052
2024-01-07 08:00:00,0.001953
2024-01-07 09:00:00,0.000793
2024-01-07 10:00:00,0.000061
2024-01-07 11:00:00,0.000061
2024-01-07 12:00:00,0.000183
2024-01-07 13:00:00,0.000366
2024-01-07 14:00:00,0.000427
2024-01-07 15:00:00,0.000427
2024-01-07 16:00:00,0.000305
2024-01-07 17:00:00,0.000244
2024-01-07 18:00:00,0.000061
2024-01-07 19:00:00,0.000061
2024-01-07 20:00:00,0.000061
2024-01-07 21:00:00,0.000122
2024-01-07 22:00:00,0.000183
2024-01-07 23:00:00,0.000061
2024-01-08 00:00:00,0.000610
2024-01-08 01:00:00,0.003326
2024-01-08 02:00:00,0.009521
2024-01-08 03:00:00,0.018066
2024-01-08 04:00:00,0.005829
2024-01-08 05:00:00,0.002319
2024-01-08 06:00:00,0.000427
2024-01-08 07:00:00,0.000946
2024-01-08 08:00:00,0.001892
2024-01-08 09:00:00,0.003052
2024-01-08 10:00:00,0.004028
2024-01-08 11:00:00,0.004761
2024-01-08 12:00:00,0.004700
2024-01-08 13:00:00,0.003357
2024-01-08 14:00:00,0.002014
2024-01-08 15:00:00,0.001221
2024-01-08 16:00:00,0.000916
2024-01-08 17:00:00,0.000610
2024-01-08 18:00:00,0.000916
2024-01-08 19:00:00,0.003052
2024-01-08 20:00:00,0.003723
2024-01-08 21:00:00,0.002960
2024-01-08 22:00:00,0.011230
2024-01-08 23:00:00,0.020905
2024-01-09 00:00:00,0.038116
2024-01-09 01:00:00,0.061615
2024-01-09 02:00:00,0.081818
2024-01-09 03:00:00,0.099274
2024-01-09 04:00:00,0.079102
2024-01-09 05:00:00,0.054749
2024-01-09 06:00:00,0.030640
2024-01-09 07:00:00,0.019531
2024-01-09 08:00:00,0.012878
2024-01-09 09:00:00,0.009125
2024-01-09 10:00:00,0.004578
2024-01-09 11:00:00,0.000488
2024-01-09 12:00:00,0.000061
2024-01-09 13:00:00,0.000000
2024-01-09 14:00:00,0.000000
2024-01-09 15:00:00,0.000000
2024-01-09 16:00:00,0.000000
2024-01-09 17:00:00,0.000000
2024-01-09 18:00:00,0.000000
2024-01-09 19:00:00,0.000000
2024-01-09 20:00:00,0.000000
2024-01-09 21:00:00,0.000000
2024-01-09 22:00:00,0.000000
2024-01-09 23:00:00,0.000000
2024-01-10 00:00:00,0.000092
2024-01-10 01:00:00,0.000336
2024-01-10 02:00:00,0.003174
2024-01-10 03:00:00,0.002533
2024-01-10 04:00:00,0.001343
2024-01-10 05:00:00,0.000610
2024-01-10 06:00:00,0.000153
2024-01-10 07:00:00,0.000000
2024-01-10 08:00:00,0.000000
2024-01-10 09:00:00,0.000000
2024-01-10 10:00:00,0.000000
2024-01-10 11:00:00,0.000000
2024-01-10 12:00:00,0.000000
2024-01-10 13:00:00,0.000000
2024-01-10 14:00:00,0.000000
2024-01-10 15:00:00,0.000000
2024-01-10 16:00:00,0.000000
2024-01-10 17:00:00,0.000000
2024-01-10 18:00:00,0.000000
2024-01-10 19:00:00,0.000000
2024-01-10 20:00:00,0.000000
2024-01-10 21:00:00,0.000000
2024-01-10 22:00:00,0.000122
2024-01-10 23:00:00,0.002747
2024-01-11 00:00:00,0.010193
2024-01-11 01:00:00,0.034851
2024-01-11 02:00:00,0.062958
2024-01-11 03:00:00,0.075684
2024-01-11 04:00:00,0.054871
2024-01-11 05:00:00,0.023407
2024-01-11 06:00:00,0.008423
2024-01-11 07:00:00,0.000244
2024-01-11 08:00:00,0.000000
2024-01-11 09:00:00,0.000000
2024-01-11 10:00:00,0.000000
2024-01-11 11:00:00,0.000000
2024-01-11 12:00:00,0.000000
2024-01-11 13:00:00,0.000000
2024-01-11 14:00:00,0.000000
2024-01-11 15:00:00,0.000000
2024-01-11 16:00:00,0.000000
2024-01-11 17:00:00,0.000000
2024-01-11 18:00:00,0.000000
2024-01-11 19:00:00,0.000000
2024-01-11 20:00:00,0.000000
2024-01-11 21:00:00,0.000000
2024-01-11 22:00:00,0.000000
2024-01-11 23:00:00,0.000000
2024-01-12 00:00:00,0.000000
2024-01-12 01:00:00,0.000000
2024-01-12 02:00:00,0.000000
2024-01-12 03:00:00,0.000000
2024-01-12 04:00:00,0.000000
2024-01-12 05:00:00,0.000031
2024-01-12 06:00:00,0.000000
2024-01-12 07:00:00,0.000000
2024-01-12 08:00:00,0.000000
2024-01-12 09:00:00,0.000000
2024-01-12 10:00:00,0.000000
2024-01-12 11:00:00,0.000000
2024-01-12 12:00:00,0.000000
2024-01-12 13:00:00,0.000031
2024-01-12 14:00:00,0.000000
2024-01-12 15:00:00,0.000000
2024-01-12 16:00:00,0.000000
2024-01-12 17:00:00,0.000000
2024-01-12 18:00:00,0.000000
2024-01-12 19:00:00,0.000000
2024-01-12 20:00:00,0.000000
2024-01-12 21:00:00,0.000000
2024-01-12 22:00:00,0.000092
2024-01-12 23:00:00,0.004944
2024-01-13 00:00:00,0.021301
2024-01-13 01:00:00,0.038208
2024-01-13 02:00:00,0.058380
2024-01-13 03:00:00,0.067230
2024-01-13 04:00:00,0.050781
2024-01-13 05:00:00,0.018585
2024-01-13 06:00:00,0.000488
2024-01-13 07:00:00,0.000000
2024-01-13 08:00:00,0.000000
2024-01-13 09:00:00,0.000000
2024-01-13 10:00:00,0.000000
2024-01-13 11:00:00,0.000000
2024-01-13 12:00:00,0.000000
2024-01-13 13:00:00,0.000000
2024-01-13 14:00:00,0.000000
2024-01-13 15:00:00,0.000000
2024-01-13 16:00:00,0.000000
2024-01-13 17:00:00,0.000000
2024-01-13 18:00:00,0.000000
2024-01-13 19:00:00,0.000000
2024-01-13 20:00:00,0.000000
2024-01-13 21:00:00,0.000000
2024-01-13 22:00:00,0.000061
2024-01-13 23:00:00,0.001007
2024-01-14 00:00:00,0.007812
2024-01-14 01:00:00,0.022095
2024-01-14 02:00:00,0.042450
2024-01-14 03:00:00,0.054657
2024-01-14 04:00:00,0.033234
2024-01-14 05:00:00,0.009277
2024-01-14 06:00:00,0.000458
2024-01-14 07:00:00,0.000000
2024-01-14 08:00:00,0.000000
2024-01-14 09:00:00,0.000000
2024-01-14 10:00:00,0.000000
2024-01-14 11:00:00,0.000000
2024-01-14 12:00:00,0.000000
2024-01-14 13:00:00,0.000000
2024-01-14 14:00:00,0.000000
2024-01-14 15:00:00,0.000000
2024-01-14 16:00:00,0.000000
2024-01-14 17:00:00,0.000000
2024-01-14 18:00:00,0.000000
2024-01-14 19:00:00,0.000000
2024-01-14 20:00:00,0.000000
2024-01-14 21:00:00,0.000000
2024-01-14 22:00:00,0.000000
2024-01-14 23:00:00,0.001953
2024-01-15 00:00:00,0.017212
2024-01-15 01:00:00,0.057465
2024-01-15 02:00:00,0.082733
2024-01-15 03:00:00,0.083252
2024-01-15 04:00:00,0.063782
2024-01-15 05:00:00,0.022888
2024-01-15 06:00:00,0.003235
2024-01-15 07:00:00,0.000092
2024-01-15 08:00:00,0.000000
2024-01-15 09:00:00,0.000000
2024-01-15 10:00:00,0.000000
2024-01-15 11:00:00,0.000000
2024-01-15 12:00:00,0.000000
2024-01-15 13:00:00,0.000000
2024-01-15 14:00:00,0.000000
2024-01-15 15:00:00,0.000000
2024-01-15 16:00:00,0.000000
2024-01-15 17:00:00,0.000000
2024-01-15 18:00:00,0.000000
2024-01-15 19:00:00,0.000000
2024-01-15 20:00:00,0.000000
2024-01-15 21:00:00,0.000000
2024-01-15 22:00:00,0.000214
2024-01-15 23:00:00,0.003754
2024-01-16 00:00:00,0.012115
2024-01-16 01:00:00,0.029663
2024-01-16 02:00:00,0.040710
2024-01-16 03:00:00,0.054199
2024-01-16 04:00:00,0.030579
2024-01-16 05:00:00,0.004211
2024-01-16 06:00:00,0.000061
2024-01-16 07:00:00,0.000000
2024-01-16 08:00:00,0.000000
2024-01-16 09:00:00,0.000000
2024-01-16 10:00:00,0.000000
2024-01-16 11:00:00,0.000000
2024-01-16 12:00:00,0.000000
2024-01-16 13:00:00,0.000000
2024-01-16 14:00:00,0.000000
2024-01-16 15:00:00,0.000000
2024-01-16 16:00:00,0.000000
2024-01-16 17:00:00,0.000000
2024-01-16 18:00:00,0.000000
2024-01-16 19:00:00,0.000000
2024-01-16 20:00:00,0.000000
2024-01-16 21:00:00,0.000000
2024-01-16 22:00:00,0.000000
2024-01-16 23:00:00,0.000000
2024-01-17 00:00:00,0.000305
2024-01-17 01:00:00,0.004822
2024-01-17 02:00:00,0.013611
2024-01-17 03:00:00,0.024109
2024-01-17 04:00:00,0.011169
2024-01-17 05:00:00,0.002563
2024-01-17 06:00:00,0.000031
2024-01-17 07:00:00,0.000000
2024-01-17 08:00:00,0.000153
2024-01-17 09:00:00,0.000244
2024-01-17 10:00:00,0.000305
2024-01-17 11:00:00,0.000153
2024-01-17 12:00:00,0.000092
2024-01-17 13:00:00,0.000061
2024-01-17 14:00:00,0.000061
2024-01-17 15:00:00,0.000061
2024-01-17 16:00:00,0.000122
2024-01-17 17:00:00,0.000183
2024-01-17 18:00:00,0.000244
2024-01-17 19:00:00,0.000275
2024-01-17 20:00:00,0.000244
2024-01-17 21:00:00,0.000244
2024-01-17 22:00:00,0.000244
2024-01-17 23:00:00,0.000854
2024-01-18 00:00:00,0.009552
2024-01-18 01:00:00,0.027954
2024-01-18 02:00:00,0.049805
2024-01-18 03:00:00,0.061066
2024-01-18 04:00:00,0.052246
2024-01-18 05:00:00,0.026947
2024-01-18 06:00:00,0.007050
2024-01-18 07:00:00,0.007996
2024-01-18 08:00:00,0.005798
2024-01-18 09:00:00,0.001129
2024-01-18 10:00:00,0.000061
2024-01-18 11:00:00,0.000031
2024-01-18 12:00:00,0.000000
2024-01-18 13:00:00,0.000000
2024-01-18 14:00:00,0.000000
2024-01-18 15:00:00,0.000000
2024-01-18 16:00:00,0.000000
2024-01-18 17:00:00,0.000000
2024-01-18 18:00:00,0.000061
2024-01-18 19:00:00,0.000122
2024-01-18 20:00:00,0.000061
2024-01-18 21:00:00,0.000061
2024-01-18 22:00:00,0.000488
2024-01-18 23:00:00,0.004333
2024-01-19 00:00:00,0.017822
2024-01-19 01:00:00,0.035583
2024-01-19 02:00:00,0.052399
2024-01-19 03:00:00,0.067719
2024-01-19 04:00:00,0.061737
2024-01-19 05:00:00,0.023743
2024-01-19 06:00:00,0.003082
2024-01-19 07:00:00,0.002930
2024-01-19 08:00:00,0.002563
2024-01-19 09:00:00,0.000671
2024-01-19 10:00:00,0.005554
2024-01-19 11:00:00,0.002869
2024-01-19 12:00:00,0.004913
2024-01-19 13:00:00,0.005219
2024-01-19 14:00:00,0.007935
2024-01-19 15:00:00,0.011292
2024-01-19 16:00:00,0.014709
2024-01-19 17:00:00,0.017517
2024-01-19 18:00:00,0.018921
2024-01-19 19:00:00,0.016785
2024-01-19 20:00:00,0.015350
2024-01-19 21:00:00,0.015320
2024-01-19 22:00:00,0.016541
2024-01-19 23:00:00,0.026001
2024-01-20 00:00:00,0.045959
2024-01-20 01:00:00,0.063812
2024-01-20 02:00:00,0.063354
2024-01-20 03:00:00,0.071472
2024-01-20 04:00:00,0.059998
2024-01-20 05:00:00,0.042114
2024-01-20 06:00:00,0.010498
2024-01-20 07:00:00,0.003357
2024-01-20 08:00:00,0.000854
2024-01-20 09:00:00,0.000549
2024-01-20 10:00:00,0.000061
2024-01-20 11:00:00,0.000000
2024-01-20 12:00:00,0.000000
2024-01-20 13:00:00,0.000000
2024-01-20 14:00:00,0.000000
2024-01-20 15:00:00,0.000000
2024-01-20 16:00:00,0.000000
2024-01-20 17:00:00,0.000000
2024-01-20 18:00:00,0.000000
2024-01-20 19:00:00,0.000000
2024-01-20 20:00:00,0.000000
2024-01-20 21:00:00,0.000000
2024-01-20 22:00:00,0.000000
2024-01-20 23:00:00,0.000000
2024-01-21 00:00:00,0.000000
2024-01-21 01:00:00,0.000000
2024-01-21 02:00:00,0.000549
2024-01-21 03:00:00,0.000793
2024-01-21 04:00:00,0.000854
2024-01-21 05:00:00,0.000183
2024-01-21 06:00:00,0.000183
2024-01-21 07:00:00,0.000244
2024-01-21 08:00:00,0.000000
2024-01-21 09:00:00,0.000000
2024-01-21 10:00:00,0.000000
2024-01-21 11:00:00,0.000000
2024-01-21 12:00:00,0.000000
2024-01-21 13:00:00,0.000000
2024-01-21 14:00:00,0.000000
2024-01-21 15:00:00,0.000000
2024-01-21 16:00:00,0.000000
2024-01-21 17:00:00,0.000000
2024-01-21 18:00:00,0.000000
2024-01-21 19:00:00,0.000000
2024-01-21 20:00:00,0.000000
2024-01-21 21:00:00,0.000061
2024-01-21 22:00:00,0.000000
2024-01-21 23:00:00,0.000000
2024-01-22 00:00:00,0.000000
2024-01-22 01:00:00,0.000000
2024-01-22 02:00:00,0.000122
2024-01-22 03:00:00,0.000183
2024-01-22 04:00:00,0.000183
2024-01-22 05:00:00,0.000061
2024-01-22 06:00:00,0.000000
2024-01-22 07:00:00,0.000000
2024-01-22 08:00:00,0.000000
2024-01-22 09:00:00,0.000000
2024-01-22 10:00:00,0.000000
2024-01-22 11:00:00,0.000000
2024-01-22 12:00:00,0.000000
2024-01-22 13:00:00,0.000000
2024-01-22 14:00:00,0.000000
2024-01-22 15:00:00,0.000000
2024-01-22 16:00:00,0.000000
2024-01-22 17:00:00,0.000122
2024-01-22 18:00:00,0.000244
2024-01-22 19:00:00,0.000183
2024-01-22 20:00:00,0.000061
2024-01-22 21:00:00,0.000000
2024-01-22 22:00:00,0.000000
2024-01-22 23:00:00,0.000000
2024-01-23 00:00:00,0.000122
2024-01-23 01:00:00,0.002197
2024-01-23 02:00:00,0.017456
2024-01-23 03:00:00,0.030090
2024-01-23 04:00:00,0.024719
2024-01-23 05:00:00,0.009399
2024-01-23 06:00:00,0.000153
2024-01-23 07:00:00,0.000000
2024-01-23 08:00:00,0.000061
2024-01-23 09:00:00,0.000916
2024-01-23 10:00:00,0.007080
2024-01-23 11:00:00,0.011292
2024-01-23 12:00:00,0.015991
2024-01-23 13:00:00,0.027557
2024-01-23 14:00:00,0.035431
2024-01-23 15:00:00,0.030945
2024-01-23 16:00:00,0.039246
2024-01-23 17:00:00,0.047668
2024-01-23 18:00:00,0.041809
2024-01-23 19:00:00,0.038391
2024-01-23 20:00:00,0.041565
2024-01-23 21:00:00,0.045105
2024-01-23 22:00:00,0.042389
2024-01-23 23:00:00,0.018738
2024-01-24 00:00:00,0.006470
2024-01-24 01:00:00,0.002014
2024-01-24 02:00:00,0.000793
2024-01-24 03:00:00,0.000854
2024-01-24 04:00:00,0.000305
2024-01-24 05:00:00,0.000183
2024-01-24 06:00:00,0.000153
2024-01-24 07:00:00,0.000427
2024-01-24 08:00:00,0.009338
2024-01-24 09:00:00,0.061096
2024-01-24 10:00:00,0.021240
2024-01-24 11:00:00,0.025208
2024-01-24 12:00:00,0.020569
2024-01-24 13:00:00,0.012512
2024-01-24 14:00:00,0.006897
2024-01-24 15:00:00,0.004211
2024-01-24 16:00:00,0.001770
2024-01-24 17:00:00,0.000671
2024-01-24 18:00:00,0.000366
2024-01-24 19:00:00,0.000244
2024-01-24 20:00:00,0.000244
2024-01-24 21:00:00,0.000122
2024-01-24 22:00:00,0.000061
2024-01-24 23:00:00,0.000061
2024-01-25 00:00:00,0.000061
2024-01-25 01:00:00,0.000061
2024-01-25 02:00:00,0.004700
2024-01-25 03:00:00,0.013367
2024-01-25 04:00:00,0.012451
2024-01-25 05:00:00,0.002258
2024-01-25 06:00:00,0.000000
2024-01-25 07:00:00,0.000000
2024-01-25 08:00:00,0.000000
2024-01-25 09:00:00,0.000061
2024-01-25 10:00:00,0.000061
2024-01-25 11:00:00,0.000000
2024-01-25 12:00:00,0.000061
2024-01-25 13:00:00,0.000000
2024-01-25 14:00:00,0.000000
2024-01-25 15:00:00,0.000000
2024-01-25 16:00:00,0.000000
2024-01-25 17:00:00,0.000000
2024-01-25 18:00:00,0.000000
2024-01-25 19:00:00,0.000183
2024-01-25 20:00:00,0.000427
2024-01-25 21:00:00,0.000977
2024-01-25 22:00:00,0.000427
2024-01-25 23:00:00,0.000610
2024-01-26 00:00:00,0.000793
2024-01-26 01:00:00,0.001221
2024-01-26 02:00:00,0.002991
2024-01-26 03:00:00,0.005554
2024-01-26 04:00:00,0.002686
2024-01-26 05:00:00,0.001160
2024-01-26 06:00:00,0.000549
2024-01-26 07:00:00,0.000549
2024-01-26 08:00:00,0.000549
2024-01-26 09:00:00,0.000244
2024-01-26 10:00:00,0.000000
2024-01-26 11:00:00,0.000000
2024-01-26 12:00:00,0.000000
2024-01-26 13:00:00,0.000000
2024-01-26 14:00:00,0.000000
2024-01-26 15:00:00,0.000000
2024-01-26 16:00:00,0.000000
2024-01-26 17:00:00,0.000000
2024-01-26 18:00:00,0.000000
2024-01-26 19:00:00,0.000000
2024-01-26 20:00:00,0.000000
2024-01-26 21:00:00,0.000000
2024-01-26 22:00:00,0.000000
2024-01-26 23:00:00,0.000000
2024-01-27 00:00:00,0.000000
2024-01-27 01:00:00,0.000000
2024-01-27 02:00:00,0.000000
2024-01-27 03:00:00,0.000000
2024-01-27 04:00:00,0.000000
2024-01-27 05:00:00,0.000000
2024-01-27 06:00:00,0.000000
2024-01-27 07:00:00,0.000000
2024-01-27 08:00:00,0.000000
2024-01-27 09:00:00,0.000000
2024-01-27 10:00:00,0.000000
2024-01-27 11:00:00,0.000000
2024-01-27 12:00:00,0.000000
2024-01-27 13:00:00,0.000000
2024-01-27 14:00:00,0.000000
2024-01-27 15:00:00,0.000000
2024-01-27 16:00:00,0.000000
2024-01-27 17:00:00,0.000000
2024-01-27 18:00:00,0.000000
2024-01-27 19:00:00,0.000000
2024-01-27 20:00:00,0.000000
2024-01-27 21:00:00,0.000000
2024-01-27 22:00:00,0.000000
2024-01-27 23:00:00,0.000000
2024-01-28 00:00:00,0.000000
2024-01-28 01:00:00,0.000000
2024-01-28 02:00:00,0.000000
2024-01-28 03:00:00,0.000000
2024-01-28 04:00:00,0.000000
2024-01-28 05:00:00,0.000000
2024-01-28 06:00:00,0.000000
2024-01-28 07:00:00,0.000000
2024-01-28 08:00:00,0.000000
2024-01-28 09:00:00,0.000000
2024-01-28 10:00:00,0.000000
2024-01-28 11:00:00,0.000000
2024-01-28 12:00:00,0.000000
2024-01-28 13:00:00,0.000000
2024-01-28 14:00:00,0.000000
2024-01-28 15:00:00,0.000000
2024-01-28 16:00:00,0.000000
2024-01-28 17:00:00,0.000000
2024-01-28 18:00:00,0.000000
2024-01-28 19:00:00,0.000000
2024-01-28 20:00:00,0.000000
2024-01-28 21:00:00,0.000000
2024-01-28 22:00:00,0.000000
2024-01-28 23:00:00,0.000000
2024-01-29 00:00:00,0.000000
2024-01-29 01:00:00,0.000000
2024-01-29 02:00:00,0.000000
2024-01-29 03:00:00,0.000000
2024-01-29 04:00:00,0.000000
2024-01-29 05:00:00,0.000000
2024-01-29 06:00:00,0.000000
2024-01-29 07:00:00,0.000000
2024-01-29 08:00:00,0.000061
2024-01-29 09:00:00,0.000183
2024-01-29 10:00:00,0.000000
2024-01-29 11:00:00,0.000000
2024-01-29 12:00:00,0.000000
2024-01-29 13:00:00,0.000000
2024-01-29 14:00:00,0.000000
2024-01-29 15:00:00,0.000000
2024-01-29 16:00:00,0.000000
2024-01-29 17:00:00,0.000000
2024-01-29 18:00:00,0.000000
2024-01-29 19:00:00,0.000000
2024-01-29 20:00:00,0.000000
2024-01-29 21:00:00,0.000000
2024-01-29 22:00:00,0.000000
2024-01-29 23:00:00,0.000000
2024-01-30 00:00:00,0.000000
2024-01-30 01:00:00,0.001190
2024-01-30 02:00:00,0.007843
2024-01-30 03:00:00,0.018066
2024-01-30 04:00:00,0.009247
2024-01-30 05:00:00,0.002808
2024-01-30 06:00:00,0.000061
2024-01-30 07:00:00,0.000122
2024-01-30 08:00:00,0.000366
2024-01-30 09:00:00,0.000610
2024-01-30 10:00:00,0.001648
2024-01-30 11:00:00,0.000305
2024-01-30 12:00:00,0.000061
2024-01-30 13:00:00,0.000000
2024-01-30 14:00:00,0.000000
2024-01-30 15:00:00,0.000000
2024-01-30 16:00:00,0.000000
2024-01-30 17:00:00,0.000000
2024-01-30 18:00:00,0.000000
2024-01-30 19:00:00,0.000000
2024-01-30 20:00:00,0.000000
2024-01-30 21:00:00,0.000061
2024-01-30 22:00:00,0.000000
2024-01-30 23:00:00,0.000122
2024-01-31 00:00:00,0.001709
2024-01-31 01:00:00,0.014404
2024-01-31 02:00:00,0.035645
2024-01-31 03:00:00,0.040039
2024-01-31 04:00:00,0.021667
2024-01-31 05:00:00,0.013184
2024-01-31 06:00:00,0.035217
2024-01-31 07:00:00,0.067932
2024-01-31 08:00:00,0.098450
2024-01-31 09:00:00,0.092468
2024-01-31 10:00:00,0.035767
2024-01-31 11:00:00,0.049561
2024-01-31 12:00:00,0.134613
2024-01-31 13:00:00,0.197388
2024-01-31 14:00:00,0.164490
2024-01-31 15:00:00,0.046448
2024-01-31 16:00:00,0.028748
2024-01-31 17:00:00,0.041504
2024-01-31 18:00:00,0.053589
2024-01-31 19:00:00,0.067749
2024-01-31 20:00:00,0.088684
2024-01-31 21:00:00,0.055786
2024-01-31 22:00:00,0.094208
2024-01-31 23:00:00,0.062805
2024-02-01 00:00:00,0.048431
2024-02-01 01:00:00,0.056152
2024-02-01 02:00:00,0.044952
2024-02-01 03:00:00,0.053833
2024-02-01 04:00:00,0.051727
2024-02-01 05:00:00,0.040894
2024-02-01 06:00:00,0.045654
2024-02-01 07:00:00,0.044464
2024-02-01 08:00:00,0.028503
2024-02-01 09:00:00,0.027588
2024-02-01 10:00:00,0.036011
2024-02-01 11:00:00,0.030487
2024-02-01 12:00:00,0.012054
2024-02-01 13:00:00,0.003235
2024-02-01 14:00:00,0.000977
2024-02-01 15:00:00,0.001831
2024-02-01 16:00:00,0.003479
2024-02-01 17:00:00,0.004944
2024-02-01 18:00:00,0.005249
2024-02-01 19:00:00,0.005768
2024-02-01 20:00:00,0.006805
2024-02-01 21:00:00,0.006439
2024-02-01 22:00:00,0.000305
2024-02-01 23:00:00,0.008728
2024-02-02 00:00:00,0.030518
2024-02-02 01:00:00,0.058594
2024-02-02 02:00:00,0.078186
2024-02-02 03:00:00,0.079163
2024-02-02 04:00:00,0.063660
2024-02-02 05:00:00,0.014343
2024-02-02 06:00:00,0.004120
2024-02-02 07:00:00,0.001831
2024-02-02 08:00:00,0.000610
2024-02-02 09:00:00,0.000305
2024-02-02 10:00:00,0.000000
2024-02-02 11:00:00,0.000000
2024-02-02 12:00:00,0.000000
2024-02-02 13:00:00,0.000000
2024-02-02 14:00:00,0.000000
2024-02-02 15:00:00,0.000000
2024-02-02 16:00:00,0.000000
2024-02-02 17:00:00,0.000000
2024-02-02 18:00:00,0.000000
2024-02-02 19:00:00,0.000000
2024-02-02 20:00:00,0.000000
2024-02-02 21:00:00,0.000000
2024-02-02 22:00:00,0.000000
2024-02-02 23:00:00,0.000000
2024-02-03 00:00:00,0.000061
2024-02-03 01:00:00,0.000336
2024-02-03 02:00:00,0.000031
2024-02-03 03:00:00,0.000000
2024-02-03 04:00:00,0.000061
2024-02-03 05:00:00,0.000610
2024-02-03 06:00:00,0.014343
2024-02-03 07:00:00,0.007965
2024-02-03 08:00:00,0.002197
2024-02-03 09:00:00,0.015442
2024-02-03 10:00:00,0.006042
2024-02-03 11:00:00,0.000366
2024-02-03 12:00:00,0.008179
2024-02-03 13:00:00,0.024628
2024-02-03 14:00:00,0.019104
2024-02-03 15:00:00,0.005798
2024-02-03 16:00:00,0.002014
2024-02-03 17:00:00,0.010010
2024-02-03 18:00:00,0.017029
2024-02-03 19:00:00,0.021912
2024-02-03 20:00:00,0.035217
2024-02-03 21:00:00,0.028992
2024-02-03 22:00:00,0.020233
2024-02-03 23:00:00,0.052582
2024-02-04 00:00:00,0.129456
2024-02-04 01:00:00,0.244995
2024-02-04 02:00:00,0.107422
2024-02-04 03:00:00,0.212463
2024-02-04 04:00:00,0.124023
2024-02-04 05:00:00,0.101318
2024-02-04 06:00:00,0.220886
2024-02-04 07:00:00,0.240723
2024-02-04 08:00:00,0.099884
2024-02-04 09:00:00,0.040222
2024-02-04 10:00:00,0.175476
2024-02-04 11:00:00,0.142273
2024-02-04 12:00:00,0.121338
2024-02-04 13:00:00,0.092102
2024-02-04 14:00:00,0.075439
2024-02-04 15:00:00,0.070038
2024-02-04 16:00:00,0.059906
2024-02-04 17:00:00,0.054016
2024-02-04 18:00:00,0.052246
2024-02-04 19:00:00,0.071533
2024-02-04 20:00:00,0.090088
2024-02-04 21:00:00,0.076599
2024-02-04 22:00:00,0.101440
2024-02-04 23:00:00,0.254883
2024-02-05 00:00:00,0.217041
2024-02-05 01:00:00,0.217468
2024-02-05 02:00:00,0.188354
2024-02-05 03:00:00,0.096924
2024-02-05 04:00:00,0.095947
2024-02-05 05:00:00,0.070007
2024-02-05 06:00:00,0.046326
2024-02-05 07:00:00,0.036499
2024-02-05 08:00:00,0.009888
2024-02-05 09:00:00,0.002258
2024-02-05 10:00:00,0.000488
2024-02-05 11:00:00,0.000031
2024-02-05 12:00:00,0.000000
2024-02-05 13:00:00,0.000000
2024-02-05 14:00:00,0.000000
2024-02-05 15:00:00,0.000000
2024-02-05 16:00:00,0.000000
2024-02-05 17:00:00,0.000031
2024-02-05 18:00:00,0.000122
2024-02-05 19:00:00,0.000244
2024-02-05 20:00:00,0.000732
2024-02-05 21:00:00,0.000977
2024-02-05 22:00:00,0.000061
2024-02-05 23:00:00,0.000000
2024-02-06 00:00:00,0.000000
2024-02-06 01:00:00,0.000610
2024-02-06 02:00:00,0.002319
2024-02-06 03:00:00,0.002563
2024-02-06 04:00:00,0.001526
2024-02-06 05:00:00,0.000122
2024-02-06 06:00:00,0.000061
2024-02-06 07:00:00,0.000000
2024-02-06 08:00:00,0.000000
2024-02-06 09:00:00,0.000000
2024-02-06 10:00:00,0.000000
2024-02-06 11:00:00,0.000000
2024-02-06 12:00:00,0.000000
2024-02-06 13:00:00,0.000000
2024-02-06 14:00:00,0.000000
2024-02-06 15:00:00,0.000000
2024-02-06 16:00:00,0.000000
2024-02-06 17:00:00,0.000000
2024-02-06 18:00:00,0.000000
2024-02-06 19:00:00,0.000000
2024-02-06 20:00:00,0.000122
2024-02-06 21:00:00,0.000336
2024-02-06 22:00:00,0.000427
2024-02-06 23:00:00,0.000580
2024-02-07 00:00:00,0.001617
2024-02-07 01:00:00,0.003540
2024-02-07 02:00:00,0.000549
2024-02-07 03:00:00,0.000061
2024-02-07 04:00:00,0.000000
2024-02-07 05:00:00,0.000000
2024-02-07 06:00:00,0.000000
2024-02-07 07:00:00,0.000000
2024-02-07 08:00:00,0.000000
2024-02-07 09:00:00,0.000000
2024-02-07 10:00:00,0.000122
2024-02-07 11:00:00,0.000000
2024-02-07 12:00:00,0.000000
2024-02-07 13:00:00,0.000000
2024-02-07 14:00:00,0.000000
2024-02-07 15:00:00,0.000000
2024-02-07 16:00:00,0.000000
2024-02-07 17:00:00,0.000000
2024-02-07 18:00:00,0.000000
2024-02-07 19:00:00,0.000000
2024-02-07 20:00:00,0.000000
2024-02-07 21:00:00,0.000000
2024-02-07 22:00:00,0.000000
2024-02-07 23:00:00,0.000000
2024-02-08 00:00:00,0.000000
2024-02-08 01:00:00,0.000000
2024-02-08 02:00:00,0.000000
2024-02-08 03:00:00,0.000000
2024-02-08 04:00:00,0.000000
2024-02-08 05:00:00,0.000000
2024-02-08 06:00:00,0.000000
2024-02-08 07:00:00,0.000000
2024-02-08 08:00:00,0.000000
2024-02-08 09:00:00,0.000000
2024-02-08 10:00:00,0.000000
2024-02-08 11:00:00,0.000000
2024-02-08 12:00:00,0.000000
2024-02-08 13:00:00,0.000000
2024-02-08 14:00:00,0.000000
2024-02-08 15:00:00,0.000000
2024-02-08 16:00:00,0.000000
2024-02-08 17:00:00,0.000000
2024-02-08 18:00:00,0.000000
2024-02-08 19:00:00,0.000000
2024-02-08 20:00:00,0.000000
2024-02-08 21:00:00,0.000000
2024-02-08 22:00:00,0.000000
2024-02-08 23:00:00,0.000000
2024-02-09 00:00:00,0.000000
2024-02-09 01:00:00,0.000000
2024-02-09 02:00:00,0.000000
2024-02-09 03:00:00,0.000000
2024-02-09 04:00:00,0.000000
2024-02-09 05:00:00,0.000000
2024-02-09 06:00:00,0.000000
2024-02-09 07:00:00,0.000000
2024-02-09 08:00:00,0.000000
2024-02-09 09:00:00,0.000000
2024-02-09 10:00:00,0.000000
2024-02-09 11:00:00,0.000000
2024-02-09 12:00:00,0.000000
2024-02-09 13:00:00,0.000000
2024-02-09 14:00:00,0.000000
2024-02-09 15:00:00,0.000000
2024-02-09 16:00:00,0.000000
2024-02-09 17:00:00,0.000000
2024-02-09 18:00:00,0.000000
2024-02-09 19:00:00,0.000000
2024-02-09 20:00:00,0.000000
2024-02-09 21:00:00,0.000000
2024-02-09 22:00:00,0.000000
2024-02-09 23:00:00,0.000000
2024-02-10 00:00:00,0.000000
2024-02-10 01:00:00,0.000000
2024-02-10 02:00:00,0.000000
2024-02-10 03:00:00,0.000000
2024-02-10 04:00:00,0.000000
2024-02-10 05:00:00,0.000000
2024-02-10 06:00:00,0.000000
2024-02-10 07:00:00,0.000000
2024-02-10 08:00:00,0.000000
2024-02-10 09:00:00,0.000000
2024-02-10 10:00:00,0.000000
2024-02-10 11:00:00,0.000000
2024-02-10 12:00:00,0.000000
2024-02-10 13:00:00,0.000000
2024-02-10 14:00:00,0.000000
2024-02-10 15:00:00,0.000000
2024-02-10 16:00:00,0.000000
2024-02-10 17:00:00,0.000000
2024-02-10 18:00:00,0.000000
2024-02-10 19:00:00,0.000000
2024-02-10 20:00:00,0.000000
2024-02-10 21:00:00,0.000000
2024-02-10 22:00:00,0.000000
2024-02-10 23:00:00,0.000000
2024-02-11 00:00:00,0.000000
2024-02-11 01:00:00,0.000000
2024-02-11 02:00:00,0.000000
2024-02-11 03:00:00,0.000000
2024-02-11 04:00:00,0.000000
2024-02-11 05:00:00,0.000000
2024-02-11 06:00:00,0.000000
2024-02-11 07:00:00,0.000000
2024-02-11 08:00:00,0.000000
2024-02-11 09:00:00,0.000000
2024-02-11 10:00:00,0.000000
2024-02-11 11:00:00,0.000000
2024-02-11 12:00:00,0.000000
2024-02-11 13:00:00,0.000000
2024-02-11 14:00:00,0.000000
2024-02-11 15:00:00,0.000000
2024-02-11 16:00:00,0.000000
2024-02-11 17:00:00,0.000000
2024-02-11 18:00:00,0.000000
2024-02-11 19:00:00,0.000000
2024-02-11 20:00:00,0.000000
2024-02-11 21:00:00,0.000000
2024-02-11 22:00:00,0.000000
2024-02-11 23:00:00,0.000000
2024-02-12 00:00:00,0.000000
2024-02-12 01:00:00,0.000000
2024-02-12 02:00:00,0.000000
2024-02-12 03:00:00,0.000000
2024-02-12 04:00:00,0.000000
2024-02-12 05:00:00,0.000000
2024-02-12 06:00:00,0.000000
2024-02-12 07:00:00,0.000000
2024-02-12 08:00:00,0.000000
2024-02-12 09:00:00,0.000000
2024-02-12 10:00:00,0.000000
2024-02-12 11:00:00,0.000000
2024-02-12 12:00:00,0.000000
2024-02-12 13:00:00,0.000000
2024-02-12 14:00:00,0.004517
2024-02-12 15:00:00,0.000000
2024-02-12 16:00:00,0.000122
2024-02-12 17:00:00,0.000000
2024-02-12 18:00:00,0.000000
2024-02-12 19:00:00,0.000061
2024-02-12 20:00:00,0.000061
2024-02-12 21:00:00,0.000000
2024-02-12 22:00:00,0.000183
2024-02-12 23:00:00,0.000305
2024-02-13 00:00:00,0.000305
2024-02-13 01:00:00,0.000061
2024-02-13 02:00:00,0.000000
2024-02-13 03:00:00,0.000000
2024-02-13 04:00:00,0.000000
2024-02-13 05:00:00,0.000000
2024-02-13 06:00:00,0.000000
2024-02-13 07:00:00,0.000122
2024-02-13 08:00:00,0.000916
2024-02-13 09:00:00,0.002441
2024-02-13 10:00:00,0.003601
2024-02-13 11:00:00,0.000183
2024-02-13 12:00:00,0.000000
2024-02-13 13:00:00,0.000122
2024-02-13 14:00:00,0.000000
2024-02-13 15:00:00,0.000000
2024-02-13 16:00:00,0.000671
2024-02-13 17:00:00,0.000305
2024-02-13 18:00:00,0.000000
2024-02-13 19:00:00,0.000031
2024-02-13 20:00:00,0.000092
2024-02-13 21:00:00,0.000092
2024-02-13 22:00:00,0.000000
2024-02-13 23:00:00,0.000000
2024-02-14 00:00:00,0.000214
2024-02-14 01:00:00,0.000397
2024-02-14 02:00:00,0.000122
2024-02-14 03:00:00,0.000000
2024-02-14 04:00:00,0.000000
2024-02-14 05:00:00,0.000000
2024-02-14 06:00:00,0.000000
2024-02-14 07:00:00,0.000336
2024-02-14 08:00:00,0.000916
2024-02-14 09:00:00,0.000854
2024-02-14 10:00:00,0.000061
2024-02-14 11:00:00,0.000000
2024-02-14 12:00:00,0.000000
2024-02-14 13:00:00,0.000000
2024-02-14 14:00:00,0.000000
2024-02-14 15:00:00,0.000000
2024-02-14 16:00:00,0.000000
2024-02-14 17:00:00,0.000000
2024-02-14 18:00:00,0.000000
2024-02-14 19:00:00,0.000000
2024-02-14 20:00:00,0.000000
2024-02-14 21:00:00,0.000000
2024-02-14 22:00:00,0.000000
2024-02-14 23:00:00,0.000000
2024-02-15 00:00:00,0.000000
2024-02-15 01:00:00,0.000000
2024-02-15 02:00:00,0.000000
2024-02-15 03:00:00,0.000000
2024-02-15 04:00:00,0.000000
2024-02-15 05:00:00,0.000000
2024-02-15 06:00:00,0.000000
2024-02-15 07:00:00,0.000000
2024-02-15 08:00:00,0.000000
2024-02-15 09:00:00,0.000000
2024-02-15 10:00:00,0.000000
2024-02-15 11:00:00,0.000000
2024-02-15 12:00:00,0.000000
2024-02-15 13:00:00,0.000000
2024-02-15 14:00:00,0.000000
2024-02-15 15:00:00,0.000000
2024-02-15 16:00:00,0.000000
2024-02-15 17:00:00,0.000000
2024-02-15 18:00:00,0.000000
2024-02-15 19:00:00,0.000000
2024-02-15 20:00:00,0.000000
2024-02-15 21:00:00,0.000000
2024-02-15 22:00:00,0.000000
2024-02-15 23:00:00,0.000000
2024-02-16 00:00:00,0.000000
2024-02-16 01:00:00,0.000000
2024-02-16 02:00:00,0.000000
2024-02-16 03:00:00,0.000000
2024-02-16 04:00:00,0.000000
2024-02-16 05:00:00,0.000000
2024-02-16 06:00:00,0.000000
2024-02-16 07:00:00,0.000000
2024-02-16 08:00:00,0.000000
2024-02-16 09:00:00,0.000000
2024-02-16 10:00:00,0.000000
2024-02-16 11:00:00,0.000000
2024-02-16 12:00:00,0.000000
2024-02-16 13:00:00,0.000000
2024-02-16 14:00:00,0.000000
2024-02-16 15:00:00,0.000000
2024-02-16 16:00:00,0.000000
2024-02-16 17:00:00,0.000000
2024-02-16 18:00:00,0.000000
2024-02-16 19:00:00,0.000000
2024-02-16 20:00:00,0.000000
2024-02-16 21:00:00,0.000000
2024-02-16 22:00:00,0.000000
2024-02-16 23:00:00,0.000000
2024-02-17 00:00:00,0.000000
2024-02-17 01:00:00,0.000000
2024-02-17 02:00:00,0.000000
2024-02-17 03:00:00,0.000000
2024-02-17 04:00:00,0.000000
2024-02-17 05:00:00,0.000000
2024-02-17 06:00:00,0.000000
2024-02-17 07:00:00,0.000000
2024-02-17 08:00:00,0.000000
2024-02-17 09:00:00,0.000000
2024-02-17 10:00:00,0.000000
2024-02-17 11:00:00,0.000000
2024-02-17 12:00:00,0.000000
2024-02-17 13:00:00,0.000000
2024-02-17 14:00:00,0.000000
2024-02-17 15:00:00,0.000000
2024-02-17 16:00:00,0.000000
2024-02-17 17:00:00,0.000000
2024-02-17 18:00:00,0.000000
2024-02-17 19:00:00,0.000000
2024-02-17 20:00:00,0.000000
2024-02-17 21:00:00,0.000000
2024-02-17 22:00:00,0.000000
2024-02-17 23:00:00,0.000000
2024-02-18 00:00:00,0.000000
2024-02-18 01:00:00,0.000000
2024-02-18 02:00:00,0.000000
2024-02-18 03:00:00,0.000000
2024-02-18 04:00:00,0.000000
2024-02-18 05:00:00,0.000000
2024-02-18 06:00:00,0.000000
2024-02-18 07:00:00,0.000000
2024-02-18 08:00:00,0.000000
2024-02-18 09:00:00,0.000000
2024-02-18 10:00:00,0.000000
2024-02-18 11:00:00,0.000000
2024-02-18 12:00:00,0.000000
2024-02-18 13:00:00,0.000000
2024-02-18 14:00:00,0.000000
2024-02-18 15:00:00,0.000000
2024-02-18 16:00:00,0.000000
2024-02-18 17:00:00,0.000000
2024-02-18 18:00:00,0.000000
2024-02-18 19:00:00,0.000000
2024-02-18 20:00:00,0.000000
2024-02-18 21:00:00,0.000000
2024-02-18 22:00:00,0.000000
2024-02-18 23:00:00,0.000000
2024-02-19 00:00:00,0.000000
2024-02-19 01:00:00,0.000000
2024-02-19 02:00:00,0.000000
2024-02-19 03:00:00,0.000000
2024-02-19 04:00:00,0.000000
2024-02-19 05:00:00,0.000000
2024-02-19 06:00:00,0.000000
2024-02-19 07:00:00,0.001282
2024-02-19 08:00:00,0.015259
2024-02-19 09:00:00,0.013672
2024-02-19 10:00:00,0.008057
2024-02-19 11:00:00,0.000061
2024-02-19 12:00:00,0.005920
2024-02-19 13:00:00,0.037964
2024-02-19 14:00:00,0.060730
2024-02-19 15:00:00,0.096008
2024-02-19 16:00:00,0.142273
2024-02-19 17:00:00,0.164551
2024-02-19 18:00:00,0.112183
2024-02-19 19:00:00,0.059326
2024-02-19 20:00:00,0.035767
2024-02-19 21:00:00,0.023499
2024-02-19 22:00:00,0.065308
2024-02-19 23:00:00,0.062317
2024-02-20 00:00:00,0.074768
2024-02-20 01:00:00,0.095520
2024-02-20 02:00:00,0.075623
2024-02-20 03:00:00,0.059875
2024-02-20 04:00:00,0.042236
2024-02-20 05:00:00,0.022766
2024-02-20 06:00:00,0.013611
2024-02-20 07:00:00,0.044739
2024-02-20 08:00:00,0.058502
2024-02-20 09:00:00,0.056213
2024-02-20 10:00:00,0.066895
2024-02-20 11:00:00,0.061707
2024-02-20 12:00:00,0.032104
2024-02-20 13:00:00,0.015442
2024-02-20 14:00:00,0.013550
2024-02-20 15:00:00,0.010010
2024-02-20 16:00:00,0.006409
2024-02-20 17:00:00,0.003235
2024-02-20 18:00:00,0.003967
2024-02-20 19:00:00,0.000916
2024-02-20 20:00:00,0.000305
2024-02-20 21:00:00,0.000061
2024-02-20 22:00:00,0.002014
2024-02-20 23:00:00,0.000000
2024-02-21 00:00:00,0.000000
2024-02-21 01:00:00,0.000366
2024-02-21 02:00:00,0.002075
2024-02-21 03:00:00,0.002869
2024-02-21 04:00:00,0.000610
2024-02-21 05:00:00,0.000244
2024-02-21 06:00:00,0.000122
2024-02-21 07:00:00,0.000122
2024-02-21 08:00:00,0.000000
2024-02-21 09:00:00,0.001648
2024-02-21 10:00:00,0.001831
2024-02-21 11:00:00,0.000488
2024-02-21 12:00:00,0.000183
2024-02-21 13:00:00,0.000153
2024-02-21 14:00:00,0.000000
2024-02-21 15:00:00,0.000000
2024-02-21 16:00:00,0.000000
2024-02-21 17:00:00,0.000183
2024-02-21 18:00:00,0.000061
2024-02-21 19:00:00,0.000122
2024-02-21 20:00:00,0.000244
2024-02-21 21:00:00,0.000244
2024-02-21 22:00:00,0.000000
2024-02-21 23:00:00,0.000122
2024-02-22 00:00:00,0.000061
2024-02-22 01:00:00,0.000000
2024-02-22 02:00:00,0.000519
2024-02-22 03:00:00,0.000061
2024-02-22 04:00:00,0.000000
2024-02-22 05:00:00,0.000000
2024-02-22 06:00:00,0.000061
2024-02-22 07:00:00,0.000305
2024-02-22 08:00:00,0.000610
2024-02-22 09:00:00,0.000793
2024-02-22 10:00:00,0.004395
2024-02-22 11:00:00,0.001526
2024-02-22 12:00:00,0.000488
2024-02-22 13:00:00,0.000122
2024-02-22 14:00:00,0.000000
2024-02-22 15:00:00,0.000000
2024-02-22 16:00:00,0.000000
2024-02-22 17:00:00,0.000000
2024-02-22 18:00:00,0.000000
2024-02-22 19:00:00,0.000000
2024-02-22 20:00:00,0.000000
2024-02-22 21:00:00,0.000000
2024-02-22 22:00:00,0.000000
2024-02-22 23:00:00,0.000000
2024-02-23 00:00:00,0.000000
2024-02-23 01:00:00,0.000000
2024-02-23 02:00:00,0.000000
2024-02-23 03:00:00,0.000000
2024-02-23 04:00:00,0.000000
2024-02-23 05:00:00,0.000000
2024-02-23 06:00:00,0.000000
2024-02-23 07:00:00,0.000000
2024-02-23 08:00:00,0.000000
2024-02-23 09:00:00,0.000000
2024-02-23 10:00:00,0.000000
2024-02-23 11:00:00,0.000000
2024-02-23 12:00:00,0.000000
2024-02-23 13:00:00,0.000000
2024-02-23 14:00:00,0.000000
2024-02-23 15:00:00,0.000000
2024-02-23 16:00:00,0.000000
2024-02-23 17:00:00,0.000000
2024-02-23 18:00:00,0.000061
2024-02-23 19:00:00,0.000061
2024-02-23 20:00:00,0.000305
2024-02-23 21:00:00,0.001099
2024-02-23 22:00:00,0.000214
2024-02-23 23:00:00,0.000061
2024-02-24 00:00:00,0.000000
2024-02-24 01:00:00,0.000061
2024-02-24 02:00:00,0.000000
2024-02-24 03:00:00,0.000000
2024-02-24 04:00:00,0.000183
2024-02-24 05:00:00,0.000427
2024-02-24 06:00:00,0.000366
2024-02-24 07:00:00,0.000061
2024-02-24 08:00:00,0.001953
2024-02-24 09:00:00,0.013489
2024-02-24 10:00:00,0.007019
2024-02-24 11:00:00,0.008362
2024-02-24 12:00:00,0.014404
2024-02-24 13:00:00,0.009583
2024-02-24 14:00:00,0.006287
2024-02-24 15:00:00,0.001678
2024-02-24 16:00:00,0.000061
2024-02-24 17:00:00,0.000061
2024-02-24 18:00:00,0.000183
2024-02-24 19:00:00,0.001526
2024-02-24 20:00:00,0.004333
2024-02-24 21:00:00,0.007507
2024-02-24 22:00:00,0.003113
2024-02-24 23:00:00,0.003082
2024-02-25 00:00:00,0.003479
2024-02-25 01:00:00,0.003296
2024-02-25 02:00:00,0.001160
2024-02-25 03:00:00,0.000000
2024-02-25 04:00:00,0.000000
2024-02-25 05:00:00,0.000000
2024-02-25 06:00:00,0.000000
2024-02-25 07:00:00,0.000000
2024-02-25 08:00:00,0.000000
2024-02-25 09:00:00,0.000000
2024-02-25 10:00:00,0.000275
2024-02-25 11:00:00,0.000427
2024-02-25 12:00:00,0.000549
2024-02-25 13:00:00,0.000000
2024-02-25 14:00:00,0.000000
2024-02-25 15:00:00,0.000000
2024-02-25 16:00:00,0.000000
2024-02-25 17:00:00,0.000061
2024-02-25 18:00:00,0.000000
2024-02-25 19:00:00,0.000000
2024-02-25 20:00:00,0.000000
2024-02-25 21:00:00,0.000000
2024-02-25 22:00:00,0.000061
2024-02-25 23:00:00,0.002808
2024-02-26 00:00:00,0.000061
2024-02-26 01:00:00,0.000000
2024-02-26 02:00:00,0.000000
2024-02-26 03:00:00,0.000000
2024-02-26 04:00:00,0.000000
2024-02-26 05:00:00,0.000000
2024-02-26 06:00:00,0.000000
2024-02-26 07:00:00,0.000000
2024-02-26 08:00:00,0.000000
2024-02-26 09:00:00,0.000000
2024-02-26 10:00:00,0.000000
2024-02-26 11:00:00,0.000000
2024-02-26 12:00:00,0.012390
2024-02-26 13:00:00,0.108337
2024-02-26 14:00:00,0.059509
2024-02-26 15:00:00,0.034637
2024-02-26 16:00:00,0.003754
2024-02-26 17:00:00,0.000916
2024-02-26 18:00:00,0.002686
2024-02-26 19:00:00,0.007202
2024-02-26 20:00:00,0.035278
2024-02-26 21:00:00,0.013794
2024-02-26 22:00:00,0.000122
2024-02-26 23:00:00,0.139191
2024-02-27 00:00:00,0.160126
2024-02-27 01:00:00,0.055481
2024-02-27 02:00:00,0.004944
2024-02-27 03:00:00,0.001221
2024-02-27 04:00:00,0.007141
2024-02-27 05:00:00,0.001709
2024-02-27 06:00:00,0.000061
2024-02-27 07:00:00,0.000031
2024-02-27 08:00:00,0.000000
2024-02-27 09:00:00,0.000000
2024-02-27 10:00:00,0.000000
2024-02-27 11:00:00,0.000122
2024-02-27 12:00:00,0.000366
2024-02-27 13:00:00,0.000000
2024-02-27 14:00:00,0.000000
2024-02-27 15:00:00,0.000000
2024-02-27 16:00:00,0.000000
2024-02-27 17:00:00,0.000000
2024-02-27 18:00:00,0.000000
2024-02-27 19:00:00,0.000000
2024-02-27 20:00:00,0.000000
2024-02-27 21:00:00,0.000000
2024-02-27 22:00:00,0.000000
2024-02-27 23:00:00,0.000000
2024-02-28 00:00:00,0.000000
2024-02-28 01:00:00,0.000000
2024-02-28 02:00:00,0.000000
2024-02-28 03:00:00,0.000000
2024-02-28 04:00:00,0.000000
2024-02-28 05:00:00,0.000000
2024-02-28 06:00:00,0.000000
2024-02-28 07:00:00,0.000000
2024-02-28 08:00:00,0.000031
2024-02-28 09:00:00,0.000183
2024-02-28 10:00:00,0.000000
2024-02-28 11:00:00,0.000000
2024-02-28 12:00:00,0.000000
2024-02-28 13:00:00,0.000000
2024-02-28 14:00:00,0.000000
2024-02-28 15:00:00,0.000000
2024-02-28 16:00:00,0.000000
2024-02-28 17:00:00,0.000000
2024-02-28 18:00:00,0.000000
2024-02-28 19:00:00,0.000000
2024-02-28 20:00:00,0.000000
2024-02-28 21:00:00,0.000000
2024-02-28 22:00:00,0.000000
2024-02-28 23:00:00,0.000000
2024-02-29 00:00:00,0.000000
2024-02-29 01:00:00,0.000000
2024-02-29 02:00:00,0.000000
2024-02-29 03:00:00,0.000000
2024-02-29 04:00:00,0.000000
2024-02-29 05:00:00,0.000000
2024-02-29 06:00:00,0.000000
2024-02-29 07:00:00,0.000000
2024-02-29 08:00:00,0.000000
2024-02-29 09:00:00,0.000000
2024-02-29 10:00:00,0.000000
2024-02-29 11:00:00,0.000000
2024-02-29 12:00:00,0.000000
2024-02-29 13:00:00,0.000000
2024-02-29 14:00:00,0.000000
2024-02-29 15:00:00,0.000000
2024-02-29 16:00:00,0.000000
2024-02-29 17:00:00,0.000000
2024-02-29 18:00:00,0.000000
2024-02-29 19:00:00,0.000000
2024-02-29 20:00:00,0.000000
2024-02-29 21:00:00,0.000000
2024-02-29 22:00:00,0.000000
2024-02-29 23:00:00,0.000061
2024-03-01 00:00:00,0.000000
2024-03-01 01:00:00,0.000000
2024-03-01 02:00:00,0.000000
2024-03-01 03:00:00,0.000000
2024-03-01 04:00:00,0.000000
2024-03-01 05:00:00,0.000000
2024-03-01 06:00:00,0.000122
2024-03-01 07:00:00,0.021362
2024-03-01 08:00:00,0.049438
2024-03-01 09:00:00,0.050751
2024-03-01 10:00:00,0.058899
2024-03-01 11:00:00,0.040649
2024-03-01 12:00:00,0.022461
2024-03-01 13:00:00,0.008820
2024-03-01 14:00:00,0.027100
2024-03-01 15:00:00,0.001343
2024-03-01 16:00:00,0.000122
2024-03-01 17:00:00,0.005249
2024-03-01 18:00:00,0.008911
2024-03-01 19:00:00,0.005005
2024-03-01 20:00:00,0.003967
2024-03-01 21:00:00,0.003296
2024-03-01 22:00:00,0.120239
2024-03-01 23:00:00,0.012695
2024-03-02 00:00:00,0.029114
2024-03-02 01:00:00,0.020691
2024-03-02 02:00:00,0.014404
2024-03-02 03:00:00,0.139832
2024-03-02 04:00:00,0.296051
2024-03-02 05:00:00,0.071564
2024-03-02 06:00:00,0.003906
2024-03-02 07:00:00,0.001801
2024-03-02 08:00:00,0.004272
2024-03-02 09:00:00,0.020935
2024-03-02 10:00:00,0.038330
2024-03-02 11:00:00,0.099701
2024-03-02 12:00:00,0.124329
2024-03-02 13:00:00,0.067139
2024-03-02 14:00:00,0.015839
2024-03-02 15:00:00,0.011414
2024-03-02 16:00:00,0.022095
2024-03-02 17:00:00,0.044312
2024-03-02 18:00:00,0.041718
2024-03-02 19:00:00,0.067688
2024-03-02 20:00:00,0.058167
2024-03-02 21:00:00,0.262207
2024-03-02 22:00:00,0.216095
2024-03-02 23:00:00,0.307129
2024-03-03 00:00:00,0.229706
2024-03-03 01:00:00,0.171783
2024-03-03 02:00:00,0.129944
2024-03-03 03:00:00,0.157898
2024-03-03 04:00:00,0.182251
2024-03-03 05:00:00,0.183716
2024-03-03 06:00:00,0.180725
2024-03-03 07:00:00,0.137939
2024-03-03 08:00:00,0.094574
2024-03-03 09:00:00,0.086853
2024-03-03 10:00:00,0.074585
2024-03-03 11:00:00,0.075623
2024-03-03 12:00:00,0.025574
2024-03-03 13:00:00,0.010071
2024-03-03 14:00:00,0.004150
2024-03-03 15:00:00,0.001587
2024-03-03 16:00:00,0.001526
2024-03-03 17:00:00,0.001038
2024-03-03 18:00:00,0.000397
2024-03-03 19:00:00,0.000122
2024-03-03 20:00:00,0.000061
2024-03-03 21:00:00,0.000000
2024-03-03 22:00:00,0.000061
2024-03-03 23:00:00,0.000732
2024-03-04 00:00:00,0.002319
2024-03-04 01:00:00,0.003571
2024-03-04 02:00:00,0.004669
2024-03-04 03:00:00,0.001373
2024-03-04 04:00:00,0.000183
2024-03-04 05:00:00,0.000000
2024-03-04 06:00:00,0.000000
2024-03-04 07:00:00,0.000000
2024-03-04 08:00:00,0.000000
2024-03-04 09:00:00,0.000000
2024-03-04 10:00:00,0.000000
2024-03-04 11:00:00,0.000000
2024-03-04 12:00:00,0.000000
2024-03-04 13:00:00,0.000000
2024-03-04 14:00:00,0.000000
2024-03-04 15:00:00,0.000000
2024-03-04 16:00:00,0.000000
2024-03-04 17:00:00,0.000000
2024-03-04 18:00:00,0.000000
2024-03-04 19:00:00,0.000000
2024-03-04 20:00:00,0.000000
2024-03-04 21:00:00,0.000000
2024-03-04 22:00:00,0.000000
2024-03-04 23:00:00,0.000000
2024-03-05 00:00:00,0.000000
2024-03-05 01:00:00,0.000000
2024-03-05 02:00:00,0.000000
2024-03-05 03:00:00,0.000000
2024-03-05 04:00:00,0.000000
2024-03-05 05:00:00,0.000000
2024-03-05 06:00:00,0.000000
2024-03-05 07:00:00,0.000000
2024-03-05 08:00:00,0.000000
2024-03-05 09:00:00,0.000000
2024-03-05 10:00:00,0.000000
2024-03-05 11:00:00,0.000000
2024-03-05 12:00:00,0.000000
2024-03-05 13:00:00,0.003296
2024-03-05 14:00:00,0.000763
2024-03-05 15:00:00,0.000183
2024-03-05 16:00:00,0.000732
2024-03-05 17:00:00,0.000244
2024-03-05 18:00:00,0.000000
2024-03-05 19:00:00,0.000000
2024-03-05 20:00:00,0.000000
2024-03-05 21:00:00,0.000000
2024-03-05 22:00:00,0.000000
2024-03-05 23:00:00,0.000000
2024-03-06 00:00:00,0.000000
2024-03-06 01:00:00,0.000000
2024-03-06 02:00:00,0.000000
2024-03-06 03:00:00,0.000000
2024-03-06 04:00:00,0.000000
2024-03-06 05:00:00,0.000000
2024-03-06 06:00:00,0.000000
2024-03-06 07:00:00,0.000000
2024-03-06 08:00:00,0.000031
2024-03-06 09:00:00,0.000000
2024-03-06 10:00:00,0.000031
2024-03-06 11:00:00,0.000061
2024-03-06 12:00:00,0.000549
2024-03-06 13:00:00,0.009125
2024-03-06 14:00:00,0.001953
2024-03-06 15:00:00,0.001007
2024-03-06 16:00:00,0.000122
2024-03-06 17:00:00,0.000061
2024-03-06 18:00:00,0.000305
2024-03-06 19:00:00,0.000488
2024-03-06 20:00:00,0.000244
2024-03-06 21:00:00,0.000122
2024-03-06 22:00:00,0.000000
2024-03-06 23:00:00,0.000000
2024-03-07 00:00:00,0.000000
2024-03-07 01:00:00,0.000000
2024-03-07 02:00:00,0.000061
2024-03-07 03:00:00,0.000092
2024-03-07 04:00:00,0.000122
2024-03-07 05:00:00,0.000092
2024-03-07 06:00:00,0.000061
2024-03-07 07:00:00,0.000061
2024-03-07 08:00:00,0.000061
2024-03-07 09:00:00,0.000061
2024-03-07 10:00:00,0.000366
2024-03-07 11:00:00,0.000122
2024-03-07 12:00:00,0.000031
2024-03-07 13:00:00,0.000153
2024-03-07 14:00:00,0.000305
2024-03-07 15:00:00,0.000061
2024-03-07 16:00:00,0.000000
2024-03-07 17:00:00,0.000000
2024-03-07 18:00:00,0.000000
2024-03-07 19:00:00,0.000000
2024-03-07 20:00:00,0.000000
2024-03-07 21:00:00,0.000000
2024-03-07 22:00:00,0.000000
2024-03-07 23:00:00,0.000000
2024-03-08 00:00:00,0.000000
2024-03-08 01:00:00,0.000000
2024-03-08 02:00:00,0.000000
2024-03-08 03:00:00,0.000000
2024-03-08 04:00:00,0.000000
2024-03-08 05:00:00,0.000000
2024-03-08 06:00:00,0.000000
2024-03-08 07:00:00,0.000000
2024-03-08 08:00:00,0.000000
2024-03-08 09:00:00,0.000000
2024-03-08 10:00:00,0.000000
2024-03-08 11:00:00,0.000000
2024-03-08 12:00:00,0.000000
2024-03-08 13:00:00,0.000000
2024-03-08 14:00:00,0.000000
2024-03-08 15:00:00,0.000000
2024-03-08 16:00:00,0.000000
2024-03-08 17:00:00,0.000000
2024-03-08 18:00:00,0.000000
2024-03-08 19:00:00,0.000000
2024-03-08 20:00:00,0.000000
2024-03-08 21:00:00,0.000000
2024-03-08 22:00:00,0.000000
2024-03-08 23:00:00,0.000000
2024-03-09 00:00:00,0.000000
2024-03-09 01:00:00,0.000000
2024-03-09 02:00:00,0.000000
2024-03-09 03:00:00,0.000000
2024-03-09 04:00:00,0.000000
2024-03-09 05:00:00,0.000000
2024-03-09 06:00:00,0.000000
2024-03-09 07:00:00,0.000000
2024-03-09 08:00:00,0.000000
2024-03-09 09:00:00,0.000000
2024-03-09 10:00:00,0.000000
2024-03-09 11:00:00,0.000000
2024-03-09 12:00:00,0.000000
2024-03-09 13:00:00,0.000000
2024-03-09 14:00:00,0.000000
2024-03-09 15:00:00,0.000000
2024-03-09 16:00:00,0.000000
2024-03-09 17:00:00,0.000000
2024-03-09 18:00:00,0.000000
2024-03-09 19:00:00,0.000000
2024-03-09 20:00:00,0.000000
2024-03-09 21:00:00,0.000000
2024-03-09 22:00:00,0.000000
2024-03-09 23:00:00,0.000000
2024-03-10 00:00:00,0.000000
2024-03-10 01:00:00,0.000000
2024-03-10 02:00:00,0.000000
2024-03-10 03:00:00,0.000000
2024-03-10 04:00:00,0.000000
2024-03-10 05:00:00,0.000000
2024-03-10 06:00:00,0.000244
2024-03-10 07:00:00,0.000305
2024-03-10 08:00:00,0.000183
2024-03-10 09:00:00,0.000122
2024-03-10 10:00:00,0.000000
2024-03-10 11:00:00,0.000000
2024-03-10 12:00:00,0.000122
2024-03-10 13:00:00,0.000000
2024-03-10 14:00:00,0.000000
2024-03-10 15:00:00,0.000000
2024-03-10 16:00:00,0.000366
2024-03-10 17:00:00,0.010986
2024-03-10 18:00:00,0.000000
2024-03-10 19:00:00,0.006104
2024-03-10 20:00:00,0.013428
2024-03-10 21:00:00,0.113953
2024-03-10 22:00:00,0.126770
2024-03-10 23:00:00,0.038696
2024-03-11 00:00:00,0.008545
2024-03-11 01:00:00,0.002258
2024-03-11 02:00:00,0.000244
2024-03-11 03:00:00,0.000122
2024-03-11 04:00:00,0.000061
2024-03-11 05:00:00,0.000000
2024-03-11 06:00:00,0.000000
2024-03-11 07:00:00,0.000000
2024-03-11 08:00:00,0.000458
2024-03-11 09:00:00,0.011047
2024-03-11 10:00:00,0.020996
2024-03-11 11:00:00,0.009949
2024-03-11 12:00:00,0.003052
2024-03-11 13:00:00,0.010376
2024-03-11 14:00:00,0.000061
2024-03-11 15:00:00,0.000366
2024-03-11 16:00:00,0.000244
2024-03-11 17:00:00,0.000183
2024-03-11 18:00:00,0.000488
2024-03-11 19:00:00,0.001099
2024-03-11 20:00:00,0.001892
2024-03-11 21:00:00,0.005798
2024-03-11 22:00:00,0.027405
2024-03-11 23:00:00,0.031128
2024-03-12 00:00:00,0.020691
2024-03-12 01:00:00,0.002441
2024-03-12 02:00:00,0.001343
2024-03-12 03:00:00,0.002319
2024-03-12 04:00:00,0.007568
2024-03-12 05:00:00,0.004944
2024-03-12 06:00:00,0.000397
2024-03-12 07:00:00,0.000244
2024-03-12 08:00:00,0.000183
2024-03-12 09:00:00,0.000244
2024-03-12 10:00:00,0.001099
2024-03-12 11:00:00,0.000610
2024-03-12 12:00:00,0.000427
2024-03-12 13:00:00,0.000366
2024-03-12 14:00:00,0.000183
2024-03-12 15:00:00,0.000122
2024-03-12 16:00:00,0.000061
2024-03-12 17:00:00,0.000000
2024-03-12 18:00:00,0.000000
2024-03-12 19:00:00,0.000000
2024-03-12 20:00:00,0.000000
2024-03-12 21:00:00,0.000000
2024-03-12 22:00:00,0.000000
2024-03-12 23:00:00,0.000000
2024-03-13 00:00:00,0.000000
2024-03-13 01:00:00,0.000000
2024-03-13 02:00:00,0.000000
2024-03-13 03:00:00,0.000000
2024-03-13 04:00:00,0.000000
2024-03-13 05:00:00,0.000000
2024-03-13 06:00:00,0.000244
2024-03-13 07:00:00,0.081482
2024-03-13 08:00:00,0.044128
2024-03-13 09:00:00,0.040527
2024-03-13 10:00:00,0.040527
2024-03-13 11:00:00,0.258667
2024-03-13 12:00:00,0.087158
2024-03-13 13:00:00,0.007629
2024-03-13 14:00:00,0.008911
2024-03-13 15:00:00,0.008362
2024-03-13 16:00:00,0.005493
2024-03-13 17:00:00,0.003174
2024-03-13 18:00:00,0.001709
2024-03-13 19:00:00,0.000671
2024-03-13 20:00:00,0.000305
2024-03-13 21:00:00,0.000610
2024-03-13 22:00:00,0.002075
2024-03-13 23:00:00,0.005127
2024-03-14 00:00:00,0.008728
2024-03-14 01:00:00,0.007874
2024-03-14 02:00:00,0.005676
2024-03-14 03:00:00,0.000549
2024-03-14 04:00:00,0.000244
2024-03-14 05:00:00,0.000305
2024-03-14 06:00:00,0.000061
2024-03-14 07:00:00,0.073608
2024-03-14 08:00:00,0.053345
2024-03-14 09:00:00,0.032288
2024-03-14 10:00:00,0.001953
2024-03-14 11:00:00,0.000000
2024-03-14 12:00:00,0.000061
2024-03-14 13:00:00,0.000000
2024-03-14 14:00:00,0.000000
2024-03-14 15:00:00,0.000000
2024-03-14 16:00:00,0.000000
2024-03-14 17:00:00,0.000000
2024-03-14 18:00:00,0.000000
2024-03-14 19:00:00,0.000000
2024-03-14 20:00:00,0.000000
2024-03-14 21:00:00,0.000000
2024-03-14 22:00:00,0.000000
2024-03-14 23:00:00,0.000000
2024-03-15 00:00:00,0.000000
2024-03-15 01:00:00,0.000000
2024-03-15 02:00:00,0.000000
2024-03-15 03:00:00,0.000000
2024-03-15 04:00:00,0.000000
2024-03-15 05:00:00,0.000000
2024-03-15 06:00:00,0.000000
2024-03-15 07:00:00,0.000000
2024-03-15 08:00:00,0.000000
2024-03-15 09:00:00,0.000000
2024-03-15 10:00:00,0.000000
2024-03-15 11:00:00,0.000000
2024-03-15 12:00:00,0.000000
2024-03-15 13:00:00,0.000000
2024-03-15 14:00:00,0.000000
2024-03-15 15:00:00,0.000000
2024-03-15 16:00:00,0.000000
2024-03-15 17:00:00,0.000000
2024-03-15 18:00:00,0.000000
2024-03-15 19:00:00,0.000000
2024-03-15 20:00:00,0.000000
2024-03-15 21:00:00,0.000000
2024-03-15 22:00:00,0.000000
2024-03-15 23:00:00,0.000000
2024-03-16 00:00:00,0.000000
2024-03-16 01:00:00,0.000000
2024-03-16 02:00:00,0.000000
2024-03-16 03:00:00,0.000000
2024-03-16 04:00:00,0.000000
2024-03-16 05:00:00,0.000000
2024-03-16 06:00:00,0.000000
2024-03-16 07:00:00,0.000000
2024-03-16 08:00:00,0.000000
2024-03-16 09:00:00,0.000000
2024-03-16 10:00:00,0.000000
2024-03-16 11:00:00,0.000000
2024-03-16 12:00:00,0.000000
2024-03-16 13:00:00,0.000000
2024-03-16 14:00:00,0.000000
2024-03-16 15:00:00,0.000000
2024-03-16 16:00:00,0.000000
2024-03-16 17:00:00,0.000000
2024-03-16 18:00:00,0.000000
2024-03-16 19:00:00,0.000000
2024-03-16 20:00:00,0.000000
2024-03-16 21:00:00,0.000000
2024-03-16 22:00:00,0.000000
2024-03-16 23:00:00,0.000000
2024-03-17 00:00:00,0.000000
2024-03-17 01:00:00,0.000000
2024-03-17 02:00:00,0.000000
2024-03-17 03:00:00,0.000000
2024-03-17 04:00:00,0.000000
2024-03-17 05:00:00,0.000000
2024-03-17 06:00:00,0.000000
2024-03-17 07:00:00,0.000000
2024-03-17 08:00:00,0.000000
2024-03-17 09:00:00,0.000000
2024-03-17 10:00:00,0.000000
2024-03-17 11:00:00,0.000000
2024-03-17 12:00:00,0.000000
2024-03-17 13:00:00,0.000000
2024-03-17 14:00:00,0.000000
2024-03-17 15:00:00,0.000000
2024-03-17 16:00:00,0.000000
2024-03-17 17:00:00,0.000000
2024-03-17 18:00:00,0.000000
2024-03-17 19:00:00,0.000000
2024-03-17 20:00:00,0.000000
2024-03-17 21:00:00,0.000000
2024-03-17 22:00:00,0.000000
2024-03-17 23:00:00,0.000000
2024-03-18 00:00:00,0.000000
2024-03-18 01:00:00,0.000000
2024-03-18 02:00:00,0.000000
2024-03-18 03:00:00,0.000000
2024-03-18 04:00:00,0.000000
2024-03-18 05:00:00,0.000000
2024-03-18 06:00:00,0.000000
2024-03-18 07:00:00,0.000000
2024-03-18 08:00:00,0.000000
2024-03-18 09:00:00,0.000000
2024-03-18 10:00:00,0.000000
2024-03-18 11:00:00,0.000000
2024-03-18 12:00:00,0.000000
2024-03-18 13:00:00,0.000000
2024-03-18 14:00:00,0.000000
2024-03-18 15:00:00,0.000000
2024-03-18 16:00:00,0.000000
2024-03-18 17:00:00,0.000000
2024-03-18 18:00:00,0.000000
2024-03-18 19:00:00,0.000000
2024-03-18 20:00:00,0.000000
2024-03-18 21:00:00,0.000000
2024-03-18 22:00:00,0.000000
2024-03-18 23:00:00,0.000000
2024-03-19 00:00:00,0.000000
2024-03-19 01:00:00,0.000000
2024-03-19 02:00:00,0.000000
2024-03-19 03:00:00,0.000000
2024-03-19 04:00:00,0.000000
2024-03-19 05:00:00,0.000000
2024-03-19 06:00:00,0.000000
2024-03-19 07:00:00,0.000000
2024-03-19 08:00:00,0.002075
2024-03-19 09:00:00,0.007935
2024-03-19 10:00:00,0.001282
2024-03-19 11:00:00,0.000488
2024-03-19 12:00:00,0.000061
2024-03-19 13:00:00,0.000000
2024-03-19 14:00:00,0.000122
2024-03-19 15:00:00,0.000122
2024-03-19 16:00:00,0.000000
2024-03-19 17:00:00,0.000000
2024-03-19 18:00:00,0.000000
2024-03-19 19:00:00,0.000000
2024-03-19 20:00:00,0.000000
2024-03-19 21:00:00,0.000000
2024-03-19 22:00:00,0.000000
2024-03-19 23:00:00,0.000000
2024-03-20 00:00:00,0.000000
2024-03-20 01:00:00,0.000000
2024-03-20 02:00:00,0.000000
2024-03-20 03:00:00,0.000000
2024-03-20 04:00:00,0.000000
2024-03-20 05:00:00,0.000000
2024-03-20 06:00:00,0.000000
2024-03-20 07:00:00,0.000000
2024-03-20 08:00:00,0.000000
2024-03-20 09:00:00,0.000000
2024-03-20 10:00:00,0.000000
2024-03-20 11:00:00,0.000000
2024-03-20 12:00:00,0.000000
2024-03-20 13:00:00,0.000000
2024-03-20 14:00:00,0.000000
2024-03-20 15:00:00,0.000000
2024-03-20 16:00:00,0.000000
2024-03-20 17:00:00,0.000000
2024-03-20 18:00:00,0.000000
2024-03-20 19:00:00,0.000000
2024-03-20 20:00:00,0.000000
2024-03-20 21:00:00,0.000000
2024-03-20 22:00:00,0.000183
2024-03-20 23:00:00,0.005341
2024-03-21 00:00:00,0.017517
2024-03-21 01:00:00,0.031616
2024-03-21 02:00:00,0.029846
2024-03-21 03:00:00,0.010803
2024-03-21 04:00:00,0.002869
2024-03-21 05:00:00,0.000305
2024-03-21 06:00:00,0.000000
2024-03-21 07:00:00,0.000000
2024-03-21 08:00:00,0.000000
2024-03-21 09:00:00,0.000000
2024-03-21 10:00:00,0.000000
2024-03-21 11:00:00,0.000000
2024-03-21 12:00:00,0.000000
2024-03-21 13:00:00,0.000000
2024-03-21 14:00:00,0.000122
2024-03-21 15:00:00,0.000061
2024-03-21 16:00:00,0.000000
2024-03-21 17:00:00,0.000000
2024-03-21 18:00:00,0.000183
2024-03-21 19:00:00,0.000122
2024-03-21 20:00:00,0.000000
2024-03-21 21:00:00,0.000000
2024-03-21 22:00:00,0.000000
2024-03-21 23:00:00,0.000000
2024-03-22 00:00:00,0.000000
2024-03-22 01:00:00,0.000244
2024-03-22 02:00:00,0.000000
2024-03-22 03:00:00,0.000000
2024-03-22 04:00:00,0.000000
2024-03-22 05:00:00,0.000000
2024-03-22 06:00:00,0.000000
2024-03-22 07:00:00,0.000000
2024-03-22 08:00:00,0.000000
2024-03-22 09:00:00,0.000000
2024-03-22 10:00:00,0.001404
2024-03-22 11:00:00,0.000366
2024-03-22 12:00:00,0.001099
2024-03-22 13:00:00,0.000854
2024-03-22 14:00:00,0.000366
2024-03-22 15:00:00,0.000183
2024-03-22 16:00:00,0.000183
2024-03-22 17:00:00,0.000244
2024-03-22 18:00:00,0.000305
2024-03-22 19:00:00,0.000244
2024-03-22 20:00:00,0.000122
2024-03-22 21:00:00,0.000000
2024-03-22 22:00:00,0.000000
2024-03-22 23:00:00,0.000000
2024-03-23 00:00:00,0.000000
2024-03-23 01:00:00,0.000000
2024-03-23 02:00:00,0.000000
2024-03-23 03:00:00,0.000000
2024-03-23 04:00:00,0.000000
2024-03-23 05:00:00,0.000000
2024-03-23 06:00:00,0.000000
2024-03-23 07:00:00,0.000000
2024-03-23 08:00:00,0.000000
2024-03-23 09:00:00,0.000000
2024-03-23 10:00:00,0.000000
2024-03-23 11:00:00,0.000000
2024-03-23 12:00:00,0.000000
2024-03-23 13:00:00,0.000000
2024-03-23 14:00:00,0.000000
2024-03-23 15:00:00,0.000000
2024-03-23 16:00:00,0.000000
2024-03-23 17:00:00,0.000061
2024-03-23 18:00:00,0.000061
2024-03-23 19:00:00,0.000244
2024-03-23 20:00:00,0.000549
2024-03-23 21:00:00,0.000549
2024-03-23 22:00:00,0.000122
2024-03-23 23:00:00,0.000793
2024-03-24 00:00:00,0.009583
2024-03-24 01:00:00,0.027588
2024-03-24 02:00:00,0.031006
2024-03-24 03:00:00,0.007996
2024-03-24 04:00:00,0.001282
2024-03-24 05:00:00,0.002808
2024-03-24 06:00:00,0.000183
2024-03-24 07:00:00,0.000244
2024-03-24 08:00:00,0.000305
2024-03-24 09:00:00,0.000031
2024-03-24 10:00:00,0.086243
2024-03-24 11:00:00,0.045471
2024-03-24 12:00:00,0.032043
2024-03-24 13:00:00,0.019043
2024-03-24 14:00:00,0.012695
2024-03-24 15:00:00,0.000061
2024-03-24 16:00:00,0.000000
2024-03-24 17:00:00,0.000000
2024-03-24 18:00:00,0.000000
2024-03-24 19:00:00,0.000000
2024-03-24 20:00:00,0.000000
2024-03-24 21:00:00,0.000000
2024-03-24 22:00:00,0.000000
2024-03-24 23:00:00,0.000000
2024-03-25 00:00:00,0.000000
2024-03-25 01:00:00,0.000000
2024-03-25 02:00:00,0.000000
2024-03-25 03:00:00,0.000000
2024-03-25 04:00:00,0.000000
2024-03-25 05:00:00,0.000000
2024-03-25 06:00:00,0.000000
2024-03-25 07:00:00,0.000000
2024-03-25 08:00:00,0.000793
2024-03-25 09:00:00,0.000061
2024-03-25 10:00:00,0.000000
2024-03-25 11:00:00,0.000000
2024-03-25 12:00:00,0.000366
2024-03-25 13:00:00,0.000244
2024-03-25 14:00:00,0.000183
2024-03-25 15:00:00,0.000061
2024-03-25 16:00:00,0.000000
2024-03-25 17:00:00,0.000000
2024-03-25 18:00:00,0.000000
2024-03-25 19:00:00,0.000061
2024-03-25 20:00:00,0.000000
2024-03-25 21:00:00,0.000000
2024-03-25 22:00:00,0.000000
2024-03-25 23:00:00,0.000000
2024-03-26 00:00:00,0.000000
2024-03-26 01:00:00,0.000000
2024-03-26 02:00:00,0.000000
2024-03-26 03:00:00,0.000000
2024-03-26 04:00:00,0.000000
2024-03-26 05:00:00,0.000000
2024-03-26 06:00:00,0.000000
2024-03-26 07:00:00,0.000000
2024-03-26 08:00:00,0.000000
2024-03-26 09:00:00,0.000000
2024-03-26 10:00:00,0.000244
2024-03-26 11:00:00,0.002075
2024-03-26 12:00:00,0.010468
2024-03-26 13:00:00,0.018555
2024-03-26 14:00:00,0.032227
2024-03-26 15:00:00,0.018921
2024-03-26 16:00:00,0.006287
2024-03-26 17:00:00,0.002747
2024-03-26 18:00:00,0.001099
2024-03-26 19:00:00,0.000519
2024-03-26 20:00:00,0.000549
2024-03-26 21:00:00,0.000885
2024-03-26 22:00:00,0.003174
2024-03-26 23:00:00,0.000458
2024-03-27 00:00:00,0.007751
2024-03-27 01:00:00,0.015808
2024-03-27 02:00:00,0.003845
2024-03-27 03:00:00,0.007721
2024-03-27 04:00:00,0.000336
2024-03-27 05:00:00,0.000000
2024-03-27 06:00:00,0.000000
2024-03-27 07:00:00,0.000000
2024-03-27 08:00:00,0.000000
2024-03-27 09:00:00,0.000000
2024-03-27 10:00:00,0.064514
2024-03-27 11:00:00,0.036377
2024-03-27 12:00:00,0.107361
2024-03-27 13:00:00,0.027527
2024-03-27 14:00:00,0.001404
2024-03-27 15:00:00,0.003723
2024-03-27 16:00:00,0.001007
2024-03-27 17:00:00,0.000183
2024-03-27 18:00:00,0.000061
2024-03-27 19:00:00,0.000000
2024-03-27 20:00:00,0.000000
2024-03-27 21:00:00,0.000000
2024-03-27 22:00:00,0.032013
2024-03-27 23:00:00,0.027161
2024-03-28 00:00:00,0.009827
2024-03-28 01:00:00,0.001221
2024-03-28 02:00:00,0.000214
2024-03-28 03:00:00,0.000122
2024-03-28 04:00:00,0.000061
2024-03-28 05:00:00,0.000000
2024-03-28 06:00:00,0.000000
2024-03-28 07:00:00,0.000000
2024-03-28 08:00:00,0.000000
2024-03-28 09:00:00,0.000000
2024-03-28 10:00:00,0.056885
2024-03-28 11:00:00,0.039368
2024-03-28 12:00:00,0.027039
2024-03-28 13:00:00,0.007935
2024-03-28 14:00:00,0.000732
2024-03-28 15:00:00,0.000061
2024-03-28 16:00:00,0.000061
2024-03-28 17:00:00,0.000061
2024-03-28 18:00:00,0.000000
2024-03-28 19:00:00,0.000061
2024-03-28 20:00:00,0.000305
2024-03-28 21:00:00,0.000305
2024-03-28 22:00:00,0.000000
2024-03-28 23:00:00,0.000000
2024-03-29 00:00:00,0.000000
2024-03-29 01:00:00,0.000000
2024-03-29 02:00:00,0.000854
2024-03-29 03:00:00,0.010376
2024-03-29 04:00:00,0.026733
2024-03-29 05:00:00,0.018677
2024-03-29 06:00:00,0.009033
2024-03-29 07:00:00,0.004272
2024-03-29 08:00:00,0.000854
2024-03-29 09:00:00,0.002136
2024-03-29 10:00:00,0.058777
2024-03-29 11:00:00,0.143188
2024-03-29 12:00:00,0.066528
2024-03-29 13:00:00,0.037598
2024-03-29 14:00:00,0.057495
2024-03-29 15:00:00,0.018433
2024-03-29 16:00:00,0.006958
2024-03-29 17:00:00,0.032104
2024-03-29 18:00:00,0.000122
2024-03-29 19:00:00,0.000366
2024-03-29 20:00:00,0.001099
2024-03-29 21:00:00,0.000000
2024-03-29 22:00:00,0.046143
2024-03-29 23:00:00,0.030640
2024-03-30 00:00:00,0.001282
2024-03-30 01:00:00,0.000916
2024-03-30 02:00:00,0.000122
2024-03-30 03:00:00,0.000000
2024-03-30 04:00:00,0.000000
2024-03-30 05:00:00,0.000000
2024-03-30 06:00:00,0.000000
2024-03-30 07:00:00,0.000000
2024-03-30 08:00:00,0.006958
2024-03-30 09:00:00,0.061829
2024-03-30 10:00:00,0.048157
2024-03-30 11:00:00,0.096619
2024-03-30 12:00:00,0.078613
2024-03-30 13:00:00,0.044067
2024-03-30 14:00:00,0.016479
2024-03-30 15:00:00,0.000427
2024-03-30 16:00:00,0.000000
2024-03-30 17:00:00,0.000000
2024-03-30 18:00:00,0.000000
2024-03-30 19:00:00,0.000000
2024-03-30 20:00:00,0.000000
2024-03-30 21:00:00,0.000000
2024-03-30 22:00:00,0.059143
2024-03-30 23:00:00,0.065308
2024-03-31 00:00:00,0.021759
2024-03-31 01:00:00,0.003906
2024-03-31 02:00:00,0.000122
2024-03-31 03:00:00,0.000061
2024-03-31 04:00:00,0.000000
2024-03-31 05:00:00,0.000000
2024-03-31 06:00:00,0.000488
2024-03-31 07:00:00,0.009338
2024-03-31 08:00:00,0.006042
2024-03-31 09:00:00,0.004639
2024-03-31 10:00:00,0.005981
2024-03-31 11:00:00,0.000549
2024-03-31 12:00:00,0.000122
2024-03-31 13:00:00,0.000000
2024-03-31 14:00:00,0.000000
2024-03-31 15:00:00,0.000000
2024-03-31 16:00:00,0.000000
2024-03-31 17:00:00,0.000000
2024-03-31 18:00:00,0.000000
2024-03-31 19:00:00,0.000000
2024-03-31 20:00:00,0.000000
2024-03-31 21:00:00,0.000000
2024-03-31 22:00:00,0.000000
2024-03-31 23:00:00,0.000000
2024-04-01 00:00:00,0.000000
2024-04-01 01:00:00,0.000000
2024-04-01 02:00:00,0.000000
2024-04-01 03:00:00,0.000000
2024-04-01 04:00:00,0.000000
2024-04-01 05:00:00,0.000000
2024-04-01 06:00:00,0.000000
2024-04-01 07:00:00,0.000000
2024-04-01 08:00:00,0.000000
2024-04-01 09:00:00,0.000000
2024-04-01 10:00:00,0.000000
2024-04-01 11:00:00,0.000183
2024-04-01 12:00:00,0.001099
2024-04-01 13:00:00,0.000977
2024-04-01 14:00:00,0.000427
2024-04-01 15:00:00,0.001343
2024-04-01 16:00:00,0.000061
2024-04-01 17:00:00,0.000000
2024-04-01 18:00:00,0.000000
2024-04-01 19:00:00,0.000000
2024-04-01 20:00:00,0.000000
2024-04-01 21:00:00,0.000000
2024-04-01 22:00:00,0.000000
2024-04-01 23:00:00,0.000000
2024-04-02 00:00:00,0.000000
2024-04-02 01:00:00,0.000000
2024-04-02 02:00:00,0.000000
2024-04-02 03:00:00,0.000000
2024-04-02 04:00:00,0.000000
2024-04-02 05:00:00,0.000000
2024-04-02 06:00:00,0.000000
2024-04-02 07:00:00,0.000000
2024-04-02 08:00:00,0.000000
2024-04-02 09:00:00,0.001587
2024-04-02 10:00:00,0.000061
2024-04-02 11:00:00,0.000000
2024-04-02 12:00:00,0.000000
2024-04-02 13:00:00,0.000000
2024-04-02 14:00:00,0.000061
2024-04-02 15:00:00,0.000671
2024-04-02 16:00:00,0.003418
2024-04-02 17:00:00,0.005066
2024-04-02 18:00:00,0.005371
2024-04-02 19:00:00,0.000488
2024-04-02 20:00:00,0.000549
2024-04-02 21:00:00,0.001221
2024-04-02 22:00:00,0.000244
2024-04-02 23:00:00,0.000305
2024-04-03 00:00:00,0.008850
2024-04-03 01:00:00,0.017517
2024-04-03 02:00:00,0.032166
2024-04-03 03:00:00,0.052307
2024-04-03 04:00:00,0.073120
2024-04-03 05:00:00,0.058350
2024-04-03 06:00:00,0.026978
2024-04-03 07:00:00,0.016785
2024-04-03 08:00:00,0.003235
2024-04-03 09:00:00,0.001556
2024-04-03 10:00:00,0.003967
2024-04-03 11:00:00,0.007385
2024-04-03 12:00:00,0.000610
2024-04-03 13:00:00,0.001831
2024-04-03 14:00:00,0.002563
2024-04-03 15:00:00,0.001221
2024-04-03 16:00:00,0.009766
2024-04-03 17:00:00,0.012695
2024-04-03 18:00:00,0.009399
2024-04-03 19:00:00,0.008545
2024-04-03 20:00:00,0.003204
2024-04-03 21:00:00,0.001343
2024-04-03 22:00:00,0.046448
2024-04-03 23:00:00,0.026062
2024-04-04 00:00:00,0.013367
2024-04-04 01:00:00,0.005432
2024-04-04 02:00:00,0.002380
2024-04-04 03:00:00,0.001404
2024-04-04 04:00:00,0.000793
2024-04-04 05:00:00,0.000244
2024-04-04 06:00:00,0.022186
2024-04-04 07:00:00,0.004333
2024-04-04 08:00:00,0.017395
2024-04-04 09:00:00,0.008118
2024-04-04 10:00:00,0.002136
2024-04-04 11:00:00,0.000000
2024-04-04 12:00:00,0.000610
2024-04-04 13:00:00,0.000427
2024-04-04 14:00:00,0.000000
2024-04-04 15:00:00,0.000061
2024-04-04 16:00:00,0.000000
2024-04-04 17:00:00,0.000000
2024-04-04 18:00:00,0.000000
2024-04-04 19:00:00,0.000000
2024-04-04 20:00:00,0.000000
2024-04-04 21:00:00,0.000000
2024-04-04 22:00:00,0.018066
2024-04-04 23:00:00,0.013611
2024-04-05 00:00:00,0.003967
2024-04-05 01:00:00,0.008514
2024-04-05 02:00:00,0.004822
2024-04-05 03:00:00,0.002533
2024-04-05 04:00:00,0.000427
2024-04-05 05:00:00,0.000183
2024-04-05 06:00:00,0.000793
2024-04-05 07:00:00,0.002563
2024-04-05 08:00:00,0.083496
2024-04-05 09:00:00,0.048462
2024-04-05 10:00:00,0.082275
2024-04-05 11:00:00,0.032623
2024-04-05 12:00:00,0.006348
2024-04-05 13:00:00,0.000458
2024-04-05 14:00:00,0.000000
2024-04-05 15:00:00,0.000122
2024-04-05 16:00:00,0.000244
2024-04-05 17:00:00,0.000183
2024-04-05 18:00:00,0.000793
2024-04-05 19:00:00,0.001160
2024-04-05 20:00:00,0.000671
2024-04-05 21:00:00,0.000183
2024-04-05 22:00:00,0.002014
2024-04-05 23:00:00,0.006226
2024-04-06 00:00:00,0.002869
2024-04-06 01:00:00,0.000916
2024-04-06 02:00:00,0.000061
2024-04-06 03:00:00,0.000061
2024-04-06 04:00:00,0.000061
2024-04-06 05:00:00,0.000061
2024-04-06 06:00:00,0.000061
2024-04-06 07:00:00,0.000000
2024-04-06 08:00:00,0.000000
2024-04-06 09:00:00,0.000000
2024-04-06 10:00:00,0.000397
2024-04-06 11:00:00,0.000122
2024-04-06 12:00:00,0.000061
2024-04-06 13:00:00,0.000000
2024-04-06 14:00:00,0.000000
2024-04-06 15:00:00,0.000000
2024-04-06 16:00:00,0.000000
2024-04-06 17:00:00,0.000000
2024-04-06 18:00:00,0.000000
2024-04-06 19:00:00,0.000000
2024-04-06 20:00:00,0.000000
2024-04-06 21:00:00,0.000000
2024-04-06 22:00:00,0.000000
2024-04-06 23:00:00,0.000000
2024-04-07 00:00:00,0.000000
2024-04-07 01:00:00,0.000000
2024-04-07 02:00:00,0.000000
2024-04-07 03:00:00,0.000000
2024-04-07 04:00:00,0.000000
2024-04-07 05:00:00,0.000000
2024-04-07 06:00:00,0.000000
2024-04-07 07:00:00,0.000000
2024-04-07 08:00:00,0.000000
2024-04-07 09:00:00,0.000000
2024-04-07 10:00:00,0.000000
2024-04-07 11:00:00,0.000000
2024-04-07 12:00:00,0.000000
2024-04-07 13:00:00,0.000000
2024-04-07 14:00:00,0.000000
2024-04-07 15:00:00,0.000000
2024-04-07 16:00:00,0.000000
2024-04-07 17:00:00,0.000000
2024-04-07 18:00:00,0.000000
2024-04-07 19:00:00,0.000000
2024-04-07 20:00:00,0.000000
2024-04-07 21:00:00,0.000000
2024-04-07 22:00:00,0.000000
2024-04-07 23:00:00,0.000000
2024-04-08 00:00:00,0.000000
2024-04-08 01:00:00,0.000000
2024-04-08 02:00:00,0.000000
2024-04-08 03:00:00,0.000000
2024-04-08 04:00:00,0.000000
2024-04-08 05:00:00,0.000000
2024-04-08 06:00:00,0.000000
2024-04-08 07:00:00,0.000000
2024-04-08 08:00:00,0.002380
2024-04-08 09:00:00,0.004211
2024-04-08 10:00:00,0.000061
2024-04-08 11:00:00,0.000000
2024-04-08 12:00:00,0.000000
2024-04-08 13:00:00,0.000000
2024-04-08 14:00:00,0.000000
2024-04-08 15:00:00,0.000000
2024-04-08 16:00:00,0.000000
2024-04-08 17:00:00,0.000000
2024-04-08 18:00:00,0.000000
2024-04-08 19:00:00,0.000000
2024-04-08 20:00:00,0.000000
2024-04-08 21:00:00,0.000000
2024-04-08 22:00:00,0.000000
2024-04-08 23:00:00,0.000000
2024-04-09 00:00:00,0.000000
2024-04-09 01:00:00,0.000000
2024-04-09 02:00:00,0.000000
2024-04-09 03:00:00,0.000000
2024-04-09 04:00:00,0.000000
2024-04-09 05:00:00,0.000000
2024-04-09 06:00:00,0.000000
2024-04-09 07:00:00,0.000000
2024-04-09 08:00:00,0.000061
2024-04-09 09:00:00,0.005432
2024-04-09 10:00:00,0.000122
2024-04-09 11:00:00,0.000000
2024-04-09 12:00:00,0.000000
2024-04-09 13:00:00,0.000000
2024-04-09 14:00:00,0.000000
2024-04-09 15:00:00,0.000000
2024-04-09 16:00:00,0.000000
2024-04-09 17:00:00,0.000000
2024-04-09 18:00:00,0.000000
2024-04-09 19:00:00,0.000000
2024-04-09 20:00:00,0.000000
2024-04-09 21:00:00,0.000000
2024-04-09 22:00:00,0.000000
2024-04-09 23:00:00,0.000000
2024-04-10 00:00:00,0.000000
2024-04-10 01:00:00,0.000000
2024-04-10 02:00:00,0.000000
2024-04-10 03:00:00,0.000000
2024-04-10 04:00:00,0.000000
2024-04-10 05:00:00,0.000000
2024-04-10 06:00:00,0.000000
2024-04-10 07:00:00,0.000000
2024-04-10 08:00:00,0.000061
2024-04-10 09:00:00,0.000061
2024-04-10 10:00:00,0.000000
2024-04-10 11:00:00,0.001740
2024-04-10 12:00:00,0.000214
2024-04-10 13:00:00,0.000000
2024-04-10 14:00:00,0.000366
2024-04-10 15:00:00,0.001282
2024-04-10 16:00:00,0.000366
2024-04-10 17:00:00,0.000000
2024-04-10 18:00:00,0.000122
2024-04-10 19:00:00,0.000000
2024-04-10 20:00:00,0.000000
2024-04-10 21:00:00,0.000000
2024-04-10 22:00:00,0.000854
2024-04-10 23:00:00,0.006104
2024-04-11 00:00:00,0.026489
2024-04-11 01:00:00,0.001770
2024-04-11 02:00:00,0.000793
2024-04-11 03:00:00,0.000000
2024-04-11 04:00:00,0.000000
2024-04-11 05:00:00,0.000000
2024-04-11 06:00:00,0.000000
2024-04-11 07:00:00,0.000000
2024-04-11 08:00:00,0.001953
2024-04-11 09:00:00,0.001099
2024-04-11 10:00:00,0.003479
2024-04-11 11:00:00,0.018372
2024-04-11 12:00:00,0.059265
2024-04-11 13:00:00,0.045715
2024-04-11 14:00:00,0.005066
2024-04-11 15:00:00,0.009521
2024-04-11 16:00:00,0.000000
2024-04-11 17:00:00,0.002563
2024-04-11 18:00:00,0.000519
2024-04-11 19:00:00,0.000916
2024-04-11 20:00:00,0.000732
2024-04-11 21:00:00,0.000122
2024-04-11 22:00:00,0.012634
2024-04-11 23:00:00,0.006958
2024-04-12 00:00:00,0.000977
2024-04-12 01:00:00,0.002136
2024-04-12 02:00:00,0.004395
2024-04-12 03:00:00,0.006104
2024-04-12 04:00:00,0.007812
2024-04-12 05:00:00,0.004944
2024-04-12 06:00:00,0.000000
2024-04-12 07:00:00,0.026001
2024-04-12 08:00:00,0.000305
2024-04-12 09:00:00,0.000244
2024-04-12 10:00:00,0.004028
2024-04-12 11:00:00,0.000214
2024-04-12 12:00:00,0.000000
2024-04-12 13:00:00,0.000000
2024-04-12 14:00:00,0.000000
2024-04-12 15:00:00,0.000000
2024-04-12 16:00:00,0.000000
2024-04-12 17:00:00,0.000000
2024-04-12 18:00:00,0.000000
2024-04-12 19:00:00,0.000061
2024-04-12 20:00:00,0.000061
2024-04-12 21:00:00,0.000061
2024-04-12 22:00:00,0.001465
2024-04-12 23:00:00,0.001648
2024-04-13 00:00:00,0.000000
2024-04-13 01:00:00,0.000000
2024-04-13 02:00:00,0.000000
2024-04-13 03:00:00,0.000000
2024-04-13 04:00:00,0.000000
2024-04-13 05:00:00,0.000000
2024-04-13 06:00:00,0.000000
2024-04-13 07:00:00,0.070557
2024-04-13 08:00:00,0.027588
2024-04-13 09:00:00,0.027405
2024-04-13 10:00:00,0.040039
2024-04-13 11:00:00,0.136230
2024-04-13 12:00:00,0.063293
2024-04-13 13:00:00,0.000122
2024-04-13 14:00:00,0.000000
2024-04-13 15:00:00,0.000000
2024-04-13 16:00:00,0.000061
2024-04-13 17:00:00,0.000366
2024-04-13 18:00:00,0.000488
2024-04-13 19:00:00,0.000488
2024-04-13 20:00:00,0.002319
2024-04-13 21:00:00,0.003479
2024-04-13 22:00:00,0.014526
2024-04-13 23:00:00,0.098541
2024-04-14 00:00:00,0.167023
2024-04-14 01:00:00,0.101013
2024-04-14 02:00:00,0.149841
2024-04-14 03:00:00,0.136719
2024-04-14 04:00:00,0.045105
2024-04-14 05:00:00,0.005615
2024-04-14 06:00:00,0.010010
2024-04-14 07:00:00,0.028076
2024-04-14 08:00:00,0.031311
2024-04-14 09:00:00,0.023621
2024-04-14 10:00:00,0.510498
2024-04-14 11:00:00,0.166199
2024-04-14 12:00:00,0.044067
2024-04-14 13:00:00,0.003082
2024-04-14 14:00:00,0.008118
2024-04-14 15:00:00,0.002228
2024-04-14 16:00:00,0.009277
2024-04-14 17:00:00,0.013062
2024-04-14 18:00:00,0.007446
2024-04-14 19:00:00,0.002869
2024-04-14 20:00:00,0.001465
2024-04-14 21:00:00,0.000793
2024-04-14 22:00:00,0.000854
2024-04-14 23:00:00,0.037415
2024-04-15 00:00:00,0.081299
2024-04-15 01:00:00,0.030457
2024-04-15 02:00:00,0.003601
2024-04-15 03:00:00,0.002686
2024-04-15 04:00:00,0.007080
2024-04-15 05:00:00,0.029175
2024-04-15 06:00:00,0.019348
2024-04-15 07:00:00,0.005676
2024-04-15 08:00:00,0.014954
2024-04-15 09:00:00,0.052979
2024-04-15 10:00:00,0.094879
2024-04-15 11:00:00,0.169373
2024-04-15 12:00:00,0.122070
2024-04-15 13:00:00,0.017273
2024-04-15 14:00:00,0.012817
2024-04-15 15:00:00,0.020325
2024-04-15 16:00:00,0.017059
2024-04-15 17:00:00,0.012634
2024-04-15 18:00:00,0.008240
2024-04-15 19:00:00,0.005798
2024-04-15 20:00:00,0.003784
2024-04-15 21:00:00,0.002808
2024-04-15 22:00:00,0.001740
2024-04-15 23:00:00,0.002197
2024-04-16 00:00:00,0.001404
2024-04-16 01:00:00,0.000641
2024-04-16 02:00:00,0.000183
2024-04-16 03:00:00,0.000000
2024-04-16 04:00:00,0.000000
2024-04-16 05:00:00,0.000000
2024-04-16 06:00:00,0.001343
2024-04-16 07:00:00,0.003540
2024-04-16 08:00:00,0.006714
2024-04-16 09:00:00,0.003387
2024-04-16 10:00:00,0.001129
2024-04-16 11:00:00,0.000916
2024-04-16 12:00:00,0.000977
2024-04-16 13:00:00,0.000732
2024-04-16 14:00:00,0.000122
2024-04-16 15:00:00,0.000000
2024-04-16 16:00:00,0.000000
2024-04-16 17:00:00,0.000000
2024-04-16 18:00:00,0.000000
2024-04-16 19:00:00,0.000000
2024-04-16 20:00:00,0.000000
2024-04-16 21:00:00,0.000000
2024-04-16 22:00:00,0.000000
2024-04-16 23:00:00,0.000000
2024-04-17 00:00:00,0.000000
2024-04-17 01:00:00,0.000000
2024-04-17 02:00:00,0.000000
2024-04-17 03:00:00,0.000000
2024-04-17 04:00:00,0.000000
2024-04-17 05:00:00,0.000000
2024-04-17 06:00:00,0.000000
2024-04-17 07:00:00,0.000000
2024-04-17 08:00:00,0.000000
2024-04-17 09:00:00,0.000122
2024-04-17 10:00:00,0.000397
2024-04-17 11:00:00,0.000000
2024-04-17 12:00:00,0.000000
2024-04-17 13:00:00,0.000183
2024-04-17 14:00:00,0.000000
2024-04-17 15:00:00,0.001953
2024-04-17 16:00:00,0.007629
2024-04-17 17:00:00,0.005310
2024-04-17 18:00:00,0.000549
2024-04-17 19:00:00,0.000549
2024-04-17 20:00:00,0.000122
2024-04-17 21:00:00,0.000000
2024-04-17 22:00:00,0.000031
2024-04-17 23:00:00,0.000153
2024-04-18 00:00:00,0.000061
2024-04-18 01:00:00,0.000122
2024-04-18 02:00:00,0.000092
2024-04-18 03:00:00,0.001404
2024-04-18 04:00:00,0.000824
2024-04-18 05:00:00,0.000305
2024-04-18 06:00:00,0.000000
2024-04-18 07:00:00,0.000000
2024-04-18 08:00:00,0.000000
2024-04-18 09:00:00,0.000000
2024-04-18 10:00:00,0.000427
2024-04-18 11:00:00,0.002808
2024-04-18 12:00:00,0.012207
2024-04-18 13:00:00,0.000031
2024-04-18 14:00:00,0.000000
2024-04-18 15:00:00,0.000244
2024-04-18 16:00:00,0.001648
2024-04-18 17:00:00,0.001770
2024-04-18 18:00:00,0.012207
2024-04-18 19:00:00,0.006165
2024-04-18 20:00:00,0.003601
2024-04-18 21:00:00,0.007477
2024-04-18 22:00:00,0.021332
2024-04-18 23:00:00,0.007751
2024-04-19 00:00:00,0.007996
2024-04-19 01:00:00,0.015137
2024-04-19 02:00:00,0.023438
2024-04-19 03:00:00,0.022644
2024-04-19 04:00:00,0.022858
2024-04-19 05:00:00,0.024048
2024-04-19 06:00:00,0.018433
2024-04-19 07:00:00,0.012878
2024-04-19 08:00:00,0.015381
2024-04-19 09:00:00,0.015686
2024-04-19 10:00:00,0.079529
2024-04-19 11:00:00,0.009033
2024-04-19 12:00:00,0.003967
2024-04-19 13:00:00,0.016418
2024-04-19 14:00:00,0.001099
2024-04-19 15:00:00,0.000977
2024-04-19 16:00:00,0.001038
2024-04-19 17:00:00,0.002441
2024-04-19 18:00:00,0.002625
2024-04-19 19:00:00,0.001953
2024-04-19 20:00:00,0.001587
2024-04-19 21:00:00,0.001221
2024-04-19 22:00:00,0.000122
2024-04-19 23:00:00,0.000214
2024-04-20 00:00:00,0.000122
2024-04-20 01:00:00,0.000122
2024-04-20 02:00:00,0.000366
2024-04-20 03:00:00,0.000244
2024-04-20 04:00:00,0.000000
2024-04-20 05:00:00,0.000366
2024-04-20 06:00:00,0.000488
2024-04-20 07:00:00,0.001587
2024-04-20 08:00:00,0.009521
2024-04-20 09:00:00,0.032257
2024-04-20 10:00:00,0.130890
2024-04-20 11:00:00,0.230530
2024-04-20 12:00:00,0.165222
2024-04-20 13:00:00,0.115692
2024-04-20 14:00:00,0.056702
2024-04-20 15:00:00,0.021851
2024-04-20 16:00:00,0.009460
2024-04-20 17:00:00,0.002563
2024-04-20 18:00:00,0.005005
2024-04-20 19:00:00,0.005432
2024-04-20 20:00:00,0.003906
2024-04-20 21:00:00,0.001526
2024-04-20 22:00:00,0.023499
2024-04-20 23:00:00,0.004517
2024-04-21 00:00:00,0.000793
2024-04-21 01:00:00,0.000488
2024-04-21 02:00:00,0.000092
2024-04-21 03:00:00,0.000122
2024-04-21 04:00:00,0.000183
2024-04-21 05:00:00,0.000122
2024-04-21 06:00:00,0.000183
2024-04-21 07:00:00,0.000122
2024-04-21 08:00:00,0.001892
2024-04-21 09:00:00,0.036072
2024-04-21 10:00:00,0.048096
2024-04-21 11:00:00,0.062622
2024-04-21 12:00:00,0.028015
2024-04-21 13:00:00,0.001221
2024-04-21 14:00:00,0.004089
2024-04-21 15:00:00,0.005920
2024-04-21 16:00:00,0.007446
2024-04-21 17:00:00,0.008972
2024-04-21 18:00:00,0.023132
2024-04-21 19:00:00,0.034119
2024-04-21 20:00:00,0.035767
2024-04-21 21:00:00,0.032837
2024-04-21 22:00:00,0.053833
2024-04-21 23:00:00,0.040405
2024-04-22 00:00:00,0.006042
2024-04-22 01:00:00,0.000061
2024-04-22 02:00:00,0.000793
2024-04-22 03:00:00,0.004272
2024-04-22 04:00:00,0.022095
2024-04-22 05:00:00,0.019287
2024-04-22 06:00:00,0.035339
2024-04-22 07:00:00,0.014465
2024-04-22 08:00:00,0.003113
2024-04-22 09:00:00,0.000488
2024-04-22 10:00:00,0.010986
2024-04-22 11:00:00,0.022583
2024-04-22 12:00:00,0.027100
2024-04-22 13:00:00,0.005249
2024-04-22 14:00:00,0.000793
2024-04-22 15:00:00,0.001343
2024-04-22 16:00:00,0.003418
2024-04-22 17:00:00,0.003601
2024-04-22 18:00:00,0.002991
2024-04-22 19:00:00,0.001709
2024-04-22 20:00:00,0.000427
2024-04-22 21:00:00,0.002075
2024-04-22 22:00:00,0.014893
2024-04-22 23:00:00,0.000122
2024-04-23 00:00:00,0.000122
2024-04-23 01:00:00,0.000671
2024-04-23 02:00:00,0.001343
2024-04-23 03:00:00,0.027100
2024-04-23 04:00:00,0.010193
2024-04-23 05:00:00,0.009216
2024-04-23 06:00:00,0.003540
2024-04-23 07:00:00,0.017639
2024-04-23 08:00:00,0.009094
2024-04-23 09:00:00,0.007629
2024-04-23 10:00:00,0.131287
2024-04-23 11:00:00,0.036560
2024-04-23 12:00:00,0.040070
2024-04-23 13:00:00,0.000031
2024-04-23 14:00:00,0.001190
2024-04-23 15:00:00,0.000946
2024-04-23 16:00:00,0.000305
2024-04-23 17:00:00,0.000061
2024-04-23 18:00:00,0.000000
2024-04-23 19:00:00,0.000000
2024-04-23 20:00:00,0.000000
2024-04-23 21:00:00,0.000000
2024-04-23 22:00:00,0.000000
2024-04-23 23:00:00,0.000000
2024-04-24 00:00:00,0.000000
2024-04-24 01:00:00,0.000000
2024-04-24 02:00:00,0.000000
2024-04-24 03:00:00,0.000000
2024-04-24 04:00:00,0.000000
2024-04-24 05:00:00,0.000000
2024-04-24 06:00:00,0.035645
2024-04-24 07:00:00,0.004333
2024-04-24 08:00:00,0.001221
2024-04-24 09:00:00,0.000854
2024-04-24 10:00:00,0.000549
2024-04-24 11:00:00,0.000793
2024-04-24 12:00:00,0.000122
2024-04-24 13:00:00,0.000000
2024-04-24 14:00:00,0.000000
2024-04-24 15:00:00,0.000000
2024-04-24 16:00:00,0.000000
2024-04-24 17:00:00,0.000000
2024-04-24 18:00:00,0.000000
2024-04-24 19:00:00,0.000000
2024-04-24 20:00:00,0.000000
2024-04-24 21:00:00,0.000000
2024-04-24 22:00:00,0.000061
2024-04-24 23:00:00,0.000183
2024-04-25 00:00:00,0.000244
2024-04-25 01:00:00,0.000183
2024-04-25 02:00:00,0.000000
2024-04-25 03:00:00,0.000000
2024-04-25 04:00:00,0.000000
2024-04-25 05:00:00,0.000000
2024-04-25 06:00:00,0.000000
2024-04-25 07:00:00,0.000000
2024-04-25 08:00:00,0.000000
2024-04-25 09:00:00,0.000000
2024-04-25 10:00:00,0.000305
2024-04-25 11:00:00,0.000305
2024-04-25 12:00:00,0.000000
2024-04-25 13:00:00,0.000000
2024-04-25 14:00:00,0.000000
2024-04-25 15:00:00,0.000000
2024-04-25 16:00:00,0.000000
2024-04-25 17:00:00,0.000000
2024-04-25 18:00:00,0.000000
2024-04-25 19:00:00,0.000000
2024-04-25 20:00:00,0.000000
2024-04-25 21:00:00,0.000061
2024-04-25 22:00:00,0.000061
2024-04-25 23:00:00,0.000061
2024-04-26 00:00:00,0.003540
2024-04-26 01:00:00,0.006012
2024-04-26 02:00:00,0.003113
2024-04-26 03:00:00,0.000488
2024-04-26 04:00:00,0.001770
2024-04-26 05:00:00,0.000183
2024-04-26 06:00:00,0.000000
2024-04-26 07:00:00,0.005249
2024-04-26 08:00:00,0.008789
2024-04-26 09:00:00,0.028320
2024-04-26 10:00:00,0.045349
2024-04-26 11:00:00,0.006775
2024-04-26 12:00:00,0.006622
2024-04-26 13:00:00,0.015320
2024-04-26 14:00:00,0.000000
2024-04-26 15:00:00,0.002686
2024-04-26 16:00:00,0.003601
2024-04-26 17:00:00,0.003510
2024-04-26 18:00:00,0.016602
2024-04-26 19:00:00,0.033264
2024-04-26 20:00:00,0.042847
2024-04-26 21:00:00,0.026184
2024-04-26 22:00:00,0.036194
2024-04-26 23:00:00,0.029419
2024-04-27 00:00:00,0.008789
2024-04-27 01:00:00,0.001953
2024-04-27 02:00:00,0.001160
2024-04-27 03:00:00,0.001465
2024-04-27 04:00:00,0.002319
2024-04-27 05:00:00,0.003540
2024-04-27 06:00:00,0.033905
2024-04-27 07:00:00,0.017059
2024-04-27 08:00:00,0.008698
2024-04-27 09:00:00,0.012482
2024-04-27 10:00:00,0.013916
2024-04-27 11:00:00,0.006836
2024-04-27 12:00:00,0.003845
2024-04-27 13:00:00,0.003906
2024-04-27 14:00:00,0.004059
2024-04-27 15:00:00,0.002045
2024-04-27 16:00:00,0.000671
2024-04-27 17:00:00,0.000031
2024-04-27 18:00:00,0.000244
2024-04-27 19:00:00,0.000916
2024-04-27 20:00:00,0.001465
2024-04-27 21:00:00,0.001465
2024-04-27 22:00:00,0.065613
2024-04-27 23:00:00,0.042908
2024-04-28 00:00:00,0.012329
2024-04-28 01:00:00,0.003021
2024-04-28 02:00:00,0.000366
2024-04-28 03:00:00,0.000061
2024-04-28 04:00:00,0.000000
2024-04-28 05:00:00,0.072876
2024-04-28 06:00:00,0.027283
2024-04-28 07:00:00,0.013733
2024-04-28 08:00:00,0.006714
2024-04-28 09:00:00,0.003448
2024-04-28 10:00:00,0.017242
2024-04-28 11:00:00,0.020874
2024-04-28 12:00:00,0.004974
2024-04-28 13:00:00,0.000244
2024-04-28 14:00:00,0.000061
2024-04-28 15:00:00,0.000122
2024-04-28 16:00:00,0.000061
2024-04-28 17:00:00,0.000000
2024-04-28 18:00:00,0.000061
2024-04-28 19:00:00,0.000122
2024-04-28 20:00:00,0.000122
2024-04-28 21:00:00,0.000244
2024-04-28 22:00:00,0.000061
2024-04-28 23:00:00,0.000305
2024-04-29 00:00:00,0.000610
2024-04-29 01:00:00,0.003723
2024-04-29 02:00:00,0.005493
2024-04-29 03:00:00,0.005737
2024-04-29 04:00:00,0.004761
2024-04-29 05:00:00,0.007935
2024-04-29 06:00:00,0.010254
2024-04-29 07:00:00,0.031708
2024-04-29 08:00:00,0.013000
2024-04-29 09:00:00,0.015442
2024-04-29 10:00:00,0.026611
2024-04-29 11:00:00,0.040833
2024-04-29 12:00:00,0.078491
2024-04-29 13:00:00,0.054443
2024-04-29 14:00:00,0.014709
2024-04-29 15:00:00,0.003113
2024-04-29 16:00:00,0.001099
2024-04-29 17:00:00,0.000427
2024-04-29 18:00:00,0.000183
2024-04-29 19:00:00,0.000000
2024-04-29 20:00:00,0.000000
2024-04-29 21:00:00,0.000000
2024-04-29 22:00:00,0.000000
2024-04-29 23:00:00,0.000000
2024-04-30 00:00:00,0.000000
2024-04-30 01:00:00,0.000000
2024-04-30 02:00:00,0.000000
2024-04-30 03:00:00,0.000000
2024-04-30 04:00:00,0.000000
2024-04-30 05:00:00,0.000000
2024-04-30 06:00:00,0.000000
2024-04-30 07:00:00,0.000000
2024-04-30 08:00:00,0.000000
2024-04-30 09:00:00,0.000000
2024-04-30 10:00:00,0.000000
2024-04-30 11:00:00,0.000000
2024-04-30 12:00:00,0.000000
2024-04-30 13:00:00,0.000000
2024-04-30 14:00:00,0.000000
2024-04-30 15:00:00,0.000000
2024-04-30 16:00:00,0.000000
2024-04-30 17:00:00,0.000000
2024-04-30 18:00:00,0.000000
2024-04-30 19:00:00,0.000000
2024-04-30 20:00:00,0.000000
2024-04-30 21:00:00,0.000000
2024-04-30 22:00:00,0.000000
2024-04-30 23:00:00,0.000000
2024-05-01 00:00:00,0.000000
2024-05-01 01:00:00,0.000000
2024-05-01 02:00:00,0.000000
2024-05-01 03:00:00,0.000000
2024-05-01 04:00:00,0.000000
2024-05-01 05:00:00,0.000000
2024-05-01 06:00:00,0.000000
2024-05-01 07:00:00,0.000000
2024-05-01 08:00:00,0.000000
2024-05-01 09:00:00,0.000000
2024-05-01 10:00:00,0.000000
2024-05-01 11:00:00,0.000000
2024-05-01 12:00:00,0.000000
2024-05-01 13:00:00,0.000000
2024-05-01 14:00:00,0.000000
2024-05-01 15:00:00,0.000000
2024-05-01 16:00:00,0.000000
2024-05-01 17:00:00,0.000000
2024-05-01 18:00:00,0.000000
2024-05-01 19:00:00,0.000000
2024-05-01 20:00:00,0.000000
2024-05-01 21:00:00,0.000000
2024-05-01 22:00:00,0.000000
2024-05-01 23:00:00,0.000000
2024-05-02 00:00:00,0.000000
2024-05-02 01:00:00,0.000000
2024-05-02 02:00:00,0.000000
2024-05-02 03:00:00,0.000000
2024-05-02 04:00:00,0.000000
2024-05-02 05:00:00,0.000000
2024-05-02 06:00:00,0.000000
2024-05-02 07:00:00,0.000000
2024-05-02 08:00:00,0.000000
2024-05-02 09:00:00,0.000000
2024-05-02 10:00:00,0.000000
2024-05-02 11:00:00,0.000000
2024-05-02 12:00:00,0.000000
2024-05-02 13:00:00,0.000000
2024-05-02 14:00:00,0.000000
2024-05-02 15:00:00,0.000000
2024-05-02 16:00:00,0.000000
2024-05-02 17:00:00,0.000000
2024-05-02 18:00:00,0.000000
2024-05-02 19:00:00,0.000000
2024-05-02 20:00:00,0.000000
2024-05-02 21:00:00,0.000000
2024-05-02 22:00:00,0.000000
2024-05-02 23:00:00,0.000000
2024-05-03 00:00:00,0.000000
2024-05-03 01:00:00,0.000000
2024-05-03 02:00:00,0.000000
2024-05-03 03:00:00,0.000000
2024-05-03 04:00:00,0.000000
2024-05-03 05:00:00,0.000000
2024-05-03 06:00:00,0.000000
2024-05-03 07:00:00,0.000000
2024-05-03 08:00:00,0.000000
2024-05-03 09:00:00,0.000366
2024-05-03 10:00:00,0.000610
2024-05-03 11:00:00,0.000122
2024-05-03 12:00:00,0.001343
2024-05-03 13:00:00,0.001038
2024-05-03 14:00:00,0.000000
2024-05-03 15:00:00,0.000000
2024-05-03 16:00:00,0.000122
2024-05-03 17:00:00,0.006287
2024-05-03 18:00:00,0.021484
2024-05-03 19:00:00,0.006226
2024-05-03 20:00:00,0.001221
2024-05-03 21:00:00,0.033447
2024-05-03 22:00:00,0.000000
2024-05-03 23:00:00,0.000122
2024-05-04 00:00:00,0.000000
2024-05-04 01:00:00,0.000000
2024-05-04 02:00:00,0.000000
2024-05-04 03:00:00,0.000061
2024-05-04 04:00:00,0.000244
2024-05-04 05:00:00,0.000977
2024-05-04 06:00:00,0.001587
2024-05-04 07:00:00,0.001160
2024-05-04 08:00:00,0.003357
2024-05-04 09:00:00,0.003296
2024-05-04 10:00:00,0.001282
2024-05-04 11:00:00,0.002930
2024-05-04 12:00:00,0.001923
2024-05-04 13:00:00,0.001404
2024-05-04 14:00:00,0.003052
2024-05-04 15:00:00,0.003571
2024-05-04 16:00:00,0.000763
2024-05-04 17:00:00,0.005310
2024-05-04 18:00:00,0.004761
2024-05-04 19:00:00,0.002747
2024-05-04 20:00:00,0.000244
2024-05-04 21:00:00,0.000092
2024-05-04 22:00:00,0.000061
2024-05-04 23:00:00,0.007385
2024-05-05 00:00:00,0.010498
2024-05-05 01:00:00,0.004578
2024-05-05 02:00:00,0.001617
2024-05-05 03:00:00,0.000641
2024-05-05 04:00:00,0.000244
2024-05-05 05:00:00,0.000092
2024-05-05 06:00:00,0.000000
2024-05-05 07:00:00,0.000000
2024-05-05 08:00:00,0.000000
2024-05-05 09:00:00,0.000000
2024-05-05 10:00:00,0.009094
2024-05-05 11:00:00,0.000061
2024-05-05 12:00:00,0.000000
2024-05-05 13:00:00,0.000000
2024-05-05 14:00:00,0.000000
2024-05-05 15:00:00,0.000061
2024-05-05 16:00:00,0.000183
2024-05-05 17:00:00,0.000122
2024-05-05 18:00:00,0.000061
2024-05-05 19:00:00,0.000061
2024-05-05 20:00:00,0.000244
2024-05-05 21:00:00,0.000336
2024-05-05 22:00:00,0.000183
2024-05-05 23:00:00,0.000000
2024-05-06 00:00:00,0.000000
2024-05-06 01:00:00,0.000000
2024-05-06 02:00:00,0.000000
2024-05-06 03:00:00,0.000000
2024-05-06 04:00:00,0.000000
2024-05-06 05:00:00,0.000000
2024-05-06 06:00:00,0.001495
2024-05-06 07:00:00,0.003540
2024-05-06 08:00:00,0.002197
2024-05-06 09:00:00,0.002075
2024-05-06 10:00:00,0.019409
2024-05-06 11:00:00,0.007263
2024-05-06 12:00:00,0.004028
2024-05-06 13:00:00,0.000000
2024-05-06 14:00:00,0.000000
2024-05-06 15:00:00,0.000000
2024-05-06 16:00:00,0.000000
2024-05-06 17:00:00,0.000000
2024-05-06 18:00:00,0.000000
2024-05-06 19:00:00,0.000122
2024-05-06 20:00:00,0.000427
2024-05-06 21:00:00,0.001556
2024-05-06 22:00:00,0.005066
2024-05-06 23:00:00,0.010559
2024-05-07 00:00:00,0.010284
2024-05-07 01:00:00,0.011963
2024-05-07 02:00:00,0.019958
2024-05-07 03:00:00,0.026428
2024-05-07 04:00:00,0.029236
2024-05-07 05:00:00,0.016724
2024-05-07 06:00:00,0.095062
2024-05-07 07:00:00,0.106842
2024-05-07 08:00:00,0.030731
2024-05-07 09:00:00,0.025208
2024-05-07 10:00:00,0.056885
2024-05-07 11:00:00,0.029541
2024-05-07 12:00:00,0.034119
2024-05-07 13:00:00,0.006714
2024-05-07 14:00:00,0.001099
2024-05-07 15:00:00,0.001038
2024-05-07 16:00:00,0.000305
2024-05-07 17:00:00,0.000000
2024-05-07 18:00:00,0.000000
2024-05-07 19:00:00,0.000000
2024-05-07 20:00:00,0.000000
2024-05-07 21:00:00,0.000000
2024-05-07 22:00:00,0.000122
2024-05-07 23:00:00,0.004211
2024-05-08 00:00:00,0.003540
2024-05-08 01:00:00,0.001282
2024-05-08 02:00:00,0.000183
2024-05-08 03:00:00,0.000031
2024-05-08 04:00:00,0.000000
2024-05-08 05:00:00,0.000000
2024-05-08 06:00:00,0.000000
2024-05-08 07:00:00,0.004456
2024-05-08 08:00:00,0.021484
2024-05-08 09:00:00,0.035278
2024-05-08 10:00:00,0.055298
2024-05-08 11:00:00,0.033722
2024-05-08 12:00:00,0.072998
2024-05-08 13:00:00,0.060059
2024-05-08 14:00:00,0.035522
2024-05-08 15:00:00,0.011780
2024-05-08 16:00:00,0.004639
2024-05-08 17:00:00,0.001221
2024-05-08 18:00:00,0.000305
2024-05-08 19:00:00,0.000061
2024-05-08 20:00:00,0.000061
2024-05-08 21:00:00,0.000061
2024-05-08 22:00:00,0.000000
2024-05-08 23:00:00,0.000183
2024-05-09 00:00:00,0.000854
2024-05-09 01:00:00,0.001068
2024-05-09 02:00:00,0.000061
2024-05-09 03:00:00,0.000061
2024-05-09 04:00:00,0.000366
2024-05-09 05:00:00,0.000488
2024-05-09 06:00:00,0.000549
2024-05-09 07:00:00,0.000488
2024-05-09 08:00:00,0.058655
2024-05-09 09:00:00,0.096802
2024-05-09 10:00:00,0.078369
2024-05-09 11:00:00,0.032379
2024-05-09 12:00:00,0.011047
2024-05-09 13:00:00,0.004639
2024-05-09 14:00:00,0.010010
2024-05-09 15:00:00,0.015472
2024-05-09 16:00:00,0.003235
2024-05-09 17:00:00,0.002625
2024-05-09 18:00:00,0.000488
2024-05-09 19:00:00,0.000000
2024-05-09 20:00:00,0.000061
2024-05-09 21:00:00,0.000061
2024-05-09 22:00:00,0.005554
2024-05-09 23:00:00,0.007263
2024-05-10 00:00:00,0.000000
2024-05-10 01:00:00,0.000549
2024-05-10 02:00:00,0.000671
2024-05-10 03:00:00,0.000488
2024-05-10 04:00:00,0.000153
2024-05-10 05:00:00,0.000000
2024-05-10 06:00:00,0.000000
2024-05-10 07:00:00,0.000000
2024-05-10 08:00:00,0.010620
2024-05-10 09:00:00,0.016602
2024-05-10 10:00:00,0.060303
2024-05-10 11:00:00,0.042053
2024-05-10 12:00:00,0.057922
2024-05-10 13:00:00,0.036926
2024-05-10 14:00:00,0.009155
2024-05-10 15:00:00,0.000061
2024-05-10 16:00:00,0.000122
2024-05-10 17:00:00,0.000061
2024-05-10 18:00:00,0.000000
2024-05-10 19:00:00,0.000000
2024-05-10 20:00:00,0.000366
2024-05-10 21:00:00,0.000000
2024-05-10 22:00:00,0.003784
2024-05-10 23:00:00,0.008545
2024-05-11 00:00:00,0.003418
2024-05-11 01:00:00,0.000031
2024-05-11 02:00:00,0.000427
2024-05-11 03:00:00,0.000000
2024-05-11 04:00:00,0.000000
2024-05-11 05:00:00,0.000000
2024-05-11 06:00:00,0.000000
2024-05-11 07:00:00,0.007568
2024-05-11 08:00:00,0.008606
2024-05-11 09:00:00,0.009094
2024-05-11 10:00:00,0.012634
2024-05-11 11:00:00,0.087891
2024-05-11 12:00:00,0.029358
2024-05-11 13:00:00,0.085449
2024-05-11 14:00:00,0.009888
2024-05-11 15:00:00,0.000793
2024-05-11 16:00:00,0.000305
2024-05-11 17:00:00,0.000488
2024-05-11 18:00:00,0.000305
2024-05-11 19:00:00,0.000244
2024-05-11 20:00:00,0.000061
2024-05-11 21:00:00,0.000122
2024-05-11 22:00:00,0.000000
2024-05-11 23:00:00,0.000000
2024-05-12 00:00:00,0.000000
2024-05-12 01:00:00,0.000000
2024-05-12 02:00:00,0.000000
2024-05-12 03:00:00,0.000000
2024-05-12 04:00:00,0.000000
2024-05-12 05:00:00,0.000061
2024-05-12 06:00:00,0.005707
2024-05-12 07:00:00,0.249420
2024-05-12 08:00:00,0.150330
2024-05-12 09:00:00,0.085510
2024-05-12 10:00:00,0.085876
2024-05-12 11:00:00,0.000427
2024-05-12 12:00:00,0.009033
2024-05-12 13:00:00,0.004700
2024-05-12 14:00:00,0.011902
2024-05-12 15:00:00,0.005798
2024-05-12 16:00:00,0.001373
2024-05-12 17:00:00,0.000366
2024-05-12 18:00:00,0.000244
2024-05-12 19:00:00,0.000244
2024-05-12 20:00:00,0.000183
2024-05-12 21:00:00,0.000122
2024-05-12 22:00:00,0.001221
2024-05-12 23:00:00,0.005859
2024-05-13 00:00:00,0.006531
2024-05-13 01:00:00,0.004486
2024-05-13 02:00:00,0.002808
2024-05-13 03:00:00,0.000366
2024-05-13 04:00:00,0.000153
2024-05-13 05:00:00,0.097931
2024-05-13 06:00:00,0.059601
2024-05-13 07:00:00,0.059204
2024-05-13 08:00:00,0.094727
2024-05-13 09:00:00,0.042297
2024-05-13 10:00:00,0.055054
2024-05-13 11:00:00,0.017334
2024-05-13 12:00:00,0.001526
2024-05-13 13:00:00,0.000000
2024-05-13 14:00:00,0.000000
2024-05-13 15:00:00,0.000000
2024-05-13 16:00:00,0.000000
2024-05-13 17:00:00,0.000000
2024-05-13 18:00:00,0.000000
2024-05-13 19:00:00,0.000000
2024-05-13 20:00:00,0.000000
2024-05-13 21:00:00,0.000000
2024-05-13 22:00:00,0.000000
2024-05-13 23:00:00,0.000000
2024-05-14 00:00:00,0.000000
2024-05-14 01:00:00,0.000000
2024-05-14 02:00:00,0.000000
2024-05-14 03:00:00,0.000000
2024-05-14 04:00:00,0.000000
2024-05-14 05:00:00,0.000061
2024-05-14 06:00:00,0.000000
2024-05-14 07:00:00,0.000122
2024-05-14 08:00:00,0.000916
2024-05-14 09:00:00,0.001465
2024-05-14 10:00:00,0.000061
2024-05-14 11:00:00,0.000000
2024-05-14 12:00:00,0.000000
2024-05-14 13:00:00,0.000000
2024-05-14 14:00:00,0.000000
2024-05-14 15:00:00,0.000000
2024-05-14 16:00:00,0.000000
2024-05-14 17:00:00,0.000183
2024-05-14 18:00:00,0.000397
2024-05-14 19:00:00,0.000305
2024-05-14 20:00:00,0.000183
2024-05-14 21:00:00,0.000061
2024-05-14 22:00:00,0.000000
2024-05-14 23:00:00,0.000000
2024-05-15 00:00:00,0.000000
2024-05-15 01:00:00,0.000000
2024-05-15 02:00:00,0.000000
2024-05-15 03:00:00,0.000000
2024-05-15 04:00:00,0.000000
2024-05-15 05:00:00,0.000000
2024-05-15 06:00:00,0.000000
2024-05-15 07:00:00,0.000000
2024-05-15 08:00:00,0.000122
2024-05-15 09:00:00,0.000183
2024-05-15 10:00:00,0.000031
2024-05-15 11:00:00,0.000000
2024-05-15 12:00:00,0.000000
2024-05-15 13:00:00,0.000000
2024-05-15 14:00:00,0.000000
2024-05-15 15:00:00,0.000000
2024-05-15 16:00:00,0.000000
2024-05-15 17:00:00,0.000000
2024-05-15 18:00:00,0.000000
2024-05-15 19:00:00,0.000000
2024-05-15 20:00:00,0.000000
2024-05-15 21:00:00,0.000000
2024-05-15 22:00:00,0.000000
2024-05-15 23:00:00,0.000000
2024-05-16 00:00:00,0.000000
2024-05-16 01:00:00,0.000000
2024-05-16 02:00:00,0.000000
2024-05-16 03:00:00,0.000000
2024-05-16 04:00:00,0.000000
2024-05-16 05:00:00,0.000000
2024-05-16 06:00:00,0.000244
2024-05-16 07:00:00,0.004883
2024-05-16 08:00:00,0.004944
2024-05-16 09:00:00,0.001953
2024-05-16 10:00:00,0.000122
2024-05-16 11:00:00,0.000000
2024-05-16 12:00:00,0.000000
2024-05-16 13:00:00,0.000366
2024-05-16 14:00:00,0.000305
2024-05-16 15:00:00,0.000000
2024-05-16 16:00:00,0.000000
2024-05-16 17:00:00,0.000000
2024-05-16 18:00:00,0.000000
2024-05-16 19:00:00,0.000000
2024-05-16 20:00:00,0.000000
2024-05-16 21:00:00,0.000000
2024-05-16 22:00:00,0.000000
2024-05-16 23:00:00,0.000000
2024-05-17 00:00:00,0.000000
2024-05-17 01:00:00,0.000000
2024-05-17 02:00:00,0.000000
2024-05-17 03:00:00,0.000000
2024-05-17 04:00:00,0.000000
2024-05-17 05:00:00,0.000000
2024-05-17 06:00:00,0.013916
2024-05-17 07:00:00,0.004303
2024-05-17 08:00:00,0.002686
2024-05-17 09:00:00,0.002655
2024-05-17 10:00:00,0.000519
2024-05-17 11:00:00,0.000549
2024-05-17 12:00:00,0.002869
2024-05-17 13:00:00,0.000153
2024-05-17 14:00:00,0.000000
2024-05-17 15:00:00,0.000000
2024-05-17 16:00:00,0.000000
2024-05-17 17:00:00,0.000183
2024-05-17 18:00:00,0.000061
2024-05-17 19:00:00,0.000183
2024-05-17 20:00:00,0.000000
2024-05-17 21:00:00,0.000122
2024-05-17 22:00:00,0.001831
2024-05-17 23:00:00,0.001221
2024-05-18 00:00:00,0.000275
2024-05-18 01:00:00,0.000031
2024-05-18 02:00:00,0.000000
2024-05-18 03:00:00,0.000000
2024-05-18 04:00:00,0.000000
2024-05-18 05:00:00,0.000000
2024-05-18 06:00:00,0.005432
2024-05-18 07:00:00,0.003540
2024-05-18 08:00:00,0.002258
2024-05-18 09:00:00,0.001221
2024-05-18 10:00:00,0.001404
2024-05-18 11:00:00,0.001160
2024-05-18 12:00:00,0.007080
2024-05-18 13:00:00,0.027283
2024-05-18 14:00:00,0.010803
2024-05-18 15:00:00,0.003052
2024-05-18 16:00:00,0.001404
2024-05-18 17:00:00,0.000610
2024-05-18 18:00:00,0.000244
2024-05-18 19:00:00,0.000061
2024-05-18 20:00:00,0.000000
2024-05-18 21:00:00,0.000000
2024-05-18 22:00:00,0.005035
2024-05-18 23:00:00,0.002686
2024-05-19 00:00:00,0.001892
2024-05-19 01:00:00,0.000000
2024-05-19 02:00:00,0.000000
2024-05-19 03:00:00,0.000000
2024-05-19 04:00:00,0.000000
2024-05-19 05:00:00,0.000000
2024-05-19 06:00:00,0.014648
2024-05-19 07:00:00,0.011169
2024-05-19 08:00:00,0.010223
2024-05-19 09:00:00,0.012909
2024-05-19 10:00:00,0.010620
2024-05-19 11:00:00,0.014954
2024-05-19 12:00:00,0.004944
2024-05-19 13:00:00,0.001038
2024-05-19 14:00:00,0.020569
2024-05-19 15:00:00,0.035034
2024-05-19 16:00:00,0.002380
2024-05-19 17:00:00,0.000000
2024-05-19 18:00:00,0.000000
2024-05-19 19:00:00,0.000000
2024-05-19 20:00:00,0.000000
2024-05-19 21:00:00,0.000061
2024-05-19 22:00:00,0.010284
2024-05-19 23:00:00,0.000732
2024-05-20 00:00:00,0.001404
2024-05-20 01:00:00,0.020874
2024-05-20 02:00:00,0.000061
2024-05-20 03:00:00,0.000061
2024-05-20 04:00:00,0.000366
2024-05-20 05:00:00,0.000061
2024-05-20 06:00:00,0.000061
2024-05-20 07:00:00,0.001282
2024-05-20 08:00:00,0.001282
2024-05-20 09:00:00,0.047668
2024-05-20 10:00:00,0.012207
2024-05-20 11:00:00,0.007019
2024-05-20 12:00:00,0.000549
2024-05-20 13:00:00,0.000000
2024-05-20 14:00:00,0.000000
2024-05-20 15:00:00,0.000000
2024-05-20 16:00:00,0.000000
2024-05-20 17:00:00,0.000183
2024-05-20 18:00:00,0.005127
2024-05-20 19:00:00,0.009033
2024-05-20 20:00:00,0.002197
2024-05-20 21:00:00,0.000366
2024-05-20 22:00:00,0.007751
2024-05-20 23:00:00,0.023376
2024-05-21 00:00:00,0.055725
2024-05-21 01:00:00,0.005798
2024-05-21 02:00:00,0.000427
2024-05-21 03:00:00,0.000061
2024-05-21 04:00:00,0.000000
2024-05-21 05:00:00,0.000000
2024-05-21 06:00:00,0.000000
2024-05-21 07:00:00,0.000000
2024-05-21 08:00:00,0.057068
2024-05-21 09:00:00,0.077332
2024-05-21 10:00:00,0.039917
2024-05-21 11:00:00,0.059570
2024-05-21 12:00:00,0.022949
2024-05-21 13:00:00,0.003296
2024-05-21 14:00:00,0.001892
2024-05-21 15:00:00,0.000854
2024-05-21 16:00:00,0.000427
2024-05-21 17:00:00,0.000366
2024-05-21 18:00:00,0.000427
2024-05-21 19:00:00,0.000305
2024-05-21 20:00:00,0.000061
2024-05-21 21:00:00,0.000122
2024-05-21 22:00:00,0.036377
2024-05-21 23:00:00,0.030640
2024-05-22 00:00:00,0.029907
2024-05-22 01:00:00,0.021362
2024-05-22 02:00:00,0.015442
2024-05-22 03:00:00,0.020935
2024-05-22 04:00:00,0.002930
2024-05-22 05:00:00,0.000183
2024-05-22 06:00:00,0.000000
2024-05-22 07:00:00,0.006714
2024-05-22 08:00:00,0.025391
2024-05-22 09:00:00,0.018433
2024-05-22 10:00:00,0.077576
2024-05-22 11:00:00,0.140808
2024-05-22 12:00:00,0.049500
2024-05-22 13:00:00,0.046570
2024-05-22 14:00:00,0.052246
2024-05-22 15:00:00,0.036224
2024-05-22 16:00:00,0.018311
2024-05-22 17:00:00,0.007385
2024-05-22 18:00:00,0.004639
2024-05-22 19:00:00,0.002625
2024-05-22 20:00:00,0.001099
2024-05-22 21:00:00,0.000610
2024-05-22 22:00:00,0.141418
2024-05-22 23:00:00,0.107483
2024-05-23 00:00:00,0.076355
2024-05-23 01:00:00,0.065552
2024-05-23 02:00:00,0.044189
2024-05-23 03:00:00,0.006958
2024-05-23 04:00:00,0.004883
2024-05-23 05:00:00,0.006409
2024-05-23 06:00:00,0.007568
2024-05-23 07:00:00,0.024048
2024-05-23 08:00:00,0.032471
2024-05-23 09:00:00,0.044678
2024-05-23 10:00:00,0.033203
2024-05-23 11:00:00,0.002258
2024-05-23 12:00:00,0.001587
2024-05-23 13:00:00,0.001282
2024-05-23 14:00:00,0.000366
2024-05-23 15:00:00,0.000671
2024-05-23 16:00:00,0.001251
2024-05-23 17:00:00,0.001221
2024-05-23 18:00:00,0.000122
2024-05-23 19:00:00,0.000000
2024-05-23 20:00:00,0.000000
2024-05-23 21:00:00,0.000000
2024-05-23 22:00:00,0.000366
2024-05-23 23:00:00,0.005371
2024-05-24 00:00:00,0.008667
2024-05-24 01:00:00,0.005676
2024-05-24 02:00:00,0.003235
2024-05-24 03:00:00,0.003296
2024-05-24 04:00:00,0.002930
2024-05-24 05:00:00,0.000488
2024-05-24 06:00:00,0.120361
2024-05-24 07:00:00,0.135559
2024-05-24 08:00:00,0.133545
2024-05-24 09:00:00,0.045593
2024-05-24 10:00:00,0.034912
2024-05-24 11:00:00,0.008423
2024-05-24 12:00:00,0.003540
2024-05-24 13:00:00,0.004822
2024-05-24 14:00:00,0.005310
2024-05-24 15:00:00,0.004669
2024-05-24 16:00:00,0.003906
2024-05-24 17:00:00,0.002930
2024-05-24 18:00:00,0.002686
2024-05-24 19:00:00,0.002747
2024-05-24 20:00:00,0.001892
2024-05-24 21:00:00,0.001221
2024-05-24 22:00:00,0.000061
2024-05-24 23:00:00,0.000183
2024-05-25 00:00:00,0.000183
2024-05-25 01:00:00,0.000092
2024-05-25 02:00:00,0.002960
2024-05-25 03:00:00,0.032074
2024-05-25 04:00:00,0.023438
2024-05-25 05:00:00,0.044952
2024-05-25 06:00:00,0.018188
2024-05-25 07:00:00,0.018433
2024-05-25 08:00:00,0.113068
2024-05-25 09:00:00,0.053009
2024-05-25 10:00:00,0.109650
2024-05-25 11:00:00,0.140137
2024-05-25 12:00:00,0.041260
2024-05-25 13:00:00,0.007782
2024-05-25 14:00:00,0.001740
2024-05-25 15:00:00,0.000641
2024-05-25 16:00:00,0.000244
2024-05-25 17:00:00,0.000061
2024-05-25 18:00:00,0.000000
2024-05-25 19:00:00,0.000000
2024-05-25 20:00:00,0.000000
2024-05-25 21:00:00,0.000000
2024-05-25 22:00:00,0.000000
2024-05-25 23:00:00,0.000000
2024-05-26 00:00:00,0.000000
2024-05-26 01:00:00,0.000000
2024-05-26 02:00:00,0.000000
2024-05-26 03:00:00,0.000000
2024-05-26 04:00:00,0.000000
2024-05-26 05:00:00,0.000000
2024-05-26 06:00:00,0.000000
2024-05-26 07:00:00,0.000000
2024-05-26 08:00:00,0.000000
2024-05-26 09:00:00,0.005127
2024-05-26 10:00:00,0.003967
2024-05-26 11:00:00,0.001038
2024-05-26 12:00:00,0.000183
2024-05-26 13:00:00,0.000000
2024-05-26 14:00:00,0.000122
2024-05-26 15:00:00,0.000732
2024-05-26 16:00:00,0.000793
2024-05-26 17:00:00,0.000122
2024-05-26 18:00:00,0.000000
2024-05-26 19:00:00,0.000000
2024-05-26 20:00:00,0.000061
2024-05-26 21:00:00,0.000000
2024-05-26 22:00:00,0.000000
2024-05-26 23:00:00,0.000000
2024-05-27 00:00:00,0.000000
2024-05-27 01:00:00,0.000000
2024-05-27 02:00:00,0.000000
2024-05-27 03:00:00,0.000000
2024-05-27 04:00:00,0.000000
2024-05-27 05:00:00,0.000000
2024-05-27 06:00:00,0.000000
2024-05-27 07:00:00,0.000000
2024-05-27 08:00:00,0.000000
2024-05-27 09:00:00,0.000061
2024-05-27 10:00:00,0.000000
2024-05-27 11:00:00,0.000000
2024-05-27 12:00:00,0.000000
2024-05-27 13:00:00,0.000000
2024-05-27 14:00:00,0.000000
2024-05-27 15:00:00,0.000000
2024-05-27 16:00:00,0.000000
2024-05-27 17:00:00,0.000000
2024-05-27 18:00:00,0.000000
2024-05-27 19:00:00,0.000000
2024-05-27 20:00:00,0.000000
2024-05-27 21:00:00,0.000000
2024-05-27 22:00:00,0.000000
2024-05-27 23:00:00,0.000000
2024-05-28 00:00:00,0.000000
2024-05-28 01:00:00,0.000000
2024-05-28 02:00:00,0.000000
2024-05-28 03:00:00,0.000000
2024-05-28 04:00:00,0.000000
2024-05-28 05:00:00,0.000000
2024-05-28 06:00:00,0.000000
2024-05-28 07:00:00,0.000000
2024-05-28 08:00:00,0.000000
2024-05-28 09:00:00,0.000000
2024-05-28 10:00:00,0.000000
2024-05-28 11:00:00,0.000000
2024-05-28 12:00:00,0.000000
2024-05-28 13:00:00,0.000000
2024-05-28 14:00:00,0.000000
2024-05-28 15:00:00,0.000000
2024-05-28 16:00:00,0.000000
2024-05-28 17:00:00,0.000000
2024-05-28 18:00:00,0.000000
2024-05-28 19:00:00,0.000000
2024-05-28 20:00:00,0.000000
2024-05-28 21:00:00,0.000000
2024-05-28 22:00:00,0.008728
2024-05-28 23:00:00,0.010986
2024-05-29 00:00:00,0.020508
2024-05-29 01:00:00,0.030151
2024-05-29 02:00:00,0.010864
2024-05-29 03:00:00,0.000488
2024-05-29 04:00:00,0.000000
2024-05-29 05:00:00,0.000061
2024-05-29 06:00:00,0.005310
2024-05-29 07:00:00,0.004120
2024-05-29 08:00:00,0.005035
2024-05-29 09:00:00,0.007782
2024-05-29 10:00:00,0.028290
2024-05-29 11:00:00,0.012451
2024-05-29 12:00:00,0.011047
2024-05-29 13:00:00,0.007324
2024-05-29 14:00:00,0.008118
2024-05-29 15:00:00,0.020081
2024-05-29 16:00:00,0.033569
2024-05-29 17:00:00,0.031860
2024-05-29 18:00:00,0.038574
2024-05-29 19:00:00,0.019409
2024-05-29 20:00:00,0.005432
2024-05-29 21:00:00,0.000000
2024-05-29 22:00:00,0.008240
2024-05-29 23:00:00,0.020020
2024-05-30 00:00:00,0.035156
2024-05-30 01:00:00,0.035767
2024-05-30 02:00:00,0.021301
2024-05-30 03:00:00,0.008667
2024-05-30 04:00:00,0.002808
2024-05-30 05:00:00,0.000366
2024-05-30 06:00:00,0.014832
2024-05-30 07:00:00,0.006226
2024-05-30 08:00:00,0.002686
2024-05-30 09:00:00,0.001709
2024-05-30 10:00:00,0.000000
2024-05-30 11:00:00,0.000000
2024-05-30 12:00:00,0.000000
2024-05-30 13:00:00,0.000000
2024-05-30 14:00:00,0.000000
2024-05-30 15:00:00,0.000366
2024-05-30 16:00:00,0.000977
2024-05-30 17:00:00,0.000244
2024-05-30 18:00:00,0.001038
2024-05-30 19:00:00,0.000977
2024-05-30 20:00:00,0.003235
2024-05-30 21:00:00,0.009949
2024-05-30 22:00:00,0.000061
2024-05-30 23:00:00,0.000000
2024-05-31 00:00:00,0.000153
2024-05-31 01:00:00,0.000671
2024-05-31 02:00:00,0.001099
2024-05-31 03:00:00,0.000977
2024-05-31 04:00:00,0.000671
2024-05-31 05:00:00,0.000427
2024-05-31 06:00:00,0.000366
2024-05-31 07:00:00,0.001648
2024-05-31 08:00:00,0.005676
2024-05-31 09:00:00,0.002258
2024-05-31 10:00:00,0.001343
2024-05-31 11:00:00,0.000000
2024-05-31 12:00:00,0.000000
2024-05-31 13:00:00,0.000061
2024-05-31 14:00:00,0.001770
2024-05-31 15:00:00,0.004333
2024-05-31 16:00:00,0.005066
2024-05-31 17:00:00,0.003906
2024-05-31 18:00:00,0.002869
2024-05-31 19:00:00,0.002319
2024-05-31 20:00:00,0.002136
2024-05-31 21:00:00,0.002502
2024-05-31 22:00:00,0.020325
2024-05-31 23:00:00,0.010010
2024-06-01 00:00:00,0.007202
2024-06-01 01:00:00,0.002808
2024-06-01 02:00:00,0.001587
2024-06-01 03:00:00,0.001984
2024-06-01 04:00:00,0.002625
2024-06-01 05:00:00,0.005096
2024-06-01 06:00:00,0.013855
2024-06-01 07:00:00,0.011627
2024-06-01 08:00:00,0.040253
2024-06-01 09:00:00,0.189056
2024-06-01 10:00:00,0.130676
2024-06-01 11:00:00,0.060852
2024-06-01 12:00:00,0.048889
2024-06-01 13:00:00,0.011108
2024-06-01 14:00:00,0.208801
2024-06-01 15:00:00,0.177368
2024-06-01 16:00:00,0.014465
2024-06-01 17:00:00,0.012695
2024-06-01 18:00:00,0.004333
2024-06-01 19:00:00,0.009949
2024-06-01 20:00:00,0.001953
2024-06-01 21:00:00,0.002808
2024-06-01 22:00:00,0.344421
2024-06-01 23:00:00,0.023346
2024-06-02 00:00:00,0.011353
2024-06-02 01:00:00,0.014648
2024-06-02 02:00:00,0.003174
2024-06-02 03:00:00,0.001587
2024-06-02 04:00:00,0.000061
2024-06-02 05:00:00,0.000000
2024-06-02 06:00:00,0.000610
2024-06-02 07:00:00,0.001709
2024-06-02 08:00:00,0.036621
2024-06-02 09:00:00,0.022766
2024-06-02 10:00:00,0.011597
2024-06-02 11:00:00,0.033264
2024-06-02 12:00:00,0.036987
2024-06-02 13:00:00,0.024719
2024-06-02 14:00:00,0.011292
2024-06-02 15:00:00,0.002411
2024-06-02 16:00:00,0.000244
2024-06-02 17:00:00,0.000183
2024-06-02 18:00:00,0.000061
2024-06-02 19:00:00,0.000000
2024-06-02 20:00:00,0.000000
2024-06-02 21:00:00,0.000000
2024-06-02 22:00:00,0.000000
2024-06-02 23:00:00,0.000000
2024-06-03 00:00:00,0.000000
2024-06-03 01:00:00,0.000000
2024-06-03 02:00:00,0.000000
2024-06-03 03:00:00,0.000122
2024-06-03 04:00:00,0.000000
2024-06-03 05:00:00,0.000000
2024-06-03 06:00:00,0.011353
2024-06-03 07:00:00,0.078552
2024-06-03 08:00:00,0.063416
2024-06-03 09:00:00,0.020752
2024-06-03 10:00:00,0.112915
2024-06-03 11:00:00,0.026581
2024-06-03 12:00:00,0.005798
2024-06-03 13:00:00,0.003052
2024-06-03 14:00:00,0.000977
2024-06-03 15:00:00,0.001404
2024-06-03 16:00:00,0.003052
2024-06-03 17:00:00,0.003845
2024-06-03 18:00:00,0.003906
2024-06-03 19:00:00,0.003418
2024-06-03 20:00:00,0.002319
2024-06-03 21:00:00,0.001221
2024-06-03 22:00:00,0.015503
2024-06-03 23:00:00,0.034729
2024-06-04 00:00:00,0.005310
2024-06-04 01:00:00,0.000366
2024-06-04 02:00:00,0.000061
2024-06-04 03:00:00,0.000000
2024-06-04 04:00:00,0.000000
2024-06-04 05:00:00,0.000000
2024-06-04 06:00:00,0.002075
2024-06-04 07:00:00,0.006348
2024-06-04 08:00:00,0.009277
2024-06-04 09:00:00,0.020996
2024-06-04 10:00:00,0.026794
2024-06-04 11:00:00,0.007690
2024-06-04 12:00:00,0.003174
2024-06-04 13:00:00,0.016846
2024-06-04 14:00:00,0.002136
2024-06-04 15:00:00,0.000549
2024-06-04 16:00:00,0.001160
2024-06-04 17:00:00,0.000977
2024-06-04 18:00:00,0.002808
2024-06-04 19:00:00,0.004517
2024-06-04 20:00:00,0.002655
2024-06-04 21:00:00,0.000702
2024-06-04 22:00:00,0.001465
2024-06-04 23:00:00,0.001038
2024-06-05 00:00:00,0.000366
2024-06-05 01:00:00,0.000061
2024-06-05 02:00:00,0.000183
2024-06-05 03:00:00,0.000061
2024-06-05 04:00:00,0.000000
2024-06-05 05:00:00,0.000000
2024-06-05 06:00:00,0.002441
2024-06-05 07:00:00,0.003143
2024-06-05 08:00:00,0.004272
2024-06-05 09:00:00,0.015381
2024-06-05 10:00:00,0.014648
2024-06-05 11:00:00,0.000977
2024-06-05 12:00:00,0.029175
2024-06-05 13:00:00,0.039215
2024-06-05 14:00:00,0.026611
2024-06-05 15:00:00,0.015381
2024-06-05 16:00:00,0.010315
2024-06-05 17:00:00,0.010742
2024-06-05 18:00:00,0.006470
2024-06-05 19:00:00,0.013000
2024-06-05 20:00:00,0.013733
2024-06-05 21:00:00,0.006958
2024-06-05 22:00:00,0.001648
2024-06-05 23:00:00,0.001648
2024-06-06 00:00:00,0.006226
2024-06-06 01:00:00,0.006653
2024-06-06 02:00:00,0.005859
2024-06-06 03:00:00,0.000854
2024-06-06 04:00:00,0.000366
2024-06-06 05:00:00,0.000793
2024-06-06 06:00:00,0.000580
2024-06-06 07:00:00,0.000000
2024-06-06 08:00:00,0.000610
2024-06-06 09:00:00,0.025085
2024-06-06 10:00:00,0.044861
2024-06-06 11:00:00,0.016541
2024-06-06 12:00:00,0.001587
2024-06-06 13:00:00,0.000305
2024-06-06 14:00:00,0.000000
2024-06-06 15:00:00,0.000061
2024-06-06 16:00:00,0.000366
2024-06-06 17:00:00,0.000305
2024-06-06 18:00:00,0.000122
2024-06-06 19:00:00,0.000000
2024-06-06 20:00:00,0.000000
2024-06-06 21:00:00,0.000000
2024-06-06 22:00:00,0.026062
2024-06-06 23:00:00,0.012939
2024-06-07 00:00:00,0.004089
2024-06-07 01:00:00,0.001099
2024-06-07 02:00:00,0.000305
2024-06-07 03:00:00,0.000000
2024-06-07 04:00:00,0.000000
2024-06-07 05:00:00,0.000000
2024-06-07 06:00:00,0.000000
2024-06-07 07:00:00,0.000000
2024-06-07 08:00:00,0.003815
2024-06-07 09:00:00,0.005249
2024-06-07 10:00:00,0.006165
2024-06-07 11:00:00,0.002808
2024-06-07 12:00:00,0.001373
2024-06-07 13:00:00,0.000366
2024-06-07 14:00:00,0.000244
2024-06-07 15:00:00,0.000183
2024-06-07 16:00:00,0.000000
2024-06-07 17:00:00,0.000732
2024-06-07 18:00:00,0.002075
2024-06-07 19:00:00,0.000549
2024-06-07 20:00:00,0.000122
2024-06-07 21:00:00,0.000000
2024-06-07 22:00:00,0.000000
2024-06-07 23:00:00,0.000031
2024-06-08 00:00:00,0.000031
2024-06-08 01:00:00,0.000031
2024-06-08 02:00:00,0.000000
2024-06-08 03:00:00,0.000000
2024-06-08 04:00:00,0.000000
2024-06-08 05:00:00,0.000031
2024-06-08 06:00:00,0.000061
2024-06-08 07:00:00,0.000153
2024-06-08 08:00:00,0.174438
2024-06-08 09:00:00,0.060944
2024-06-08 10:00:00,0.021606
2024-06-08 11:00:00,0.000824
2024-06-08 12:00:00,0.001801
2024-06-08 13:00:00,0.000000
2024-06-08 14:00:00,0.000488
2024-06-08 15:00:00,0.000000
2024-06-08 16:00:00,0.000000
2024-06-08 17:00:00,0.000000
2024-06-08 18:00:00,0.000000
2024-06-08 19:00:00,0.000000
2024-06-08 20:00:00,0.000000
2024-06-08 21:00:00,0.000000
2024-06-08 22:00:00,0.000000
2024-06-08 23:00:00,0.000000
2024-06-09 00:00:00,0.000183
2024-06-09 01:00:00,0.000580
2024-06-09 02:00:00,0.000244
2024-06-09 03:00:00,0.000092
2024-06-09 04:00:00,0.000122
2024-06-09 05:00:00,0.000214
2024-06-09 06:00:00,0.000214
2024-06-09 07:00:00,0.000061
2024-06-09 08:00:00,0.000214
2024-06-09 09:00:00,0.000488
2024-06-09 10:00:00,0.000122
2024-06-09 11:00:00,0.000305
2024-06-09 12:00:00,0.000427
2024-06-09 13:00:00,0.000000
2024-06-09 14:00:00,0.000000
2024-06-09 15:00:00,0.000000
2024-06-09 16:00:00,0.000000
2024-06-09 17:00:00,0.000000
2024-06-09 18:00:00,0.000000
2024-06-09 19:00:00,0.000000
2024-06-09 20:00:00,0.000000
2024-06-09 21:00:00,0.000000
2024-06-09 22:00:00,0.000000
2024-06-09 23:00:00,0.000000
2024-06-10 00:00:00,0.000061
2024-06-10 01:00:00,0.000488
2024-06-10 02:00:00,0.000183
2024-06-10 03:00:00,0.000366
2024-06-10 04:00:00,0.000061
2024-06-10 05:00:00,0.000122
2024-06-10 06:00:00,0.000183
2024-06-10 07:00:00,0.000122
2024-06-10 08:00:00,0.003479
2024-06-10 09:00:00,0.007202
2024-06-10 10:00:00,0.000305
2024-06-10 11:00:00,0.004700
2024-06-10 12:00:00,0.000122
2024-06-10 13:00:00,0.000000
2024-06-10 14:00:00,0.000122
2024-06-10 15:00:00,0.001404
2024-06-10 16:00:00,0.001038
2024-06-10 17:00:00,0.008575
2024-06-10 18:00:00,0.000916
2024-06-10 19:00:00,0.000000
2024-06-10 20:00:00,0.000305
2024-06-10 21:00:00,0.001190
2024-06-10 22:00:00,0.005554
2024-06-10 23:00:00,0.002899
2024-06-11 00:00:00,0.010345
2024-06-11 01:00:00,0.012634
2024-06-11 02:00:00,0.006836
2024-06-11 03:00:00,0.005249
2024-06-11 04:00:00,0.007629
2024-06-11 05:00:00,0.005310
2024-06-11 06:00:00,0.005554
2024-06-11 07:00:00,0.004517
2024-06-11 08:00:00,0.032837
2024-06-11 09:00:00,0.003601
2024-06-11 10:00:00,0.005188
2024-06-11 11:00:00,0.006409
2024-06-11 12:00:00,0.003540
2024-06-11 13:00:00,0.000275
2024-06-11 14:00:00,0.000153
2024-06-11 15:00:00,0.000092
2024-06-11 16:00:00,0.000000
2024-06-11 17:00:00,0.000000
2024-06-11 18:00:00,0.000000
2024-06-11 19:00:00,0.000000
2024-06-11 20:00:00,0.000061
2024-06-11 21:00:00,0.000061
2024-06-11 22:00:00,0.000061
2024-06-11 23:00:00,0.000000
2024-06-12 00:00:00,0.000000
2024-06-12 01:00:00,0.000061
2024-06-12 02:00:00,0.000000
2024-06-12 03:00:00,0.000000
2024-06-12 04:00:00,0.000122
2024-06-12 05:00:00,0.000244
2024-06-12 06:00:00,0.000122
2024-06-12 07:00:00,0.003906
2024-06-12 08:00:00,0.007080
2024-06-12 09:00:00,0.010010
2024-06-12 10:00:00,0.003540
2024-06-12 11:00:00,0.000336
2024-06-12 12:00:00,0.000061
2024-06-12 13:00:00,0.000031
2024-06-12 14:00:00,0.000122
2024-06-12 15:00:00,0.000244
2024-06-12 16:00:00,0.000183
2024-06-12 17:00:00,0.000061
2024-06-12 18:00:00,0.000000
2024-06-12 19:00:00,0.000000
2024-06-12 20:00:00,0.000000
2024-06-12 21:00:00,0.000000
2024-06-12 22:00:00,0.000214
2024-06-12 23:00:00,0.000061
2024-06-13 00:00:00,0.000366
2024-06-13 01:00:00,0.000671
2024-06-13 02:00:00,0.001221
2024-06-13 03:00:00,0.000793
2024-06-13 04:00:00,0.000122
2024-06-13 05:00:00,0.000061
2024-06-13 06:00:00,0.077026
2024-06-13 07:00:00,0.037048
2024-06-13 08:00:00,0.023804
2024-06-13 09:00:00,0.011383
2024-06-13 10:00:00,0.028259
2024-06-13 11:00:00,0.003174
2024-06-13 12:00:00,0.062531
2024-06-13 13:00:00,0.050903
2024-06-13 14:00:00,0.036011
2024-06-13 15:00:00,0.027283
2024-06-13 16:00:00,0.022766
2024-06-13 17:00:00,0.013855
2024-06-13 18:00:00,0.017334
2024-06-13 19:00:00,0.024902
2024-06-13 20:00:00,0.017822
2024-06-13 21:00:00,0.007812
2024-06-13 22:00:00,0.032898
2024-06-13 23:00:00,0.032166
2024-06-14 00:00:00,0.024963
2024-06-14 01:00:00,0.016052
2024-06-14 02:00:00,0.006714
2024-06-14 03:00:00,0.004517
2024-06-14 04:00:00,0.010132
2024-06-14 05:00:00,0.012817
2024-06-14 06:00:00,0.009094
2024-06-14 07:00:00,0.007202
2024-06-14 08:00:00,0.053833
2024-06-14 09:00:00,0.075989
2024-06-14 10:00:00,0.073151
2024-06-14 11:00:00,0.062866
2024-06-14 12:00:00,0.046082
2024-06-14 13:00:00,0.208923
2024-06-14 14:00:00,0.049622
2024-06-14 15:00:00,0.029175
2024-06-14 16:00:00,0.021118
2024-06-14 17:00:00,0.025757
2024-06-14 18:00:00,0.024658
2024-06-14 19:00:00,0.015747
2024-06-14 20:00:00,0.015015
2024-06-14 21:00:00,0.020844
2024-06-14 22:00:00,0.051025
2024-06-14 23:00:00,0.050354
2024-06-15 00:00:00,0.033936
2024-06-15 01:00:00,0.015869
2024-06-15 02:00:00,0.011658
2024-06-15 03:00:00,0.003723
2024-06-15 04:00:00,0.001221
2024-06-15 05:00:00,0.000610
2024-06-15 06:00:00,0.030029
2024-06-15 07:00:00,0.052246
2024-06-15 08:00:00,0.036255
2024-06-15 09:00:00,0.022827
2024-06-15 10:00:00,0.065765
2024-06-15 11:00:00,0.033295
2024-06-15 12:00:00,0.009521
2024-06-15 13:00:00,0.001984
2024-06-15 14:00:00,0.000305
2024-06-15 15:00:00,0.000092
2024-06-15 16:00:00,0.000122
2024-06-15 17:00:00,0.000244
2024-06-15 18:00:00,0.000244
2024-06-15 19:00:00,0.000183
2024-06-15 20:00:00,0.000153
2024-06-15 21:00:00,0.000122
2024-06-15 22:00:00,0.000000
2024-06-15 23:00:00,0.000000
2024-06-16 00:00:00,0.000000
2024-06-16 01:00:00,0.000031
2024-06-16 02:00:00,0.000061
2024-06-16 03:00:00,0.000000
2024-06-16 04:00:00,0.000000
2024-06-16 05:00:00,0.000000
2024-06-16 06:00:00,0.028015
2024-06-16 07:00:00,0.084106
2024-06-16 08:00:00,0.143890
2024-06-16 09:00:00,0.102844
2024-06-16 10:00:00,0.076508
2024-06-16 11:00:00,0.072601
2024-06-16 12:00:00,0.061920
2024-06-16 13:00:00,0.015625
2024-06-16 14:00:00,0.013062
2024-06-16 15:00:00,0.014923
2024-06-16 16:00:00,0.014618
2024-06-16 17:00:00,0.013123
2024-06-16 18:00:00,0.010376
2024-06-16 19:00:00,0.006805
2024-06-16 20:00:00,0.004211
2024-06-16 21:00:00,0.003143
2024-06-16 22:00:00,0.001190
2024-06-16 23:00:00,0.001099
2024-06-17 00:00:00,0.000977
2024-06-17 01:00:00,0.000610
2024-06-17 02:00:00,0.000366
2024-06-17 03:00:00,0.000366
2024-06-17 04:00:00,0.000946
2024-06-17 05:00:00,0.001892
2024-06-17 06:00:00,0.187683
2024-06-17 07:00:00,0.177063
2024-06-17 08:00:00,0.132324
2024-06-17 09:00:00,0.088623
2024-06-17 10:00:00,0.061188
2024-06-17 11:00:00,0.097412
2024-06-17 12:00:00,0.038055
2024-06-17 13:00:00,0.062714
2024-06-17 14:00:00,0.048767
2024-06-17 15:00:00,0.036591
2024-06-17 16:00:00,0.020081
2024-06-17 17:00:00,0.011169
2024-06-17 18:00:00,0.010620
2024-06-17 19:00:00,0.012848
2024-06-17 20:00:00,0.014465
2024-06-17 21:00:00,0.013245
2024-06-17 22:00:00,0.024414
2024-06-17 23:00:00,0.000977
2024-06-18 00:00:00,0.000610
2024-06-18 01:00:00,0.000519
2024-06-18 02:00:00,0.000244
2024-06-18 03:00:00,0.000000
2024-06-18 04:00:00,0.000000
2024-06-18 05:00:00,0.000580
2024-06-18 06:00:00,0.003937
2024-06-18 07:00:00,0.027252
2024-06-18 08:00:00,0.087952
2024-06-18 09:00:00,0.093140
2024-06-18 10:00:00,0.032349
2024-06-18 11:00:00,0.064148
2024-06-18 12:00:00,0.019989
2024-06-18 13:00:00,0.011536
2024-06-18 14:00:00,0.007416
2024-06-18 15:00:00,0.013733
2024-06-18 16:00:00,0.021484
2024-06-18 17:00:00,0.015442
2024-06-18 18:00:00,0.012817
2024-06-18 19:00:00,0.021118
2024-06-18 20:00:00,0.023315
2024-06-18 21:00:00,0.012146
2024-06-18 22:00:00,0.006592
2024-06-18 23:00:00,0.023315
2024-06-19 00:00:00,0.048401
2024-06-19 01:00:00,0.068115
2024-06-19 02:00:00,0.042511
2024-06-19 03:00:00,0.024750
2024-06-19 04:00:00,0.008362
2024-06-19 05:00:00,0.002686
2024-06-19 06:00:00,0.016876
2024-06-19 07:00:00,0.025940
2024-06-19 08:00:00,0.031921
2024-06-19 09:00:00,0.027100
2024-06-19 10:00:00,0.014954
2024-06-19 11:00:00,0.005127
2024-06-19 12:00:00,0.055298
2024-06-19 13:00:00,0.110931
2024-06-19 14:00:00,0.174744
2024-06-19 15:00:00,0.143463
2024-06-19 16:00:00,0.149536
2024-06-19 17:00:00,0.126831
2024-06-19 18:00:00,0.066650
2024-06-19 19:00:00,0.035217
2024-06-19 20:00:00,0.019501
2024-06-19 21:00:00,0.031494
2024-06-19 22:00:00,0.029144
2024-06-19 23:00:00,0.013977
2024-06-20 00:00:00,0.010437
2024-06-20 01:00:00,0.045105
2024-06-20 02:00:00,0.118774
2024-06-20 03:00:00,0.061646
2024-06-20 04:00:00,0.103699
2024-06-20 05:00:00,0.095093
2024-06-20 06:00:00,0.056946
2024-06-20 07:00:00,0.040588
2024-06-20 08:00:00,0.037903
2024-06-20 09:00:00,0.037231
2024-06-20 10:00:00,0.031189
2024-06-20 11:00:00,0.031128
2024-06-20 12:00:00,0.012482
2024-06-20 13:00:00,0.006775
2024-06-20 14:00:00,0.010529
2024-06-20 15:00:00,0.019165
2024-06-20 16:00:00,0.044739
2024-06-20 17:00:00,0.069153
2024-06-20 18:00:00,0.090332
2024-06-20 19:00:00,0.101929
2024-06-20 20:00:00,0.093262
2024-06-20 21:00:00,0.071838
2024-06-20 22:00:00,0.088959
2024-06-20 23:00:00,0.089966
2024-06-21 00:00:00,0.046082
2024-06-21 01:00:00,0.022339
2024-06-21 02:00:00,0.001465
2024-06-21 03:00:00,0.002686
2024-06-21 04:00:00,0.019592
2024-06-21 05:00:00,0.039856
2024-06-21 06:00:00,0.083405
2024-06-21 07:00:00,0.102356
2024-06-21 08:00:00,0.061188
2024-06-21 09:00:00,0.026184
2024-06-21 10:00:00,0.023468
2024-06-21 11:00:00,0.023193
2024-06-21 12:00:00,0.031311
2024-06-21 13:00:00,0.047607
2024-06-21 14:00:00,0.062103
2024-06-21 15:00:00,0.061462
2024-06-21 16:00:00,0.068848
2024-06-21 17:00:00,0.103638
2024-06-21 18:00:00,0.109436
2024-06-21 19:00:00,0.045532
2024-06-21 20:00:00,0.125366
2024-06-21 21:00:00,0.251038
2024-06-21 22:00:00,0.068054
2024-06-21 23:00:00,0.022217
2024-06-22 00:00:00,0.033020
2024-06-22 01:00:00,0.034241
2024-06-22 02:00:00,0.017456
2024-06-22 03:00:00,0.008850
2024-06-22 04:00:00,0.011047
2024-06-22 05:00:00,0.053284
2024-06-22 06:00:00,0.057190
2024-06-22 07:00:00,0.069824
2024-06-22 08:00:00,0.073303
2024-06-22 09:00:00,0.071045
2024-06-22 10:00:00,0.275696
2024-06-22 11:00:00,0.141968
2024-06-22 12:00:00,0.013184
2024-06-22 13:00:00,0.041870
2024-06-22 14:00:00,0.062439
2024-06-22 15:00:00,0.060913
2024-06-22 16:00:00,0.058472
2024-06-22 17:00:00,0.061523
2024-06-22 18:00:00,0.062073
2024-06-22 19:00:00,0.055115
2024-06-22 20:00:00,0.049316
2024-06-22 21:00:00,0.048645
2024-06-22 22:00:00,0.080200
2024-06-22 23:00:00,0.069031
2024-06-23 00:00:00,0.063110
2024-06-23 01:00:00,0.033813
2024-06-23 02:00:00,0.018005
2024-06-23 03:00:00,0.018921
2024-06-23 04:00:00,0.007446
2024-06-23 05:00:00,0.009949
2024-06-23 06:00:00,0.018494
2024-06-23 07:00:00,0.067566
2024-06-23 08:00:00,0.066406
2024-06-23 09:00:00,0.095093
2024-06-23 10:00:00,0.157135
2024-06-23 11:00:00,0.170593
2024-06-23 12:00:00,0.063477
2024-06-23 13:00:00,0.111450
2024-06-23 14:00:00,0.173828
2024-06-23 15:00:00,0.198120
2024-06-23 16:00:00,0.150513
2024-06-23 17:00:00,0.110657
2024-06-23 18:00:00,0.097900
2024-06-23 19:00:00,0.101929
2024-06-23 20:00:00,0.085999
2024-06-23 21:00:00,0.083618
2024-06-23 22:00:00,0.066772
2024-06-23 23:00:00,0.146790
2024-06-24 00:00:00,0.013641
2024-06-24 01:00:00,0.016724
2024-06-24 02:00:00,0.012146
2024-06-24 03:00:00,0.013977
2024-06-24 04:00:00,0.014832
2024-06-24 05:00:00,0.053650
2024-06-24 06:00:00,0.035767
2024-06-24 07:00:00,0.026428
2024-06-24 08:00:00,0.030151
2024-06-24 09:00:00,0.057281
2024-06-24 10:00:00,0.249664
2024-06-24 11:00:00,0.259247
2024-06-24 12:00:00,0.070099
2024-06-24 13:00:00,0.007233
2024-06-24 14:00:00,0.048889
2024-06-24 15:00:00,0.038635
2024-06-24 16:00:00,0.005371
2024-06-24 17:00:00,0.011780
2024-06-24 18:00:00,0.047424
2024-06-24 19:00:00,0.032043
2024-06-24 20:00:00,0.017761
2024-06-24 21:00:00,0.030701
2024-06-24 22:00:00,0.076721
2024-06-24 23:00:00,0.064789
2024-06-25 00:00:00,0.007568
2024-06-25 01:00:00,0.006104
2024-06-25 02:00:00,0.004913
2024-06-25 03:00:00,0.008362
2024-06-25 04:00:00,0.025208
2024-06-25 05:00:00,0.038757
2024-06-25 06:00:00,0.066833
2024-06-25 07:00:00,0.168518
2024-06-25 08:00:00,0.097961
2024-06-25 09:00:00,0.082825
2024-06-25 10:00:00,0.058594
2024-06-25 11:00:00,0.028107
2024-06-25 12:00:00,0.058044
2024-06-25 13:00:00,0.095520
2024-06-25 14:00:00,0.083862
2024-06-25 15:00:00,0.099670
2024-06-25 16:00:00,0.133270
2024-06-25 17:00:00,0.148132
2024-06-25 18:00:00,0.079468
2024-06-25 19:00:00,0.058289
2024-06-25 20:00:00,0.041199
2024-06-25 21:00:00,0.023499
2024-06-25 22:00:00,0.026733
2024-06-25 23:00:00,0.015564
2024-06-26 00:00:00,0.056091
2024-06-26 01:00:00,0.044495
2024-06-26 02:00:00,0.124756
2024-06-26 03:00:00,0.097473
2024-06-26 04:00:00,0.008606
2024-06-26 05:00:00,0.036469
2024-06-26 06:00:00,0.028503
2024-06-26 07:00:00,0.033630
2024-06-26 08:00:00,0.055847
2024-06-26 09:00:00,0.098206
2024-06-26 10:00:00,0.099854
2024-06-26 11:00:00,0.084686
2024-06-26 12:00:00,0.049286
2024-06-26 13:00:00,0.030945
2024-06-26 14:00:00,0.034973
2024-06-26 15:00:00,0.027954
2024-06-26 16:00:00,0.024231
2024-06-26 17:00:00,0.031219
2024-06-26 18:00:00,0.090027
2024-06-26 19:00:00,0.188110
2024-06-26 20:00:00,0.163086
2024-06-26 21:00:00,0.158508
2024-06-26 22:00:00,0.047333
2024-06-26 23:00:00,0.078613
2024-06-27 00:00:00,0.083405
2024-06-27 01:00:00,0.026825
2024-06-27 02:00:00,0.056610
2024-06-27 03:00:00,0.065857
2024-06-27 04:00:00,0.134369
2024-06-27 05:00:00,0.178528
2024-06-27 06:00:00,0.203125
2024-06-27 07:00:00,0.105713
2024-06-27 08:00:00,0.324219
2024-06-27 09:00:00,0.136627
2024-06-27 10:00:00,0.043274
2024-06-27 11:00:00,0.039398
2024-06-27 12:00:00,0.092834
2024-06-27 13:00:00,0.155182
2024-06-27 14:00:00,0.129181
2024-06-27 15:00:00,0.096558
2024-06-27 16:00:00,0.046967
2024-06-27 17:00:00,0.023773
2024-06-27 18:00:00,0.037018
2024-06-27 19:00:00,0.069336
2024-06-27 20:00:00,0.096497
2024-06-27 21:00:00,0.183716
2024-06-27 22:00:00,0.510681
2024-06-27 23:00:00,0.741272
2024-06-28 00:00:00,0.585693
2024-06-28 01:00:00,0.720459
2024-06-28 02:00:00,0.956604
2024-06-28 03:00:00,0.805908
2024-06-28 04:00:00,0.707642
2024-06-28 05:00:00,0.253601
2024-06-28 06:00:00,0.162354
2024-06-28 07:00:00,0.276733
2024-06-28 08:00:00,0.260254
2024-06-28 09:00:00,0.143127
2024-06-28 10:00:00,0.097961
2024-06-28 11:00:00,0.035156
2024-06-28 12:00:00,0.023041
2024-06-28 13:00:00,0.009094
2024-06-28 14:00:00,0.006653
2024-06-28 15:00:00,0.013611
2024-06-28 16:00:00,0.017395
2024-06-28 17:00:00,0.020569
2024-06-28 18:00:00,0.020203
2024-06-28 19:00:00,0.027405
2024-06-28 20:00:00,0.045593
2024-06-28 21:00:00,0.094971
2024-06-28 22:00:00,0.189301
2024-06-28 23:00:00,0.208282
2024-06-29 00:00:00,0.234711
2024-06-29 01:00:00,0.251312
2024-06-29 02:00:00,0.212097
2024-06-29 03:00:00,0.201477
2024-06-29 04:00:00,0.118683
2024-06-29 05:00:00,0.108459
2024-06-29 06:00:00,0.329529
2024-06-29 07:00:00,0.225220
2024-06-29 08:00:00,0.333466
2024-06-29 09:00:00,0.175842
2024-06-29 10:00:00,0.098969
2024-06-29 11:00:00,0.079224
2024-06-29 12:00:00,0.058685
2024-06-29 13:00:00,0.072601
2024-06-29 14:00:00,0.086060
2024-06-29 15:00:00,0.089783
2024-06-29 16:00:00,0.082031
2024-06-29 17:00:00,0.099548
2024-06-29 18:00:00,0.088379
2024-06-29 19:00:00,0.077148
2024-06-29 20:00:00,0.065948
2024-06-29 21:00:00,0.148499
2024-06-29 22:00:00,0.050537
2024-06-29 23:00:00,0.040436
2024-06-30 00:00:00,0.047455
2024-06-30 01:00:00,0.046204
2024-06-30 02:00:00,0.082794
2024-06-30 03:00:00,0.129639
2024-06-30 04:00:00,0.357971
2024-06-30 05:00:00,0.289429
2024-06-30 06:00:00,0.116486
2024-06-30 07:00:00,0.061951
2024-06-30 08:00:00,0.183075
2024-06-30 09:00:00,0.128479
2024-06-30 10:00:00,0.076599
2024-06-30 11:00:00,0.146301
2024-06-30 12:00:00,0.153442
2024-06-30 13:00:00,0.164551
2024-06-30 14:00:00,0.166687
2024-06-30 15:00:00,0.164246
2024-06-30 16:00:00,0.207855
2024-06-30 17:00:00,0.193237
2024-06-30 18:00:00,0.201416
2024-06-30 19:00:00,0.186035
2024-06-30 20:00:00,0.142639
2024-06-30 21:00:00,0.225159
2024-06-30 22:00:00,0.002075
2024-06-30 23:00:00,0.002319
2024-07-01 00:00:00,0.017822
2024-07-01 01:00:00,0.039490
2024-07-01 02:00:00,0.149597
2024-07-01 03:00:00,0.230652
2024-07-01 04:00:00,0.378723
2024-07-01 05:00:00,0.462280
2024-07-01 06:00:00,0.336304
2024-07-01 07:00:00,0.106384
2024-07-01 08:00:00,0.077759
2024-07-01 09:00:00,0.077026
2024-07-01 10:00:00,0.076721
2024-07-01 11:00:00,0.096375
2024-07-01 12:00:00,0.098206
2024-07-01 13:00:00,0.108887
2024-07-01 14:00:00,0.200470
2024-07-01 15:00:00,0.381348
2024-07-01 16:00:00,0.236694
2024-07-01 17:00:00,0.189270
2024-07-01 18:00:00,0.265320
2024-07-01 19:00:00,0.357361
2024-07-01 20:00:00,0.326660
2024-07-01 21:00:00,0.317474
2024-07-01 22:00:00,0.210449
2024-07-01 23:00:00,0.242859
2024-07-02 00:00:00,0.123413
2024-07-02 01:00:00,0.187988
2024-07-02 02:00:00,0.446350
2024-07-02 03:00:00,0.540436
2024-07-02 04:00:00,0.353027
2024-07-02 05:00:00,0.047485
2024-07-02 06:00:00,0.045959
2024-07-02 07:00:00,0.067871
2024-07-02 08:00:00,0.107300
2024-07-02 09:00:00,0.177124
2024-07-02 10:00:00,0.194641
2024-07-02 11:00:00,0.136780
2024-07-02 12:00:00,0.119507
2024-07-02 13:00:00,0.062164
2024-07-02 14:00:00,0.028625
2024-07-02 15:00:00,0.044952
2024-07-02 16:00:00,0.261200
2024-07-02 17:00:00,0.330780
2024-07-02 18:00:00,0.352966
2024-07-02 19:00:00,0.306641
2024-07-02 20:00:00,0.194336
2024-07-02 21:00:00,0.094788
2024-07-02 22:00:00,0.057892
2024-07-02 23:00:00,0.020599
2024-07-03 00:00:00,0.029266
2024-07-03 01:00:00,0.057007
2024-07-03 02:00:00,0.158997
2024-07-03 03:00:00,0.128967
2024-07-03 04:00:00,0.096741
2024-07-03 05:00:00,0.082184
2024-07-03 06:00:00,0.035675
2024-07-03 07:00:00,0.076447
2024-07-03 08:00:00,0.191315
2024-07-03 09:00:00,0.105927
2024-07-03 10:00:00,0.091797
2024-07-03 11:00:00,0.018616
2024-07-03 12:00:00,0.023438
2024-07-03 13:00:00,0.053070
2024-07-03 14:00:00,0.112244
2024-07-03 15:00:00,0.147766
2024-07-03 16:00:00,0.172119
2024-07-03 17:00:00,0.165222
2024-07-03 18:00:00,0.135010
2024-07-03 19:00:00,0.258789
2024-07-03 20:00:00,0.277100
2024-07-03 21:00:00,0.392090
2024-07-03 22:00:00,0.374023
2024-07-03 23:00:00,1.284668
2024-07-04 00:00:00,0.837402
2024-07-04 01:00:00,0.590271
2024-07-04 02:00:00,0.217529
2024-07-04 03:00:00,0.319397
2024-07-04 04:00:00,0.498566
2024-07-04 05:00:00,0.721100
2024-07-04 06:00:00,0.315125
2024-07-04 07:00:00,0.086975
2024-07-04 08:00:00,0.088074
2024-07-04 09:00:00,0.075928
2024-07-04 10:00:00,0.084656
2024-07-04 11:00:00,0.109985
2024-07-04 12:00:00,0.090820
2024-07-04 13:00:00,0.017426
2024-07-04 14:00:00,0.023560
2024-07-04 15:00:00,0.041748
2024-07-04 16:00:00,0.032043
2024-07-04 17:00:00,0.045166
2024-07-04 18:00:00,0.043213
2024-07-04 19:00:00,0.144958
2024-07-04 20:00:00,0.054932
2024-07-04 21:00:00,0.052429
2024-07-04 22:00:00,0.036682
2024-07-04 23:00:00,0.067810
2024-07-05 00:00:00,0.260498
2024-07-05 01:00:00,0.283081
2024-07-05 02:00:00,0.267120
2024-07-05 03:00:00,0.335999
2024-07-05 04:00:00,0.323242
2024-07-05 05:00:00,0.205872
2024-07-05 06:00:00,0.184021
2024-07-05 07:00:00,0.088257
2024-07-05 08:00:00,0.051361
2024-07-05 09:00:00,0.050781
2024-07-05 10:00:00,0.184296
2024-07-05 11:00:00,0.148560
2024-07-05 12:00:00,0.152344
2024-07-05 13:00:00,0.116272
2024-07-05 14:00:00,0.094238
2024-07-05 15:00:00,0.146118
2024-07-05 16:00:00,0.196167
2024-07-05 17:00:00,0.166016
2024-07-05 18:00:00,0.132935
2024-07-05 19:00:00,0.134674
2024-07-05 20:00:00,0.220886
2024-07-05 21:00:00,0.283478
2024-07-05 22:00:00,0.169495
2024-07-05 23:00:00,0.134308
2024-07-06 00:00:00,0.177887
2024-07-06 01:00:00,0.140564
2024-07-06 02:00:00,0.146790
2024-07-06 03:00:00,0.214172
2024-07-06 04:00:00,0.215363
2024-07-06 05:00:00,0.124451
2024-07-06 06:00:00,0.103210
2024-07-06 07:00:00,0.117126
2024-07-06 08:00:00,0.124939
2024-07-06 09:00:00,0.133667
2024-07-06 10:00:00,0.087036
2024-07-06 11:00:00,0.125000
2024-07-06 12:00:00,0.065552
2024-07-06 13:00:00,0.035278
2024-07-06 14:00:00,0.028870
2024-07-06 15:00:00,0.029114
2024-07-06 16:00:00,0.041748
2024-07-06 17:00:00,0.040161
2024-07-06 18:00:00,0.051208
2024-07-06 19:00:00,0.058838
2024-07-06 20:00:00,0.088989
2024-07-06 21:00:00,0.139862
2024-07-06 22:00:00,0.098694
2024-07-06 23:00:00,0.082581
2024-07-07 00:00:00,0.091064
2024-07-07 01:00:00,0.138031
2024-07-07 02:00:00,0.088379
2024-07-07 03:00:00,0.062805
2024-07-07 04:00:00,0.050537
2024-07-07 05:00:00,0.059296
2024-07-07 06:00:00,0.123535
2024-07-07 07:00:00,0.167603
2024-07-07 08:00:00,0.112122
2024-07-07 09:00:00,0.014374
2024-07-07 10:00:00,0.039307
2024-07-07 11:00:00,0.043213
2024-07-07 12:00:00,0.032410
2024-07-07 13:00:00,0.020264
2024-07-07 14:00:00,0.016479
2024-07-07 15:00:00,0.011261
2024-07-07 16:00:00,0.008972
2024-07-07 17:00:00,0.006531
2024-07-07 18:00:00,0.007568
2024-07-07 19:00:00,0.008301
2024-07-07 20:00:00,0.008606
2024-07-07 21:00:00,0.008240
2024-07-07 22:00:00,0.009766
2024-07-07 23:00:00,0.012817
2024-07-08 00:00:00,0.029266
2024-07-08 01:00:00,0.026520
2024-07-08 02:00:00,0.049500
2024-07-08 03:00:00,0.097595
2024-07-08 04:00:00,0.074707
2024-07-08 05:00:00,0.151001
2024-07-08 06:00:00,0.185791
2024-07-08 07:00:00,0.181335
2024-07-08 08:00:00,0.179504
2024-07-08 09:00:00,0.143250
2024-07-08 10:00:00,0.135925
2024-07-08 11:00:00,0.097229
2024-07-08 12:00:00,0.016052
2024-07-08 13:00:00,0.020630
2024-07-08 14:00:00,0.017426
2024-07-08 15:00:00,0.011627
2024-07-08 16:00:00,0.007477
2024-07-08 17:00:00,0.005096
2024-07-08 18:00:00,0.003479
2024-07-08 19:00:00,0.006104
2024-07-08 20:00:00,0.015076
2024-07-08 21:00:00,0.019348
2024-07-08 22:00:00,0.042847
2024-07-08 23:00:00,0.050537
2024-07-09 00:00:00,0.121155
2024-07-09 01:00:00,0.135132
2024-07-09 02:00:00,0.159729
2024-07-09 03:00:00,0.153076
2024-07-09 04:00:00,0.105164
2024-07-09 05:00:00,0.199341
2024-07-09 06:00:00,0.108276
2024-07-09 07:00:00,0.159973
2024-07-09 08:00:00,0.076172
2024-07-09 09:00:00,0.117432
2024-07-09 10:00:00,0.068970
2024-07-09 11:00:00,0.052124
2024-07-09 12:00:00,0.035583
2024-07-09 13:00:00,0.012390
2024-07-09 14:00:00,0.008270
2024-07-09 15:00:00,0.009827
2024-07-09 16:00:00,0.009216
2024-07-09 17:00:00,0.006958
2024-07-09 18:00:00,0.005737
2024-07-09 19:00:00,0.007629
2024-07-09 20:00:00,0.017303
2024-07-09 21:00:00,0.041321
2024-07-09 22:00:00,0.068665
2024-07-09 23:00:00,0.023224
2024-07-10 00:00:00,0.026581
2024-07-10 01:00:00,0.020721
2024-07-10 02:00:00,0.015564
2024-07-10 03:00:00,0.015717
2024-07-10 04:00:00,0.045166
2024-07-10 05:00:00,0.066193
2024-07-10 06:00:00,0.091858
2024-07-10 07:00:00,0.172119
2024-07-10 08:00:00,0.168091
2024-07-10 09:00:00,0.101196
2024-07-10 10:00:00,0.161835
2024-07-10 11:00:00,0.129700
2024-07-10 12:00:00,0.082825
2024-07-10 13:00:00,0.063049
2024-07-10 14:00:00,0.056335
2024-07-10 15:00:00,0.060730
2024-07-10 16:00:00,0.074646
2024-07-10 17:00:00,0.101196
2024-07-10 18:00:00,0.093689
2024-07-10 19:00:00,0.058899
2024-07-10 20:00:00,0.064758
2024-07-10 21:00:00,0.057373
2024-07-10 22:00:00,0.061279
2024-07-10 23:00:00,0.051666
2024-07-11 00:00:00,0.428650
2024-07-11 01:00:00,0.189728
2024-07-11 02:00:00,0.103882
2024-07-11 03:00:00,0.045898
2024-07-11 04:00:00,0.028595
2024-07-11 05:00:00,0.020416
2024-07-11 06:00:00,0.054138
2024-07-11 07:00:00,0.065735
2024-07-11 08:00:00,0.038269
2024-07-11 09:00:00,0.026367
2024-07-11 10:00:00,0.068420
2024-07-11 11:00:00,0.070496
2024-07-11 12:00:00,0.043060
2024-07-11 13:00:00,0.047943
2024-07-11 14:00:00,0.068481
2024-07-11 15:00:00,0.115448
2024-07-11 16:00:00,0.038483
2024-07-11 17:00:00,0.014404
2024-07-11 18:00:00,0.006592
2024-07-11 19:00:00,0.007141
2024-07-11 20:00:00,0.016754
2024-07-11 21:00:00,0.018860
2024-07-11 22:00:00,0.019348
2024-07-11 23:00:00,0.026184
2024-07-12 00:00:00,0.257385
2024-07-12 01:00:00,0.065460
2024-07-12 02:00:00,0.017975
2024-07-12 03:00:00,0.026154
2024-07-12 04:00:00,0.039520
2024-07-12 05:00:00,0.120697
2024-07-12 06:00:00,0.127319
2024-07-12 07:00:00,0.146576
2024-07-12 08:00:00,0.079803
2024-07-12 09:00:00,0.034668
2024-07-12 10:00:00,0.074097
2024-07-12 11:00:00,0.289062
2024-07-12 12:00:00,0.081268
2024-07-12 13:00:00,0.031860
2024-07-12 14:00:00,0.041138
2024-07-12 15:00:00,0.058960
2024-07-12 16:00:00,0.069336
2024-07-12 17:00:00,0.056702
2024-07-12 18:00:00,0.041382
2024-07-12 19:00:00,0.026489
2024-07-12 20:00:00,0.017822
2024-07-12 21:00:00,0.096436
2024-07-12 22:00:00,0.124695
2024-07-12 23:00:00,0.246948
2024-07-13 00:00:00,0.240173
2024-07-13 01:00:00,0.118652
2024-07-13 02:00:00,0.034729
2024-07-13 03:00:00,0.017944
2024-07-13 04:00:00,0.009521
2024-07-13 05:00:00,0.022552
2024-07-13 06:00:00,0.237091
2024-07-13 07:00:00,0.257324
2024-07-13 08:00:00,0.100403
2024-07-13 09:00:00,0.150757
2024-07-13 10:00:00,0.121826
2024-07-13 11:00:00,0.089905
2024-07-13 12:00:00,0.025513
2024-07-13 13:00:00,0.016052
2024-07-13 14:00:00,0.028015
2024-07-13 15:00:00,0.034058
2024-07-13 16:00:00,0.039062
2024-07-13 17:00:00,0.043793
2024-07-13 18:00:00,0.041382
2024-07-13 19:00:00,0.039734
2024-07-13 20:00:00,0.046448
2024-07-13 21:00:00,0.047852
2024-07-13 22:00:00,0.039795
2024-07-13 23:00:00,0.023010
2024-07-14 00:00:00,0.028687
2024-07-14 01:00:00,0.026123
2024-07-14 02:00:00,0.016815
2024-07-14 03:00:00,0.012573
2024-07-14 04:00:00,0.016602
2024-07-14 05:00:00,0.018860
2024-07-14 06:00:00,0.032410
2024-07-14 07:00:00,0.116119
2024-07-14 08:00:00,0.066528
2024-07-14 09:00:00,0.047577
2024-07-14 10:00:00,0.090149
2024-07-14 11:00:00,0.085419
2024-07-14 12:00:00,0.067078
2024-07-14 13:00:00,0.071899
2024-07-14 14:00:00,0.076599
2024-07-14 15:00:00,0.074829
2024-07-14 16:00:00,0.074707
2024-07-14 17:00:00,0.066772
2024-07-14 18:00:00,0.055786
2024-07-14 19:00:00,0.052338
2024-07-14 20:00:00,0.049927
2024-07-14 21:00:00,0.054260
2024-07-14 22:00:00,0.075134
2024-07-14 23:00:00,0.058044
2024-07-15 00:00:00,0.074829
2024-07-15 01:00:00,0.059326
2024-07-15 02:00:00,0.053589
2024-07-15 03:00:00,0.052795
2024-07-15 04:00:00,0.051941
2024-07-15 05:00:00,0.059937
2024-07-15 06:00:00,0.080017
2024-07-15 07:00:00,0.106201
2024-07-15 08:00:00,0.115112
2024-07-15 09:00:00,0.112854
2024-07-15 10:00:00,0.072144
2024-07-15 11:00:00,0.056519
2024-07-15 12:00:00,0.050995
2024-07-15 13:00:00,0.070068
2024-07-15 14:00:00,0.063873
2024-07-15 15:00:00,0.062683
2024-07-15 16:00:00,0.095093
2024-07-15 17:00:00,0.133362
2024-07-15 18:00:00,0.088745
2024-07-15 19:00:00,0.161987
2024-07-15 20:00:00,0.155426
2024-07-15 21:00:00,0.196564
2024-07-15 22:00:00,0.174286
2024-07-15 23:00:00,0.116882
2024-07-16 00:00:00,0.105164
2024-07-16 01:00:00,0.102661
2024-07-16 02:00:00,0.087128
2024-07-16 03:00:00,0.071899
2024-07-16 04:00:00,0.046814
2024-07-16 05:00:00,0.100525
2024-07-16 06:00:00,0.114868
2024-07-16 07:00:00,0.147583
2024-07-16 08:00:00,0.147888
2024-07-16 09:00:00,0.150391
2024-07-16 10:00:00,0.106384
2024-07-16 11:00:00,0.071014
2024-07-16 12:00:00,0.035858
2024-07-16 13:00:00,0.028381
2024-07-16 14:00:00,0.016052
2024-07-16 15:00:00,0.011688
2024-07-16 16:00:00,0.009918
2024-07-16 17:00:00,0.015686
2024-07-16 18:00:00,0.027252
2024-07-16 19:00:00,0.047546
2024-07-16 20:00:00,0.082275
2024-07-16 21:00:00,0.106750
2024-07-16 22:00:00,0.123718
2024-07-16 23:00:00,0.120300
2024-07-17 00:00:00,0.106445
2024-07-17 01:00:00,0.113770
2024-07-17 02:00:00,0.107727
2024-07-17 03:00:00,0.052673
2024-07-17 04:00:00,0.038147
2024-07-17 05:00:00,0.044556
2024-07-17 06:00:00,0.064209
2024-07-17 07:00:00,0.087402
2024-07-17 08:00:00,0.087524
2024-07-17 09:00:00,0.086670
2024-07-17 10:00:00,0.087189
2024-07-17 11:00:00,0.051575
2024-07-17 12:00:00,0.015503
2024-07-17 13:00:00,0.015320
2024-07-17 14:00:00,0.012878
2024-07-17 15:00:00,0.010986
2024-07-17 16:00:00,0.011169
2024-07-17 17:00:00,0.014893
2024-07-17 18:00:00,0.028076
2024-07-17 19:00:00,0.040558
2024-07-17 20:00:00,0.079407
2024-07-17 21:00:00,0.071777
2024-07-17 22:00:00,0.086182
2024-07-17 23:00:00,0.103729
2024-07-18 00:00:00,0.112701
2024-07-18 01:00:00,0.046021
2024-07-18 02:00:00,0.124573
2024-07-18 03:00:00,0.077576
2024-07-18 04:00:00,0.059998
2024-07-18 05:00:00,0.049744
2024-07-18 06:00:00,0.125244
2024-07-18 07:00:00,0.120117
2024-07-18 08:00:00,0.107544
2024-07-18 09:00:00,0.122314
2024-07-18 10:00:00,0.150055
2024-07-18 11:00:00,0.104370
2024-07-18 12:00:00,0.061890
2024-07-18 13:00:00,0.028625
2024-07-18 14:00:00,0.006073
2024-07-18 15:00:00,0.003876
2024-07-18 16:00:00,0.005005
2024-07-18 17:00:00,0.005371
2024-07-18 18:00:00,0.004486
2024-07-18 19:00:00,0.004028
2024-07-18 20:00:00,0.008728
2024-07-18 21:00:00,0.041382
2024-07-18 22:00:00,0.179138
2024-07-18 23:00:00,0.119446
2024-07-19 00:00:00,0.095947
2024-07-19 01:00:00,0.070312
2024-07-19 02:00:00,0.055481
2024-07-19 03:00:00,0.051605
2024-07-19 04:00:00,0.097961
2024-07-19 05:00:00,0.108826
2024-07-19 06:00:00,0.108154
2024-07-19 07:00:00,0.138855
2024-07-19 08:00:00,0.104401
2024-07-19 09:00:00,0.133545
2024-07-19 10:00:00,0.049683
2024-07-19 11:00:00,0.023376
2024-07-19 12:00:00,0.039307
2024-07-19 13:00:00,0.033936
2024-07-19 14:00:00,0.033051
2024-07-19 15:00:00,0.029236
2024-07-19 16:00:00,0.040283
2024-07-19 17:00:00,0.039124
2024-07-19 18:00:00,0.035217
2024-07-19 19:00:00,0.041992
2024-07-19 20:00:00,0.048035
2024-07-19 21:00:00,0.051849
2024-07-19 22:00:00,0.066467
2024-07-19 23:00:00,0.073486
2024-07-20 00:00:00,0.057251
2024-07-20 01:00:00,0.030640
2024-07-20 02:00:00,0.030151
2024-07-20 03:00:00,0.048340
2024-07-20 04:00:00,0.067535
2024-07-20 05:00:00,0.041748
2024-07-20 06:00:00,0.042175
2024-07-20 07:00:00,0.108582
2024-07-20 08:00:00,0.162903
2024-07-20 09:00:00,0.129333
2024-07-20 10:00:00,0.059875
2024-07-20 11:00:00,0.052063
2024-07-20 12:00:00,0.060425
2024-07-20 13:00:00,0.045349
2024-07-20 14:00:00,0.035889
2024-07-20 15:00:00,0.034973
2024-07-20 16:00:00,0.031433
2024-07-20 17:00:00,0.030212
2024-07-20 18:00:00,0.025085
2024-07-20 19:00:00,0.017181
2024-07-20 20:00:00,0.021393
2024-07-20 21:00:00,0.044800
2024-07-20 22:00:00,0.084961
2024-07-20 23:00:00,0.086517
2024-07-21 00:00:00,0.067139
2024-07-21 01:00:00,0.045898
2024-07-21 02:00:00,0.051636
2024-07-21 03:00:00,0.084900
2024-07-21 04:00:00,0.093353
2024-07-21 05:00:00,0.081879
2024-07-21 06:00:00,0.153778
2024-07-21 07:00:00,0.070374
2024-07-21 08:00:00,0.107635
2024-07-21 09:00:00,0.072937
2024-07-21 10:00:00,0.042633
2024-07-21 11:00:00,0.154602
2024-07-21 12:00:00,0.094360
2024-07-21 13:00:00,0.085388
2024-07-21 14:00:00,0.081482
2024-07-21 15:00:00,0.070312
2024-07-21 16:00:00,0.076904
2024-07-21 17:00:00,0.070679
2024-07-21 18:00:00,0.078979
2024-07-21 19:00:00,0.093994
2024-07-21 20:00:00,0.073578
2024-07-21 21:00:00,0.041199
2024-07-21 22:00:00,0.085266
2024-07-21 23:00:00,0.102661
2024-07-22 00:00:00,0.090820
2024-07-22 01:00:00,0.121399
2024-07-22 02:00:00,0.125305
2024-07-22 03:00:00,0.122253
2024-07-22 04:00:00,0.091675
2024-07-22 05:00:00,0.080444
2024-07-22 06:00:00,0.133240
2024-07-22 07:00:00,0.121033
2024-07-22 08:00:00,0.208740
2024-07-22 09:00:00,0.184631
2024-07-22 10:00:00,0.078461
2024-07-22 11:00:00,0.036469
2024-07-22 12:00:00,0.016602
2024-07-22 13:00:00,0.013733
2024-07-22 14:00:00,0.021667
2024-07-22 15:00:00,0.023071
2024-07-22 16:00:00,0.022766
2024-07-22 17:00:00,0.027100
2024-07-22 18:00:00,0.030945
2024-07-22 19:00:00,0.031982
2024-07-22 20:00:00,0.027588
2024-07-22 21:00:00,0.020782
2024-07-22 22:00:00,0.005615
2024-07-22 23:00:00,0.013123
2024-07-23 00:00:00,0.062134
2024-07-23 01:00:00,0.165436
2024-07-23 02:00:00,0.190033
2024-07-23 03:00:00,0.285950
2024-07-23 04:00:00,0.323334
2024-07-23 05:00:00,0.314453
2024-07-23 06:00:00,0.187317
2024-07-23 07:00:00,0.046753
2024-07-23 08:00:00,0.066040
2024-07-23 09:00:00,0.068665
2024-07-23 10:00:00,0.183838
2024-07-23 11:00:00,0.070862
2024-07-23 12:00:00,0.098877
2024-07-23 13:00:00,0.087524
2024-07-23 14:00:00,0.052124
2024-07-23 15:00:00,0.057007
2024-07-23 16:00:00,0.327881
2024-07-23 17:00:00,0.345520
2024-07-23 18:00:00,0.209595
2024-07-23 19:00:00,0.168549
2024-07-23 20:00:00,0.140991
2024-07-23 21:00:00,0.134827
2024-07-23 22:00:00,0.182068
2024-07-23 23:00:00,0.181152
2024-07-24 00:00:00,0.220215
2024-07-24 01:00:00,0.385254
2024-07-24 02:00:00,0.106262
2024-07-24 03:00:00,0.231476
2024-07-24 04:00:00,0.173889
2024-07-24 05:00:00,0.148499
2024-07-24 06:00:00,0.110413
2024-07-24 07:00:00,0.189941
2024-07-24 08:00:00,0.144348
2024-07-24 09:00:00,0.165985
2024-07-24 10:00:00,0.124146
2024-07-24 11:00:00,0.157104
2024-07-24 12:00:00,0.106018
2024-07-24 13:00:00,0.077332
2024-07-24 14:00:00,0.089844
2024-07-24 15:00:00,0.087708
2024-07-24 16:00:00,0.163208
2024-07-24 17:00:00,0.203735
2024-07-24 18:00:00,0.177979
2024-07-24 19:00:00,0.116425
2024-07-24 20:00:00,0.109009
2024-07-24 21:00:00,0.131165
2024-07-24 22:00:00,0.142517
2024-07-24 23:00:00,0.122498
2024-07-25 00:00:00,0.111572
2024-07-25 01:00:00,0.056763
2024-07-25 02:00:00,0.124451
2024-07-25 03:00:00,0.266479
2024-07-25 04:00:00,0.149689
2024-07-25 05:00:00,0.053101
2024-07-25 06:00:00,0.030884
2024-07-25 07:00:00,0.050659
2024-07-25 08:00:00,0.073883
2024-07-25 09:00:00,0.104065
2024-07-25 10:00:00,0.057617
2024-07-25 11:00:00,0.055603
2024-07-25 12:00:00,0.033691
2024-07-25 13:00:00,0.024658
2024-07-25 14:00:00,0.023102
2024-07-25 15:00:00,0.024078
2024-07-25 16:00:00,0.023193
2024-07-25 17:00:00,0.031097
2024-07-25 18:00:00,0.032074
2024-07-25 19:00:00,0.035156
2024-07-25 20:00:00,0.064941
2024-07-25 21:00:00,0.169678
2024-07-25 22:00:00,0.119934
2024-07-25 23:00:00,0.182556
2024-07-26 00:00:00,0.145325
2024-07-26 01:00:00,0.105469
2024-07-26 02:00:00,0.078918
2024-07-26 03:00:00,0.050964
2024-07-26 04:00:00,0.052429
2024-07-26 05:00:00,0.036621
2024-07-26 06:00:00,0.074158
2024-07-26 07:00:00,0.174591
2024-07-26 08:00:00,0.071594
2024-07-26 09:00:00,0.087952
2024-07-26 10:00:00,0.049408
2024-07-26 11:00:00,0.064453
2024-07-26 12:00:00,0.041504
2024-07-26 13:00:00,0.065735
2024-07-26 14:00:00,0.088562
2024-07-26 15:00:00,0.096558
2024-07-26 16:00:00,0.166382
2024-07-26 17:00:00,0.215820
2024-07-26 18:00:00,0.176575
2024-07-26 19:00:00,0.121277
2024-07-26 20:00:00,0.099487
2024-07-26 21:00:00,0.246857
2024-07-26 22:00:00,0.379822
2024-07-26 23:00:00,0.416321
2024-07-27 00:00:00,0.308350
2024-07-27 01:00:00,0.228607
2024-07-27 02:00:00,0.263550
2024-07-27 03:00:00,0.233643
2024-07-27 04:00:00,0.199890
2024-07-27 05:00:00,0.120911
2024-07-27 06:00:00,0.036194
2024-07-27 07:00:00,0.031555
2024-07-27 08:00:00,0.062988
2024-07-27 09:00:00,0.057800
2024-07-27 10:00:00,0.074707
2024-07-27 11:00:00,0.100403
2024-07-27 12:00:00,0.123596
2024-07-27 13:00:00,0.138428
2024-07-27 14:00:00,0.078064
2024-07-27 15:00:00,0.060486
2024-07-27 16:00:00,0.043640
2024-07-27 17:00:00,0.031708
2024-07-27 18:00:00,0.026611
2024-07-27 19:00:00,0.026001
2024-07-27 20:00:00,0.013184
2024-07-27 21:00:00,0.020691
2024-07-27 22:00:00,0.013885
2024-07-27 23:00:00,0.025787
2024-07-28 00:00:00,0.019287
2024-07-28 01:00:00,0.009644
2024-07-28 02:00:00,0.003357
2024-07-28 03:00:00,0.003662
2024-07-28 04:00:00,0.031372
2024-07-28 05:00:00,0.091736
2024-07-28 06:00:00,0.101929
2024-07-28 07:00:00,0.096619
2024-07-28 08:00:00,0.091431
2024-07-28 09:00:00,0.053955
2024-07-28 10:00:00,0.024902
2024-07-28 11:00:00,0.017761
2024-07-28 12:00:00,0.024841
2024-07-28 13:00:00,0.035034
2024-07-28 14:00:00,0.022644
2024-07-28 15:00:00,0.007263
2024-07-28 16:00:00,0.007324
2024-07-28 17:00:00,0.008301
2024-07-28 18:00:00,0.010010
2024-07-28 19:00:00,0.011719
2024-07-28 20:00:00,0.014038
2024-07-28 21:00:00,0.017029
2024-07-28 22:00:00,0.011169
2024-07-28 23:00:00,0.007935
2024-07-29 00:00:00,0.012512
2024-07-29 01:00:00,0.020538
2024-07-29 02:00:00,0.010498
2024-07-29 03:00:00,0.003632
2024-07-29 04:00:00,0.019409
2024-07-29 05:00:00,0.020660
2024-07-29 06:00:00,0.030701
2024-07-29 07:00:00,0.050415
2024-07-29 08:00:00,0.049438
2024-07-29 09:00:00,0.048889
2024-07-29 10:00:00,0.011414
2024-07-29 11:00:00,0.005493
2024-07-29 12:00:00,0.002441
2024-07-29 13:00:00,0.002045
2024-07-29 14:00:00,0.003296
2024-07-29 15:00:00,0.009674
2024-07-29 16:00:00,0.025024
2024-07-29 17:00:00,0.057037
2024-07-29 18:00:00,0.077209
2024-07-29 19:00:00,0.098694
2024-07-29 20:00:00,0.219116
2024-07-29 21:00:00,0.176147
2024-07-29 22:00:00,0.171478
2024-07-29 23:00:00,0.137848
2024-07-30 00:00:00,0.107056
2024-07-30 01:00:00,0.085388
2024-07-30 02:00:00,0.061584
2024-07-30 03:00:00,0.036926
2024-07-30 04:00:00,0.046661
2024-07-30 05:00:00,0.078735
2024-07-30 06:00:00,0.110962
2024-07-30 07:00:00,0.105347
2024-07-30 08:00:00,0.071198
2024-07-30 09:00:00,0.044891
2024-07-30 10:00:00,0.024384
2024-07-30 11:00:00,0.026367
2024-07-30 12:00:00,0.036072
2024-07-30 13:00:00,0.049011
2024-07-30 14:00:00,0.019897
2024-07-30 15:00:00,0.005554
2024-07-30 16:00:00,0.004150
2024-07-30 17:00:00,0.004272
2024-07-30 18:00:00,0.005676
2024-07-30 19:00:00,0.008911
2024-07-30 20:00:00,0.007324
2024-07-30 21:00:00,0.055725
2024-07-30 22:00:00,0.179871
2024-07-30 23:00:00,0.233459
2024-07-31 00:00:00,0.577393
2024-07-31 01:00:00,0.379425
2024-07-31 02:00:00,0.474854
2024-07-31 03:00:00,0.295044
2024-07-31 04:00:00,0.047241
2024-07-31 05:00:00,0.060974
2024-07-31 06:00:00,0.186890
2024-07-31 07:00:00,0.101013
2024-07-31 08:00:00,0.040222
2024-07-31 09:00:00,0.065308
2024-07-31 10:00:00,0.012024
2024-07-31 11:00:00,0.013184
2024-07-31 12:00:00,0.016327
2024-07-31 13:00:00,0.013336
2024-07-31 14:00:00,0.007996
2024-07-31 15:00:00,0.015747
2024-07-31 16:00:00,0.022064
2024-07-31 17:00:00,0.023071
2024-07-31 18:00:00,0.052368
2024-07-31 19:00:00,0.144287
2024-07-31 20:00:00,0.357727
2024-07-31 21:00:00,0.586792
2024-07-31 22:00:00,0.344391
2024-07-31 23:00:00,1.102509
2024-08-01 00:00:00,0.880981
2024-08-01 01:00:00,0.393616
2024-08-01 02:00:00,0.479187
2024-08-01 03:00:00,0.631775
2024-08-01 04:00:00,0.853851
2024-08-01 05:00:00,0.837433
2024-08-01 06:00:00,0.719574
2024-08-01 07:00:00,0.613434
2024-08-01 08:00:00,0.812988
2024-08-01 09:00:00,0.817627
2024-08-01 10:00:00,0.345886
2024-08-01 11:00:00,0.147369
2024-08-01 12:00:00,0.108093
2024-08-01 13:00:00,0.089355
2024-08-01 14:00:00,0.070496
2024-08-01 15:00:00,0.046783
2024-08-01 16:00:00,0.042236
2024-08-01 17:00:00,0.035034
2024-08-01 18:00:00,0.026978
2024-08-01 19:00:00,0.032837
2024-08-01 20:00:00,0.044495
2024-08-01 21:00:00,0.068176
2024-08-01 22:00:00,0.261658
2024-08-01 23:00:00,0.171997
2024-08-02 00:00:00,0.075195
2024-08-02 01:00:00,0.030701
2024-08-02 02:00:00,0.013611
2024-08-02 03:00:00,0.011719
2024-08-02 04:00:00,0.032471
2024-08-02 05:00:00,0.072632
2024-08-02 06:00:00,0.083008
2024-08-02 07:00:00,0.091370
2024-08-02 08:00:00,0.107422
2024-08-02 09:00:00,0.063965
2024-08-02 10:00:00,0.173828
2024-08-02 11:00:00,0.060883
2024-08-02 12:00:00,0.028687
2024-08-02 13:00:00,0.058411
2024-08-02 14:00:00,0.156433
2024-08-02 15:00:00,0.280457
2024-08-02 16:00:00,0.254333
2024-08-02 17:00:00,0.153015
2024-08-02 18:00:00,0.104553
2024-08-02 19:00:00,0.085449
2024-08-02 20:00:00,0.083374
2024-08-02 21:00:00,0.112457
2024-08-02 22:00:00,0.079163
2024-08-02 23:00:00,0.100220
2024-08-03 00:00:00,0.112366
2024-08-03 01:00:00,0.076874
2024-08-03 02:00:00,0.034607
2024-08-03 03:00:00,0.058105
2024-08-03 04:00:00,0.083740
2024-08-03 05:00:00,0.112854
2024-08-03 06:00:00,0.144989
2024-08-03 07:00:00,0.159790
2024-08-03 08:00:00,0.113342
2024-08-03 09:00:00,0.084106
2024-08-03 10:00:00,0.117371
2024-08-03 11:00:00,0.235840
2024-08-03 12:00:00,0.109924
2024-08-03 13:00:00,0.108307
2024-08-03 14:00:00,0.096344
2024-08-03 15:00:00,0.157532
2024-08-03 16:00:00,0.108948
2024-08-03 17:00:00,0.052185
2024-08-03 18:00:00,0.038574
2024-08-03 19:00:00,0.062500
2024-08-03 20:00:00,0.100800
2024-08-03 21:00:00,0.036499
2024-08-03 22:00:00,0.049194
2024-08-03 23:00:00,0.132751
2024-08-04 00:00:00,0.101440
2024-08-04 01:00:00,0.022827
2024-08-04 02:00:00,0.023590
2024-08-04 03:00:00,0.030273
2024-08-04 04:00:00,0.032043
2024-08-04 05:00:00,0.069183
2024-08-04 06:00:00,0.087158
2024-08-04 07:00:00,0.066223
2024-08-04 08:00:00,0.097107
2024-08-04 09:00:00,0.085144
2024-08-04 10:00:00,0.042389
2024-08-04 11:00:00,0.102997
2024-08-04 12:00:00,0.074738
2024-08-04 13:00:00,0.241241
2024-08-04 14:00:00,0.538910
2024-08-04 15:00:00,0.522522
2024-08-04 16:00:00,0.329926
2024-08-04 17:00:00,0.212646
2024-08-04 18:00:00,0.115875
2024-08-04 19:00:00,0.082184
2024-08-04 20:00:00,0.077118
2024-08-04 21:00:00,0.102905
2024-08-04 22:00:00,0.099792
2024-08-04 23:00:00,0.250916
2024-08-05 00:00:00,0.360443
2024-08-05 01:00:00,0.132935
2024-08-05 02:00:00,0.035980
2024-08-05 03:00:00,0.053284
2024-08-05 04:00:00,0.089386
2024-08-05 05:00:00,0.111877
2024-08-05 06:00:00,0.171509
2024-08-05 07:00:00,0.189941
2024-08-05 08:00:00,0.195496
2024-08-05 09:00:00,0.216095
2024-08-05 10:00:00,0.154175
2024-08-05 11:00:00,0.283936
2024-08-05 12:00:00,0.177612
2024-08-05 13:00:00,0.094116
2024-08-05 14:00:00,0.096161
2024-08-05 15:00:00,0.090942
2024-08-05 16:00:00,0.051788
2024-08-05 17:00:00,0.040009
2024-08-05 18:00:00,0.030090
2024-08-05 19:00:00,0.012787
2024-08-05 20:00:00,0.005554
2024-08-05 21:00:00,0.006897
2024-08-05 22:00:00,0.026978
2024-08-05 23:00:00,0.028442
2024-08-06 00:00:00,0.057556
2024-08-06 01:00:00,0.070618
2024-08-06 02:00:00,0.062439
2024-08-06 03:00:00,0.108643
2024-08-06 04:00:00,0.136047
2024-08-06 05:00:00,0.164032
2024-08-06 06:00:00,0.202301
2024-08-06 07:00:00,0.245544
2024-08-06 08:00:00,0.166260
2024-08-06 09:00:00,0.121826
2024-08-06 10:00:00,0.120056
2024-08-06 11:00:00,0.046509
2024-08-06 12:00:00,0.030457
2024-08-06 13:00:00,0.015991
2024-08-06 14:00:00,0.018555
2024-08-06 15:00:00,0.008850
2024-08-06 16:00:00,0.006226
2024-08-06 17:00:00,0.025238
2024-08-06 18:00:00,0.033569
2024-08-06 19:00:00,0.033508
2024-08-06 20:00:00,0.118408
2024-08-06 21:00:00,0.322815
2024-08-06 22:00:00,0.299988
2024-08-06 23:00:00,0.427979
2024-08-07 00:00:00,0.601318
2024-08-07 01:00:00,0.673767
2024-08-07 02:00:00,0.759277
2024-08-07 03:00:00,0.872070
2024-08-07 04:00:00,0.773041
2024-08-07 05:00:00,0.815125
2024-08-07 06:00:00,0.614868
2024-08-07 07:00:00,0.237061
2024-08-07 08:00:00,0.141052
2024-08-07 09:00:00,0.144165
2024-08-07 10:00:00,0.244507
2024-08-07 11:00:00,0.219849
2024-08-07 12:00:00,0.380737
2024-08-07 13:00:00,0.249725
2024-08-07 14:00:00,0.082031
2024-08-07 15:00:00,0.036255
2024-08-07 16:00:00,0.192017
2024-08-07 17:00:00,0.279114
2024-08-07 18:00:00,0.358215
2024-08-07 19:00:00,0.414490
2024-08-07 20:00:00,0.478638
2024-08-07 21:00:00,0.466797
2024-08-07 22:00:00,0.747375
2024-08-07 23:00:00,0.672424
2024-08-08 00:00:00,0.795349
2024-08-08 01:00:00,0.738098
2024-08-08 02:00:00,0.724854
2024-08-08 03:00:00,0.619598
2024-08-08 04:00:00,0.552246
2024-08-08 05:00:00,0.470825
2024-08-08 06:00:00,0.471863
2024-08-08 07:00:00,0.386414
2024-08-08 08:00:00,0.219757
2024-08-08 09:00:00,0.113159
2024-08-08 10:00:00,0.169739
2024-08-08 11:00:00,0.232605
2024-08-08 12:00:00,0.379761
2024-08-08 13:00:00,0.178192
2024-08-08 14:00:00,0.181000
2024-08-08 15:00:00,0.040771
2024-08-08 16:00:00,0.065887
2024-08-08 17:00:00,0.063568
2024-08-08 18:00:00,0.080841
2024-08-08 19:00:00,0.119324
2024-08-08 20:00:00,0.150696
2024-08-08 21:00:00,0.192078
2024-08-08 22:00:00,0.234802
2024-08-08 23:00:00,0.336182
2024-08-09 00:00:00,0.456543
2024-08-09 01:00:00,0.293152
2024-08-09 02:00:00,0.208191
2024-08-09 03:00:00,0.212341
2024-08-09 04:00:00,0.243286
2024-08-09 05:00:00,0.210175
2024-08-09 06:00:00,0.216675
2024-08-09 07:00:00,0.217041
2024-08-09 08:00:00,0.214294
2024-08-09 09:00:00,0.147095
2024-08-09 10:00:00,0.105530
2024-08-09 11:00:00,0.287476
2024-08-09 12:00:00,0.265381
2024-08-09 13:00:00,0.167542
2024-08-09 14:00:00,0.180023
2024-08-09 15:00:00,0.214935
2024-08-09 16:00:00,0.159576
2024-08-09 17:00:00,0.197876
2024-08-09 18:00:00,0.190765
2024-08-09 19:00:00,0.220337
2024-08-09 20:00:00,0.162415
2024-08-09 21:00:00,0.232452
2024-08-09 22:00:00,0.384521
2024-08-09 23:00:00,0.486877
2024-08-10 00:00:00,0.524353
2024-08-10 01:00:00,0.341492
2024-08-10 02:00:00,0.140686
2024-08-10 03:00:00,0.211670
2024-08-10 04:00:00,0.291016
2024-08-10 05:00:00,0.315491
2024-08-10 06:00:00,0.205078
2024-08-10 07:00:00,0.089722
2024-08-10 08:00:00,0.073059
2024-08-10 09:00:00,0.305573
2024-08-10 10:00:00,0.122009
2024-08-10 11:00:00,0.069458
2024-08-10 12:00:00,0.027100
2024-08-10 13:00:00,0.030518
2024-08-10 14:00:00,0.086609
2024-08-10 15:00:00,0.184692
2024-08-10 16:00:00,0.232971
2024-08-10 17:00:00,0.089600
2024-08-10 18:00:00,0.044220
2024-08-10 19:00:00,0.044495
2024-08-10 20:00:00,0.098328
2024-08-10 21:00:00,0.120300
2024-08-10 22:00:00,0.097107
2024-08-10 23:00:00,0.140717
2024-08-11 00:00:00,0.176514
2024-08-11 01:00:00,0.183350
2024-08-11 02:00:00,0.147278
2024-08-11 03:00:00,0.113403
2024-08-11 04:00:00,0.132324
2024-08-11 05:00:00,0.157898
2024-08-11 06:00:00,0.258820
2024-08-11 07:00:00,0.218567
2024-08-11 08:00:00,0.106506
2024-08-11 09:00:00,0.055634
2024-08-11 10:00:00,0.023102
2024-08-11 11:00:00,0.481720
2024-08-11 12:00:00,0.330994
2024-08-11 13:00:00,0.489899
2024-08-11 14:00:00,0.693359
2024-08-11 15:00:00,0.683899
2024-08-11 16:00:00,0.653809
2024-08-11 17:00:00,0.673309
2024-08-11 18:00:00,0.723633
2024-08-11 19:00:00,0.715210
2024-08-11 20:00:00,0.749054
2024-08-11 21:00:00,0.620026
2024-08-11 22:00:00,0.355865
2024-08-11 23:00:00,0.095825
2024-08-12 00:00:00,0.123047
2024-08-12 01:00:00,0.190125
2024-08-12 02:00:00,0.249573
2024-08-12 03:00:00,0.294983
2024-08-12 04:00:00,0.321869
2024-08-12 05:00:00,0.256561
2024-08-12 06:00:00,0.200623
2024-08-12 07:00:00,0.314209
2024-08-12 08:00:00,0.198303
2024-08-12 09:00:00,0.137512
2024-08-12 10:00:00,0.231354
2024-08-12 11:00:00,0.151123
2024-08-12 12:00:00,0.093292
2024-08-12 13:00:00,0.160095
2024-08-12 14:00:00,0.088165
2024-08-12 15:00:00,0.058777
2024-08-12 16:00:00,0.055542
2024-08-12 17:00:00,0.129150
2024-08-12 18:00:00,0.055298
2024-08-12 19:00:00,0.016907
2024-08-12 20:00:00,0.029785
2024-08-12 21:00:00,0.066803
2024-08-12 22:00:00,0.244446
2024-08-12 23:00:00,0.032806
2024-08-13 00:00:00,0.071106
2024-08-13 01:00:00,0.160522
2024-08-13 02:00:00,0.253540
2024-08-13 03:00:00,0.258240
2024-08-13 04:00:00,0.242554
2024-08-13 05:00:00,0.178589
2024-08-13 06:00:00,0.225220
2024-08-13 07:00:00,0.237061
2024-08-13 08:00:00,0.158813
2024-08-13 09:00:00,0.198669
2024-08-13 10:00:00,0.118103
2024-08-13 11:00:00,0.160248
2024-08-13 12:00:00,0.157776
2024-08-13 13:00:00,0.052460
2024-08-13 14:00:00,0.025909
2024-08-13 15:00:00,0.010773
2024-08-13 16:00:00,0.036560
2024-08-13 17:00:00,0.038330
2024-08-13 18:00:00,0.020294
2024-08-13 19:00:00,0.006714
2024-08-13 20:00:00,0.001160
2024-08-13 21:00:00,0.040588
2024-08-13 22:00:00,0.378052
2024-08-13 23:00:00,0.267700
2024-08-14 00:00:00,0.084381
2024-08-14 01:00:00,0.097260
2024-08-14 02:00:00,0.058167
2024-08-14 03:00:00,0.077148
2024-08-14 04:00:00,0.099182
2024-08-14 05:00:00,0.139954
2024-08-14 06:00:00,0.341797
2024-08-14 07:00:00,0.222168
2024-08-14 08:00:00,0.222687
2024-08-14 09:00:00,0.189636
2024-08-14 10:00:00,0.058228
2024-08-14 11:00:00,0.110840
2024-08-14 12:00:00,0.052734
2024-08-14 13:00:00,0.045105
2024-08-14 14:00:00,0.117859
2024-08-14 15:00:00,0.117065
2024-08-14 16:00:00,0.085327
2024-08-14 17:00:00,0.051453
2024-08-14 18:00:00,0.077759
2024-08-14 19:00:00,0.036072
2024-08-14 20:00:00,0.026978
2024-08-14 21:00:00,0.041016
2024-08-14 22:00:00,0.041626
2024-08-14 23:00:00,0.079529
2024-08-15 00:00:00,0.139465
2024-08-15 01:00:00,0.067291
2024-08-15 02:00:00,0.065247
2024-08-15 03:00:00,0.087646
2024-08-15 04:00:00,0.095123
2024-08-15 05:00:00,0.140045
2024-08-15 06:00:00,0.176453
2024-08-15 07:00:00,0.131744
2024-08-15 08:00:00,0.148865
2024-08-15 09:00:00,0.156494
2024-08-15 10:00:00,0.289917
2024-08-15 11:00:00,0.080688
2024-08-15 12:00:00,0.171936
2024-08-15 13:00:00,0.167542
2024-08-15 14:00:00,0.199036
2024-08-15 15:00:00,0.063721
2024-08-15 16:00:00,0.008972
2024-08-15 17:00:00,0.005249
2024-08-15 18:00:00,0.018372
2024-08-15 19:00:00,0.067749
2024-08-15 20:00:00,0.168640
2024-08-15 21:00:00,0.356506
2024-08-15 22:00:00,0.344604
2024-08-15 23:00:00,0.375610
2024-08-16 00:00:00,0.223999
2024-08-16 01:00:00,0.102356
2024-08-16 02:00:00,0.112579
2024-08-16 03:00:00,0.121765
2024-08-16 04:00:00,0.114380
2024-08-16 05:00:00,0.081879
2024-08-16 06:00:00,0.066467
2024-08-16 07:00:00,0.078918
2024-08-16 08:00:00,0.201813
2024-08-16 09:00:00,0.135986
2024-08-16 10:00:00,0.161926
2024-08-16 11:00:00,0.132568
2024-08-16 12:00:00,0.297485
2024-08-16 13:00:00,0.283386
2024-08-16 14:00:00,0.075745
2024-08-16 15:00:00,0.078857
2024-08-16 16:00:00,0.061157
2024-08-16 17:00:00,0.044434
2024-08-16 18:00:00,0.039551
2024-08-16 19:00:00,0.029114
2024-08-16 20:00:00,0.022400
2024-08-16 21:00:00,0.032532
2024-08-16 22:00:00,0.163513
2024-08-16 23:00:00,0.042175
2024-08-17 00:00:00,0.022095
2024-08-17 01:00:00,0.021057
2024-08-17 02:00:00,0.014282
2024-08-17 03:00:00,0.018921
2024-08-17 04:00:00,0.066528
2024-08-17 05:00:00,0.049622
2024-08-17 06:00:00,0.056702
2024-08-17 07:00:00,0.079224
2024-08-17 08:00:00,0.113831
2024-08-17 09:00:00,0.094818
2024-08-17 10:00:00,0.079590
2024-08-17 11:00:00,0.066711
2024-08-17 12:00:00,0.076904
2024-08-17 13:00:00,0.086914
2024-08-17 14:00:00,0.100403
2024-08-17 15:00:00,0.103333
2024-08-17 16:00:00,0.110168
2024-08-17 17:00:00,0.070740
2024-08-17 18:00:00,0.047119
2024-08-17 19:00:00,0.053284
2024-08-17 20:00:00,0.069763
2024-08-17 21:00:00,0.103149
2024-08-17 22:00:00,0.108307
2024-08-17 23:00:00,0.102295
2024-08-18 00:00:00,0.086304
2024-08-18 01:00:00,0.050446
2024-08-18 02:00:00,0.032898
2024-08-18 03:00:00,0.037720
2024-08-18 04:00:00,0.071777
2024-08-18 05:00:00,0.071075
2024-08-18 06:00:00,0.049164
2024-08-18 07:00:00,0.037354
2024-08-18 08:00:00,0.031311
2024-08-18 09:00:00,0.087280
2024-08-18 10:00:00,0.185852
2024-08-18 11:00:00,0.139099
2024-08-18 12:00:00,0.222870
2024-08-18 13:00:00,0.207001
2024-08-18 14:00:00,0.148315
2024-08-18 15:00:00,0.172089
2024-08-18 16:00:00,0.139771
2024-08-18 17:00:00,0.134033
2024-08-18 18:00:00,0.136108
2024-08-18 19:00:00,0.119568
2024-08-18 20:00:00,0.106628
2024-08-18 21:00:00,0.100342
2024-08-18 22:00:00,0.093262
2024-08-18 23:00:00,0.249084
2024-08-19 00:00:00,0.295288
2024-08-19 01:00:00,0.127563
2024-08-19 02:00:00,0.064697
2024-08-19 03:00:00,0.048340
2024-08-19 04:00:00,0.024292
2024-08-19 05:00:00,0.019043
2024-08-19 06:00:00,0.122742
2024-08-19 07:00:00,0.226013
2024-08-19 08:00:00,0.163910
2024-08-19 09:00:00,0.080627
2024-08-19 10:00:00,0.134827
2024-08-19 11:00:00,0.138123
2024-08-19 12:00:00,0.179382
2024-08-19 13:00:00,0.017578
2024-08-19 14:00:00,0.057373
2024-08-19 15:00:00,0.034302
2024-08-19 16:00:00,0.029297
2024-08-19 17:00:00,0.036926
2024-08-19 18:00:00,0.062073
2024-08-19 19:00:00,0.071960
2024-08-19 20:00:00,0.058777
2024-08-19 21:00:00,0.060333
2024-08-19 22:00:00,0.109070
2024-08-19 23:00:00,0.204468
2024-08-20 00:00:00,0.149017
2024-08-20 01:00:00,0.124786
2024-08-20 02:00:00,0.146973
2024-08-20 03:00:00,0.108398
2024-08-20 04:00:00,0.107971
2024-08-20 05:00:00,0.113586
2024-08-20 06:00:00,0.251251
2024-08-20 07:00:00,0.187866
2024-08-20 08:00:00,0.126648
2024-08-20 09:00:00,0.056946
2024-08-20 10:00:00,0.045776
2024-08-20 11:00:00,0.029663
2024-08-20 12:00:00,0.021240
2024-08-20 13:00:00,0.020935
2024-08-20 14:00:00,0.048859
2024-08-20 15:00:00,0.027283
2024-08-20 16:00:00,0.012817
2024-08-20 17:00:00,0.024231
2024-08-20 18:00:00,0.030212
2024-08-20 19:00:00,0.024780
2024-08-20 20:00:00,0.023499
2024-08-20 21:00:00,0.056274
2024-08-20 22:00:00,0.150513
2024-08-20 23:00:00,0.244995
2024-08-21 00:00:00,0.211853
2024-08-21 01:00:00,0.168945
2024-08-21 02:00:00,0.151245
2024-08-21 03:00:00,0.085938
2024-08-21 04:00:00,0.034851
2024-08-21 05:00:00,0.027039
2024-08-21 06:00:00,0.025146
2024-08-21 07:00:00,0.032104
2024-08-21 08:00:00,0.098999
2024-08-21 09:00:00,0.114990
2024-08-21 10:00:00,0.081055
2024-08-21 11:00:00,0.124146
2024-08-21 12:00:00,0.114380
2024-08-21 13:00:00,0.082886
2024-08-21 14:00:00,0.095947
2024-08-21 15:00:00,0.092773
2024-08-21 16:00:00,0.099487
2024-08-21 17:00:00,0.074402
2024-08-21 18:00:00,0.067749
2024-08-21 19:00:00,0.082123
2024-08-21 20:00:00,0.118835
2024-08-21 21:00:00,0.140503
2024-08-21 22:00:00,0.159119
2024-08-21 23:00:00,0.106689
2024-08-22 00:00:00,0.093750
2024-08-22 01:00:00,0.069519
2024-08-22 02:00:00,0.057007
2024-08-22 03:00:00,0.046265
2024-08-22 04:00:00,0.030457
2024-08-22 05:00:00,0.024048
2024-08-22 06:00:00,0.025452
2024-08-22 07:00:00,0.028381
2024-08-22 08:00:00,0.117035
2024-08-22 09:00:00,0.258667
2024-08-22 10:00:00,0.178772
2024-08-22 11:00:00,0.169434
2024-08-22 12:00:00,0.284790
2024-08-22 13:00:00,0.289795
2024-08-22 14:00:00,0.240112
2024-08-22 15:00:00,0.232971
2024-08-22 16:00:00,0.160156
2024-08-22 17:00:00,0.160828
2024-08-22 18:00:00,0.173126
2024-08-22 19:00:00,0.172516
2024-08-22 20:00:00,0.136475
2024-08-22 21:00:00,0.091187
2024-08-22 22:00:00,0.071869
2024-08-22 23:00:00,0.052856
2024-08-23 00:00:00,0.100586
2024-08-23 01:00:00,0.349426
2024-08-23 02:00:00,0.304871
2024-08-23 03:00:00,0.219604
2024-08-23 04:00:00,0.129822
2024-08-23 05:00:00,0.064941
2024-08-23 06:00:00,0.038757
2024-08-23 07:00:00,0.102417
2024-08-23 08:00:00,0.139252
2024-08-23 09:00:00,0.191833
2024-08-23 10:00:00,0.329468
2024-08-23 11:00:00,0.027039
2024-08-23 12:00:00,0.006958
2024-08-23 13:00:00,0.027008
2024-08-23 14:00:00,0.066956
2024-08-23 15:00:00,0.031372
2024-08-23 16:00:00,0.006592
2024-08-23 17:00:00,0.005981
2024-08-23 18:00:00,0.007996
2024-08-23 19:00:00,0.007935
2024-08-23 20:00:00,0.006439
2024-08-23 21:00:00,0.008789
2024-08-23 22:00:00,0.005920
2024-08-23 23:00:00,0.007782
2024-08-24 00:00:00,0.001617
2024-08-24 01:00:00,0.016479
2024-08-24 02:00:00,0.021790
2024-08-24 03:00:00,0.018494
2024-08-24 04:00:00,0.014526
2024-08-24 05:00:00,0.013367
2024-08-24 06:00:00,0.010803
2024-08-24 07:00:00,0.033386
2024-08-24 08:00:00,0.045380
2024-08-24 09:00:00,0.021912
2024-08-24 10:00:00,0.068542
2024-08-24 11:00:00,0.007019
2024-08-24 12:00:00,0.043213
2024-08-24 13:00:00,0.070251
2024-08-24 14:00:00,0.162659
2024-08-24 15:00:00,0.155762
2024-08-24 16:00:00,0.093506
2024-08-24 17:00:00,0.066650
2024-08-24 18:00:00,0.060974
2024-08-24 19:00:00,0.042114
2024-08-24 20:00:00,0.071045
2024-08-24 21:00:00,0.081177
2024-08-24 22:00:00,0.041016
2024-08-24 23:00:00,0.032715
2024-08-25 00:00:00,0.031219
2024-08-25 01:00:00,0.038727
2024-08-25 02:00:00,0.057404
2024-08-25 03:00:00,0.094055
2024-08-25 04:00:00,0.080444
2024-08-25 05:00:00,0.068970
2024-08-25 06:00:00,0.124207
2024-08-25 07:00:00,0.119263
2024-08-25 08:00:00,0.111450
2024-08-25 09:00:00,0.103485
2024-08-25 10:00:00,0.094421
2024-08-25 11:00:00,0.132965
2024-08-25 12:00:00,0.170624
2024-08-25 13:00:00,0.115814
2024-08-25 14:00:00,0.093750
2024-08-25 15:00:00,0.055176
2024-08-25 16:00:00,0.017334
2024-08-25 17:00:00,0.009521
2024-08-25 18:00:00,0.007385
2024-08-25 19:00:00,0.007324
2024-08-25 20:00:00,0.008606
2024-08-25 21:00:00,0.011353
2024-08-25 22:00:00,0.013245
2024-08-25 23:00:00,0.018982
2024-08-26 00:00:00,0.034363
2024-08-26 01:00:00,0.061523
2024-08-26 02:00:00,0.109192
2024-08-26 03:00:00,0.133667
2024-08-26 04:00:00,0.109314
2024-08-26 05:00:00,0.143372
2024-08-26 06:00:00,0.058228
2024-08-26 07:00:00,0.029907
2024-08-26 08:00:00,0.107849
2024-08-26 09:00:00,0.135681
2024-08-26 10:00:00,0.063477
2024-08-26 11:00:00,0.010315
2024-08-26 12:00:00,0.032043
2024-08-26 13:00:00,0.053711
2024-08-26 14:00:00,0.051208
2024-08-26 15:00:00,0.070251
2024-08-26 16:00:00,0.148376
2024-08-26 17:00:00,0.131897
2024-08-26 18:00:00,0.086121
2024-08-26 19:00:00,0.089050
2024-08-26 20:00:00,0.084534
2024-08-26 21:00:00,0.089294
2024-08-26 22:00:00,0.063110
2024-08-26 23:00:00,0.122498
2024-08-27 00:00:00,0.142609
2024-08-27 01:00:00,0.106049
2024-08-27 02:00:00,0.073486
2024-08-27 03:00:00,0.074432
2024-08-27 04:00:00,0.070557
2024-08-27 05:00:00,0.076782
2024-08-27 06:00:00,0.055389
2024-08-27 07:00:00,0.052979
2024-08-27 08:00:00,0.167236
2024-08-27 09:00:00,0.192505
2024-08-27 10:00:00,0.091736
2024-08-27 11:00:00,0.021362
2024-08-27 12:00:00,0.026581
2024-08-27 13:00:00,0.049530
2024-08-27 14:00:00,0.054626
2024-08-27 15:00:00,0.120697
2024-08-27 16:00:00,0.130341
2024-08-27 17:00:00,0.192505
2024-08-27 18:00:00,0.210999
2024-08-27 19:00:00,0.184235
2024-08-27 20:00:00,0.136353
2024-08-27 21:00:00,0.129578
2024-08-27 22:00:00,0.213623
2024-08-27 23:00:00,0.165283
2024-08-28 00:00:00,0.124146
2024-08-28 01:00:00,0.031311
2024-08-28 02:00:00,0.110718
2024-08-28 03:00:00,0.123352
2024-08-28 04:00:00,0.137939
2024-08-28 05:00:00,0.146851
2024-08-28 06:00:00,0.153198
2024-08-28 07:00:00,0.114380
2024-08-28 08:00:00,0.111237
2024-08-28 09:00:00,0.236023
2024-08-28 10:00:00,0.111023
2024-08-28 11:00:00,0.249146
2024-08-28 12:00:00,0.083130
2024-08-28 13:00:00,0.174164
2024-08-28 14:00:00,0.113647
2024-08-28 15:00:00,0.169617
2024-08-28 16:00:00,0.336121
2024-08-28 17:00:00,0.377808
2024-08-28 18:00:00,0.197449
2024-08-28 19:00:00,0.285950
2024-08-28 20:00:00,0.745483
2024-08-28 21:00:00,0.772186
2024-08-28 22:00:00,0.679260
2024-08-28 23:00:00,0.288879
2024-08-29 00:00:00,0.481506
2024-08-29 01:00:00,0.600586
2024-08-29 02:00:00,0.542786
2024-08-29 03:00:00,0.292084
2024-08-29 04:00:00,0.231934
2024-08-29 05:00:00,0.036804
2024-08-29 06:00:00,0.064087
2024-08-29 07:00:00,0.114502
2024-08-29 08:00:00,0.126831
2024-08-29 09:00:00,0.112366
2024-08-29 10:00:00,0.045410
2024-08-29 11:00:00,0.027283
2024-08-29 12:00:00,0.044830
2024-08-29 13:00:00,0.021851
2024-08-29 14:00:00,0.065735
2024-08-29 15:00:00,0.031372
2024-08-29 16:00:00,0.083954
2024-08-29 17:00:00,0.020691
2024-08-29 18:00:00,0.019897
2024-08-29 19:00:00,0.006470
2024-08-29 20:00:00,0.036804
2024-08-29 21:00:00,0.070679
2024-08-29 22:00:00,0.023254
2024-08-29 23:00:00,0.042999
2024-08-30 00:00:00,0.042053
2024-08-30 01:00:00,0.020935
2024-08-30 02:00:00,0.033020
2024-08-30 03:00:00,0.042206
2024-08-30 04:00:00,0.050659
2024-08-30 05:00:00,0.109558
2024-08-30 06:00:00,0.177979
2024-08-30 07:00:00,0.137817
2024-08-30 08:00:00,0.083557
2024-08-30 09:00:00,0.081299
2024-08-30 10:00:00,0.116577
2024-08-30 11:00:00,0.098267
2024-08-30 12:00:00,0.080750
2024-08-30 13:00:00,0.071228
2024-08-30 14:00:00,0.093262
2024-08-30 15:00:00,0.072327
2024-08-30 16:00:00,0.061340
2024-08-30 17:00:00,0.026703
2024-08-30 18:00:00,0.025269
2024-08-30 19:00:00,0.016418
2024-08-30 20:00:00,0.015625
2024-08-30 21:00:00,0.014954
2024-08-30 22:00:00,0.013214
2024-08-30 23:00:00,0.012817
2024-08-31 00:00:00,0.009583
2024-08-31 01:00:00,0.005127
2024-08-31 02:00:00,0.003357
2024-08-31 03:00:00,0.003174
2024-08-31 04:00:00,0.037964
2024-08-31 05:00:00,0.067474
2024-08-31 06:00:00,0.083130
2024-08-31 07:00:00,0.094666
2024-08-31 08:00:00,0.142029
2024-08-31 09:00:00,0.099854
2024-08-31 10:00:00,0.129364
2024-08-31 11:00:00,0.085327
2024-08-31 12:00:00,0.053894
2024-08-31 13:00:00,0.038940
2024-08-31 14:00:00,0.036133
2024-08-31 15:00:00,0.031799
2024-08-31 16:00:00,0.025940
2024-08-31 17:00:00,0.025208
2024-08-31 18:00:00,0.023315
2024-08-31 19:00:00,0.019653
2024-08-31 20:00:00,0.013000
2024-08-31 21:00:00,0.008423
2024-08-31 22:00:00,0.006683
2024-08-31 23:00:00,0.004822
2024-09-01 00:00:00,0.004395
2024-09-01 01:00:00,0.004028
2024-09-01 02:00:00,0.003052
2024-09-01 03:00:00,0.002441
2024-09-01 04:00:00,0.090820
2024-09-01 05:00:00,0.104675
2024-09-01 06:00:00,0.120117
2024-09-01 07:00:00,0.104309
2024-09-01 08:00:00,0.087341
2024-09-01 09:00:00,0.078796
2024-09-01 10:00:00,0.097382
2024-09-01 11:00:00,0.078979
2024-09-01 12:00:00,0.084778
2024-09-01 13:00:00,0.074799
2024-09-01 14:00:00,0.083496
2024-09-01 15:00:00,0.040283
2024-09-01 16:00:00,0.089966
2024-09-01 17:00:00,0.119812
2024-09-01 18:00:00,0.104736
2024-09-01 19:00:00,0.095337
2024-09-01 20:00:00,0.137085
2024-09-01 21:00:00,0.164062
2024-09-01 22:00:00,0.224060
2024-09-01 23:00:00,0.224579
2024-09-02 00:00:00,0.169739
2024-09-02 01:00:00,0.203369
2024-09-02 02:00:00,0.168762
2024-09-02 03:00:00,0.158203
2024-09-02 04:00:00,0.156677
2024-09-02 05:00:00,0.150940
2024-09-02 06:00:00,0.120972
2024-09-02 07:00:00,0.089478
2024-09-02 08:00:00,0.080078
2024-09-02 09:00:00,0.091614
2024-09-02 10:00:00,0.094238
2024-09-02 11:00:00,0.073334
2024-09-02 12:00:00,0.036774
2024-09-02 13:00:00,0.042786
2024-09-02 14:00:00,0.020142
2024-09-02 15:00:00,0.021973
2024-09-02 16:00:00,0.028564
2024-09-02 17:00:00,0.024200
2024-09-02 18:00:00,0.019775
2024-09-02 19:00:00,0.013977
2024-09-02 20:00:00,0.012451
2024-09-02 21:00:00,0.027466
2024-09-02 22:00:00,0.041931
2024-09-02 23:00:00,0.113434
2024-09-03 00:00:00,0.077545
2024-09-03 01:00:00,0.079041
2024-09-03 02:00:00,0.020447
2024-09-03 03:00:00,0.007721
2024-09-03 04:00:00,0.076874
2024-09-03 05:00:00,0.094238
2024-09-03 06:00:00,0.096436
2024-09-03 07:00:00,0.073242
2024-09-03 08:00:00,0.110931
2024-09-03 09:00:00,0.071533
2024-09-03 10:00:00,0.097595
2024-09-03 11:00:00,0.118835
2024-09-03 12:00:00,0.109680
2024-09-03 13:00:00,0.072601
2024-09-03 14:00:00,0.070496
2024-09-03 15:00:00,0.064453
2024-09-03 16:00:00,0.054016
2024-09-03 17:00:00,0.027893
2024-09-03 18:00:00,0.022034
2024-09-03 19:00:00,0.019775
2024-09-03 20:00:00,0.020752
2024-09-03 21:00:00,0.019073
2024-09-03 22:00:00,0.012543
2024-09-03 23:00:00,0.018433
2024-09-04 00:00:00,0.012756
2024-09-04 01:00:00,0.008026
2024-09-04 02:00:00,0.005157
2024-09-04 03:00:00,0.004852
2024-09-04 04:00:00,0.015228
2024-09-04 05:00:00,0.052277
2024-09-04 06:00:00,0.204773
2024-09-04 07:00:00,0.218201
2024-09-04 08:00:00,0.144958
2024-09-04 09:00:00,0.022949
2024-09-04 10:00:00,0.613464
2024-09-04 11:00:00,0.282654
2024-09-04 12:00:00,0.005310
2024-09-04 13:00:00,0.055939
2024-09-04 14:00:00,0.028748
2024-09-04 15:00:00,0.159973
2024-09-04 16:00:00,0.060425
2024-09-04 17:00:00,0.041901
2024-09-04 18:00:00,0.034180
2024-09-04 19:00:00,0.043457
2024-09-04 20:00:00,0.043732
2024-09-04 21:00:00,0.074615
2024-09-04 22:00:00,0.119385
2024-09-04 23:00:00,0.098907
2024-09-05 00:00:00,0.102203
2024-09-05 01:00:00,0.066772
2024-09-05 02:00:00,0.097260
2024-09-05 03:00:00,0.099121
2024-09-05 04:00:00,0.118164
2024-09-05 05:00:00,0.125000
2024-09-05 06:00:00,0.180206
2024-09-05 07:00:00,0.104126
2024-09-05 08:00:00,0.068176
2024-09-05 09:00:00,0.047516
2024-09-05 10:00:00,0.212830
2024-09-05 11:00:00,0.039337
2024-09-05 12:00:00,0.013611
2024-09-05 13:00:00,0.033875
2024-09-05 14:00:00,0.044983
2024-09-05 15:00:00,0.043121
2024-09-05 16:00:00,0.040405
2024-09-05 17:00:00,0.035126
2024-09-05 18:00:00,0.197906
2024-09-05 19:00:00,0.259216
2024-09-05 20:00:00,0.266785
2024-09-05 21:00:00,0.214600
2024-09-05 22:00:00,0.273102
2024-09-05 23:00:00,0.413086
2024-09-06 00:00:00,0.364136
2024-09-06 01:00:00,0.209412
2024-09-06 02:00:00,0.171448
2024-09-06 03:00:00,0.191040
2024-09-06 04:00:00,0.199402
2024-09-06 05:00:00,0.192261
2024-09-06 06:00:00,0.146210
2024-09-06 07:00:00,0.310669
2024-09-06 08:00:00,0.154907
2024-09-06 09:00:00,0.243042
2024-09-06 10:00:00,0.414337
2024-09-06 11:00:00,0.066528
2024-09-06 12:00:00,0.055145
2024-09-06 13:00:00,0.034698
2024-09-06 14:00:00,0.072845
2024-09-06 15:00:00,0.039703
2024-09-06 16:00:00,0.027069
2024-09-06 17:00:00,0.023743
2024-09-06 18:00:00,0.044128
2024-09-06 19:00:00,0.128845
2024-09-06 20:00:00,0.166687
2024-09-06 21:00:00,0.100769
2024-09-06 22:00:00,0.029968
2024-09-06 23:00:00,0.000854
2024-09-07 00:00:00,0.004120
2024-09-07 01:00:00,0.006165
2024-09-07 02:00:00,0.028076
2024-09-07 03:00:00,0.067383
2024-09-07 04:00:00,0.051147
2024-09-07 05:00:00,0.090271
2024-09-07 06:00:00,0.211731
2024-09-07 07:00:00,0.246338
2024-09-07 08:00:00,0.305481
2024-09-07 09:00:00,0.091125
2024-09-07 10:00:00,0.212891
2024-09-07 11:00:00,0.104187
2024-09-07 12:00:00,0.122437
2024-09-07 13:00:00,0.242981
2024-09-07 14:00:00,0.014160
2024-09-07 15:00:00,0.095581
2024-09-07 16:00:00,0.114441
2024-09-07 17:00:00,0.252075
2024-09-07 18:00:00,0.103333
2024-09-07 19:00:00,0.071472
2024-09-07 20:00:00,0.111328
2024-09-07 21:00:00,0.125610
2024-09-07 22:00:00,0.124573
2024-09-07 23:00:00,0.065063
2024-09-08 00:00:00,0.048187
2024-09-08 01:00:00,0.091278
2024-09-08 02:00:00,0.145325
2024-09-08 03:00:00,0.159546
2024-09-08 04:00:00,0.089478
2024-09-08 05:00:00,0.093811
2024-09-08 06:00:00,0.104858
2024-09-08 07:00:00,0.087463
2024-09-08 08:00:00,0.084839
2024-09-08 09:00:00,0.063721
2024-09-08 10:00:00,0.487061
2024-09-08 11:00:00,0.000946
2024-09-08 12:00:00,0.235992
2024-09-08 13:00:00,0.017273
2024-09-08 14:00:00,0.012939
2024-09-08 15:00:00,0.048065
2024-09-08 16:00:00,0.017029
2024-09-08 17:00:00,0.009094
2024-09-08 18:00:00,0.004089
2024-09-08 19:00:00,0.010559
2024-09-08 20:00:00,0.020569
2024-09-08 21:00:00,0.031586
2024-09-08 22:00:00,0.117218
2024-09-08 23:00:00,0.101318
2024-09-09 00:00:00,0.079529
2024-09-09 01:00:00,0.069275
2024-09-09 02:00:00,0.075134
2024-09-09 03:00:00,0.090515
2024-09-09 04:00:00,0.046082
2024-09-09 05:00:00,0.022705
2024-09-09 06:00:00,0.052734
2024-09-09 07:00:00,0.078796
2024-09-09 08:00:00,0.068268
2024-09-09 09:00:00,0.059875
2024-09-09 10:00:00,0.069427
2024-09-09 11:00:00,0.104919
2024-09-09 12:00:00,0.067444
2024-09-09 13:00:00,0.099426
2024-09-09 14:00:00,0.111633
2024-09-09 15:00:00,0.071075
2024-09-09 16:00:00,0.052917
2024-09-09 17:00:00,0.185059
2024-09-09 18:00:00,0.191650
2024-09-09 19:00:00,0.117554
2024-09-09 20:00:00,0.153198
2024-09-09 21:00:00,0.192657
2024-09-09 22:00:00,0.119385
2024-09-09 23:00:00,0.171753
2024-09-10 00:00:00,0.096741
2024-09-10 01:00:00,0.149231
2024-09-10 02:00:00,0.156799
2024-09-10 03:00:00,0.079346
2024-09-10 04:00:00,0.061279
2024-09-10 05:00:00,0.047302
2024-09-10 06:00:00,0.101440
2024-09-10 07:00:00,0.088257
2024-09-10 08:00:00,0.084351
2024-09-10 09:00:00,0.041992
2024-09-10 10:00:00,0.035828
2024-09-10 11:00:00,0.103271
2024-09-10 12:00:00,0.138794
2024-09-10 13:00:00,0.012268
2024-09-10 14:00:00,0.001160
2024-09-10 15:00:00,0.000488
2024-09-10 16:00:00,0.003113
2024-09-10 17:00:00,0.002563
2024-09-10 18:00:00,0.003296
2024-09-10 19:00:00,0.007935
2024-09-10 20:00:00,0.009705
2024-09-10 21:00:00,0.018768
2024-09-10 22:00:00,0.024963
2024-09-10 23:00:00,0.008728
2024-09-11 00:00:00,0.011841
2024-09-11 01:00:00,0.016907
2024-09-11 02:00:00,0.024475
2024-09-11 03:00:00,0.049011
2024-09-11 04:00:00,0.081543
2024-09-11 05:00:00,0.104156
2024-09-11 06:00:00,0.031006
2024-09-11 07:00:00,0.030457
2024-09-11 08:00:00,0.022919
2024-09-11 09:00:00,0.080505
2024-09-11 10:00:00,0.006989
2024-09-11 11:00:00,0.180908
2024-09-11 12:00:00,0.416626
2024-09-11 13:00:00,0.230408
2024-09-11 14:00:00,0.200867
2024-09-11 15:00:00,0.313293
2024-09-11 16:00:00,0.468750
2024-09-11 17:00:00,0.261658
2024-09-11 18:00:00,0.121155
2024-09-11 19:00:00,0.189209
2024-09-11 20:00:00,0.350708
2024-09-11 21:00:00,0.460876
2024-09-11 22:00:00,0.609192
2024-09-11 23:00:00,0.696472
2024-09-12 00:00:00,0.563782
2024-09-12 01:00:00,0.296936
2024-09-12 02:00:00,0.463898
2024-09-12 03:00:00,0.271057
2024-09-12 04:00:00,0.441040
2024-09-12 05:00:00,0.396301
2024-09-12 06:00:00,0.571655
2024-09-12 07:00:00,0.604431
2024-09-12 08:00:00,0.427490
2024-09-12 09:00:00,0.981873
2024-09-12 10:00:00,0.195129
2024-09-12 11:00:00,0.314362
2024-09-12 12:00:00,0.330841
2024-09-12 13:00:00,0.587738
2024-09-12 14:00:00,0.579590
2024-09-12 15:00:00,0.612793
2024-09-12 16:00:00,0.581482
2024-09-12 17:00:00,0.864929
2024-09-12 18:00:00,0.965942
2024-09-12 19:00:00,1.136475
2024-09-12 20:00:00,1.054016
2024-09-12 21:00:00,1.387512
2024-09-12 22:00:00,0.756226
2024-09-12 23:00:00,0.790466
2024-09-13 00:00:00,0.257812
2024-09-13 01:00:00,0.322205
2024-09-13 02:00:00,0.344116
2024-09-13 03:00:00,0.504120
2024-09-13 04:00:00,0.476837
2024-09-13 05:00:00,0.421631
2024-09-13 06:00:00,0.512054
2024-09-13 07:00:00,0.390869
2024-09-13 08:00:00,0.443451
2024-09-13 09:00:00,0.476562
2024-09-13 10:00:00,0.729492
2024-09-13 11:00:00,0.799133
2024-09-13 12:00:00,0.797729
2024-09-13 13:00:00,0.622437
2024-09-13 14:00:00,0.478943
2024-09-13 15:00:00,0.430847
2024-09-13 16:00:00,0.277893
2024-09-13 17:00:00,0.135498
2024-09-13 18:00:00,0.083435
2024-09-13 19:00:00,0.055603
2024-09-13 20:00:00,0.037659
2024-09-13 21:00:00,0.058472
2024-09-13 22:00:00,0.060059
2024-09-13 23:00:00,0.061096
2024-09-14 00:00:00,0.072937
2024-09-14 01:00:00,0.086517
2024-09-14 02:00:00,0.075867
2024-09-14 03:00:00,0.055054
2024-09-14 04:00:00,0.044678
2024-09-14 05:00:00,0.035522
2024-09-14 06:00:00,0.036194
2024-09-14 07:00:00,0.059967
2024-09-14 08:00:00,0.093597
2024-09-14 09:00:00,0.119049
2024-09-14 10:00:00,0.176971
2024-09-14 11:00:00,0.243744
2024-09-14 12:00:00,0.205963
2024-09-14 13:00:00,0.259155
2024-09-14 14:00:00,0.268738
2024-09-14 15:00:00,0.191833
2024-09-14 16:00:00,0.159302
2024-09-14 17:00:00,0.163696
2024-09-14 18:00:00,0.114990
2024-09-14 19:00:00,0.096802
2024-09-14 20:00:00,0.095459
2024-09-14 21:00:00,0.088501
2024-09-14 22:00:00,0.146667
2024-09-14 23:00:00,0.161072
2024-09-15 00:00:00,0.151611
2024-09-15 01:00:00,0.130676
2024-09-15 02:00:00,0.096558
2024-09-15 03:00:00,0.089050
2024-09-15 04:00:00,0.089325
2024-09-15 05:00:00,0.072021
2024-09-15 06:00:00,0.070129
2024-09-15 07:00:00,0.065796
2024-09-15 08:00:00,0.071869
2024-09-15 09:00:00,0.074615
2024-09-15 10:00:00,0.133209
2024-09-15 11:00:00,0.141205
2024-09-15 12:00:00,0.123291
2024-09-15 13:00:00,0.103729
2024-09-15 14:00:00,0.088684
2024-09-15 15:00:00,0.081604
2024-09-15 16:00:00,0.076233
2024-09-15 17:00:00,0.075806
2024-09-15 18:00:00,0.083252
2024-09-15 19:00:00,0.085266
2024-09-15 20:00:00,0.084656
2024-09-15 21:00:00,0.077545
2024-09-15 22:00:00,0.062042
2024-09-15 23:00:00,0.067200
2024-09-16 00:00:00,0.058594
2024-09-16 01:00:00,0.040649
2024-09-16 02:00:00,0.025757
2024-09-16 03:00:00,0.015717
2024-09-16 04:00:00,0.011169
2024-09-16 05:00:00,0.009094
2024-09-16 06:00:00,0.053528
2024-09-16 07:00:00,0.105957
2024-09-16 08:00:00,0.094971
2024-09-16 09:00:00,0.074219
2024-09-16 10:00:00,0.048706
2024-09-16 11:00:00,0.023438
2024-09-16 12:00:00,0.015503
2024-09-16 13:00:00,0.014648
2024-09-16 14:00:00,0.014709
2024-09-16 15:00:00,0.014771
2024-09-16 16:00:00,0.013672
2024-09-16 17:00:00,0.010681
2024-09-16 18:00:00,0.009705
2024-09-16 19:00:00,0.013245
2024-09-16 20:00:00,0.020630
2024-09-16 21:00:00,0.023376
2024-09-16 22:00:00,0.078857
2024-09-16 23:00:00,0.053314
2024-09-17 00:00:00,0.039154
2024-09-17 01:00:00,0.030243
2024-09-17 02:00:00,0.078125
2024-09-17 03:00:00,0.064941
2024-09-17 04:00:00,0.035400
2024-09-17 05:00:00,0.023804
2024-09-17 06:00:00,0.013214
2024-09-17 07:00:00,0.067108
2024-09-17 08:00:00,0.123322
2024-09-17 09:00:00,0.189819
2024-09-17 10:00:00,0.127838
2024-09-17 11:00:00,0.115051
2024-09-17 12:00:00,0.120575
2024-09-17 13:00:00,0.065063
2024-09-17 14:00:00,0.020538
2024-09-17 15:00:00,0.022247
2024-09-17 16:00:00,0.028564
2024-09-17 17:00:00,0.027100
2024-09-17 18:00:00,0.030396
2024-09-17 19:00:00,0.067017
2024-09-17 20:00:00,0.120605
2024-09-17 21:00:00,0.078735
2024-09-17 22:00:00,0.095093
2024-09-17 23:00:00,0.195709
2024-09-18 00:00:00,0.053467
2024-09-18 01:00:00,0.088989
2024-09-18 02:00:00,0.190491
2024-09-18 03:00:00,0.158417
2024-09-18 04:00:00,0.201477
2024-09-18 05:00:00,0.303162
2024-09-18 06:00:00,0.283508
2024-09-18 07:00:00,0.356934
2024-09-18 08:00:00,0.265594
2024-09-18 09:00:00,0.385864
2024-09-18 10:00:00,0.418335
2024-09-18 11:00:00,0.404175
2024-09-18 12:00:00,0.465820
2024-09-18 13:00:00,0.241028
2024-09-18 14:00:00,0.290283
2024-09-18 15:00:00,0.433350
2024-09-18 16:00:00,0.319458
2024-09-18 17:00:00,0.262695
2024-09-18 18:00:00,0.302246
2024-09-18 19:00:00,0.319397
2024-09-18 20:00:00,0.147766
2024-09-18 21:00:00,0.114746
2024-09-18 22:00:00,0.190918
2024-09-18 23:00:00,0.116028
2024-09-19 00:00:00,0.089691
2024-09-19 01:00:00,0.088196
2024-09-19 02:00:00,0.086182
2024-09-19 03:00:00,0.079285
2024-09-19 04:00:00,0.079559
2024-09-19 05:00:00,0.177643
2024-09-19 06:00:00,0.265411
2024-09-19 07:00:00,0.204285
2024-09-19 08:00:00,0.127289
2024-09-19 09:00:00,0.109833
2024-09-19 10:00:00,0.109222
2024-09-19 11:00:00,0.075714
2024-09-19 12:00:00,0.068542
2024-09-19 13:00:00,0.053162
2024-09-19 14:00:00,0.033600
2024-09-19 15:00:00,0.021240
2024-09-19 16:00:00,0.015808
2024-09-19 17:00:00,0.014191
2024-09-19 18:00:00,0.013519
2024-09-19 19:00:00,0.014038
2024-09-19 20:00:00,0.019165
2024-09-19 21:00:00,0.027710
2024-09-19 22:00:00,0.019958
2024-09-19 23:00:00,0.009827
2024-09-20 00:00:00,0.016357
2024-09-20 01:00:00,0.024963
2024-09-20 02:00:00,0.030884
2024-09-20 03:00:00,0.008484
2024-09-20 04:00:00,0.002319
2024-09-20 05:00:00,0.010071
2024-09-20 06:00:00,0.038025
2024-09-20 07:00:00,0.069641
2024-09-20 08:00:00,0.068542
2024-09-20 09:00:00,0.079956
2024-09-20 10:00:00,0.059753
2024-09-20 11:00:00,0.045349
2024-09-20 12:00:00,0.038635
2024-09-20 13:00:00,0.041809
2024-09-20 14:00:00,0.048218
2024-09-20 15:00:00,0.051270
2024-09-20 16:00:00,0.052795
2024-09-20 17:00:00,0.052063
2024-09-20 18:00:00,0.049133
2024-09-20 19:00:00,0.049255
2024-09-20 20:00:00,0.050842
2024-09-20 21:00:00,0.044678
2024-09-20 22:00:00,0.049042
2024-09-20 23:00:00,0.049469
2024-09-21 00:00:00,0.059326
2024-09-21 01:00:00,0.064606
2024-09-21 02:00:00,0.096375
2024-09-21 03:00:00,0.096558
2024-09-21 04:00:00,0.051483
2024-09-21 05:00:00,0.032776
2024-09-21 06:00:00,0.056763
2024-09-21 07:00:00,0.041809
2024-09-21 08:00:00,0.041870
2024-09-21 09:00:00,0.031799
2024-09-21 10:00:00,0.040436
2024-09-21 11:00:00,0.025513
2024-09-21 12:00:00,0.012848
2024-09-21 13:00:00,0.007263
2024-09-21 14:00:00,0.004761
2024-09-21 15:00:00,0.006958
2024-09-21 16:00:00,0.011902
2024-09-21 17:00:00,0.018188
2024-09-21 18:00:00,0.026367
2024-09-21 19:00:00,0.037720
2024-09-21 20:00:00,0.053833
2024-09-21 21:00:00,0.081421
2024-09-21 22:00:00,0.114014
2024-09-21 23:00:00,0.129456
2024-09-22 00:00:00,0.148438
2024-09-22 01:00:00,0.163025
2024-09-22 02:00:00,0.166748
2024-09-22 03:00:00,0.131195
2024-09-22 04:00:00,0.072357
2024-09-22 05:00:00,0.090912
2024-09-22 06:00:00,0.117432
2024-09-22 07:00:00,0.083679
2024-09-22 08:00:00,0.070679
2024-09-22 09:00:00,0.054565
2024-09-22 10:00:00,0.009918
2024-09-22 11:00:00,0.005615
2024-09-22 12:00:00,0.005066
2024-09-22 13:00:00,0.005188
2024-09-22 14:00:00,0.005371
2024-09-22 15:00:00,0.003357
2024-09-22 16:00:00,0.001648
2024-09-22 17:00:00,0.001038
2024-09-22 18:00:00,0.000977
2024-09-22 19:00:00,0.001160
2024-09-22 20:00:00,0.001160
2024-09-22 21:00:00,0.001038
2024-09-22 22:00:00,0.000305
2024-09-22 23:00:00,0.000122
2024-09-23 00:00:00,0.000122
2024-09-23 01:00:00,0.000244
2024-09-23 02:00:00,0.000305
2024-09-23 03:00:00,0.000458
2024-09-23 04:00:00,0.000824
2024-09-23 05:00:00,0.002380
2024-09-23 06:00:00,0.004120
2024-09-23 07:00:00,0.003387
2024-09-23 08:00:00,0.001770
2024-09-23 09:00:00,0.002716
2024-09-23 10:00:00,0.005005
2024-09-23 11:00:00,0.001526
2024-09-23 12:00:00,0.000732
2024-09-23 13:00:00,0.000397
2024-09-23 14:00:00,0.000244
2024-09-23 15:00:00,0.000061
2024-09-23 16:00:00,0.000000
2024-09-23 17:00:00,0.000000
2024-09-23 18:00:00,0.000000
2024-09-23 19:00:00,0.000000
2024-09-23 20:00:00,0.000000
2024-09-23 21:00:00,0.000000
2024-09-23 22:00:00,0.000000
2024-09-23 23:00:00,0.000000
2024-09-24 00:00:00,0.000000
2024-09-24 01:00:00,0.000000
2024-09-24 02:00:00,0.000000
2024-09-24 03:00:00,0.000000
2024-09-24 04:00:00,0.000000
2024-09-24 05:00:00,0.003845
2024-09-24 06:00:00,0.016968
2024-09-24 07:00:00,0.018982
2024-09-24 08:00:00,0.018188
2024-09-24 09:00:00,0.013733
2024-09-24 10:00:00,0.008026
2024-09-24 11:00:00,0.006836
2024-09-24 12:00:00,0.002625
2024-09-24 13:00:00,0.002960
2024-09-24 14:00:00,0.004578
2024-09-24 15:00:00,0.005737
2024-09-24 16:00:00,0.006073
2024-09-24 17:00:00,0.005554
2024-09-24 18:00:00,0.004059
2024-09-24 19:00:00,0.003845
2024-09-24 20:00:00,0.004700
2024-09-24 21:00:00,0.005066
2024-09-24 22:00:00,0.008759
2024-09-24 23:00:00,0.009583
2024-09-25 00:00:00,0.010071
2024-09-25 01:00:00,0.005524
2024-09-25 02:00:00,0.005890
2024-09-25 03:00:00,0.093750
2024-09-25 04:00:00,0.092041
2024-09-25 05:00:00,0.117676
2024-09-25 06:00:00,0.174622
2024-09-25 07:00:00,0.151917
2024-09-25 08:00:00,0.099792
2024-09-25 09:00:00,0.142548
2024-09-25 10:00:00,0.117188
2024-09-25 11:00:00,0.058136
2024-09-25 12:00:00,0.040283
2024-09-25 13:00:00,0.052490
2024-09-25 14:00:00,0.057007
2024-09-25 15:00:00,0.060181
2024-09-25 16:00:00,0.058777
2024-09-25 17:00:00,0.054504
2024-09-25 18:00:00,0.036621
2024-09-25 19:00:00,0.030823
2024-09-25 20:00:00,0.027405
2024-09-25 21:00:00,0.033264
2024-09-25 22:00:00,0.030121
2024-09-25 23:00:00,0.045654
2024-09-26 00:00:00,0.117188
2024-09-26 01:00:00,0.091095
2024-09-26 02:00:00,0.068787
2024-09-26 03:00:00,0.028809
2024-09-26 04:00:00,0.062622
2024-09-26 05:00:00,0.059753
2024-09-26 06:00:00,0.043427
2024-09-26 07:00:00,0.053131
2024-09-26 08:00:00,0.054810
2024-09-26 09:00:00,0.283508
2024-09-26 10:00:00,0.089111
2024-09-26 11:00:00,0.053467
2024-09-26 12:00:00,0.024109
2024-09-26 13:00:00,0.056091
2024-09-26 14:00:00,0.042084
2024-09-26 15:00:00,0.065826
2024-09-26 16:00:00,0.077820
2024-09-26 17:00:00,0.045502
2024-09-26 18:00:00,0.029938
2024-09-26 19:00:00,0.028839
2024-09-26 20:00:00,0.020386
2024-09-26 21:00:00,0.016388
2024-09-26 22:00:00,0.022400
2024-09-26 23:00:00,0.080872
2024-09-27 00:00:00,0.188477
2024-09-27 01:00:00,0.130432
2024-09-27 02:00:00,0.020508
2024-09-27 03:00:00,0.023193
2024-09-27 04:00:00,0.025391
2024-09-27 05:00:00,0.025391
2024-09-27 06:00:00,0.044922
2024-09-27 07:00:00,0.057556
2024-09-27 08:00:00,0.105377
2024-09-27 09:00:00,0.063812
2024-09-27 10:00:00,0.062439
2024-09-27 11:00:00,0.093018
2024-09-27 12:00:00,0.050293
2024-09-27 13:00:00,0.033264
2024-09-27 14:00:00,0.020020
2024-09-27 15:00:00,0.013245
2024-09-27 16:00:00,0.012390
2024-09-27 17:00:00,0.020203
2024-09-27 18:00:00,0.032593
2024-09-27 19:00:00,0.022614
2024-09-27 20:00:00,0.008240
2024-09-27 21:00:00,0.006775
2024-09-27 22:00:00,0.032959
2024-09-27 23:00:00,0.032410
2024-09-28 00:00:00,0.025818
2024-09-28 01:00:00,0.013916
2024-09-28 02:00:00,0.010010
2024-09-28 03:00:00,0.015137
2024-09-28 04:00:00,0.030396
2024-09-28 05:00:00,0.033936
2024-09-28 06:00:00,0.060272
2024-09-28 07:00:00,0.093567
2024-09-28 08:00:00,0.042175
2024-09-28 09:00:00,0.055664
2024-09-28 10:00:00,0.071106
2024-09-28 11:00:00,0.019897
2024-09-28 12:00:00,0.005524
2024-09-28 13:00:00,0.005554
2024-09-28 14:00:00,0.008667
2024-09-28 15:00:00,0.013794
2024-09-28 16:00:00,0.017273
2024-09-28 17:00:00,0.015442
2024-09-28 18:00:00,0.013611
2024-09-28 19:00:00,0.013367
2024-09-28 20:00:00,0.012390
2024-09-28 21:00:00,0.006927
2024-09-28 22:00:00,0.002686
2024-09-28 23:00:00,0.004517
2024-09-29 00:00:00,0.008484
2024-09-29 01:00:00,0.016449
2024-09-29 02:00:00,0.030945
2024-09-29 03:00:00,0.025696
2024-09-29 04:00:00,0.015747
2024-09-29 05:00:00,0.010254
2024-09-29 06:00:00,0.007721
2024-09-29 07:00:00,0.026184
2024-09-29 08:00:00,0.076233
2024-09-29 09:00:00,0.050140
2024-09-29 10:00:00,0.051849
2024-09-29 11:00:00,0.070892
2024-09-29 12:00:00,0.063629
2024-09-29 13:00:00,0.037109
2024-09-29 14:00:00,0.023010
2024-09-29 15:00:00,0.003326
2024-09-29 16:00:00,0.000397
2024-09-29 17:00:00,0.000183
2024-09-29 18:00:00,0.001404
2024-09-29 19:00:00,0.000183
2024-09-29 20:00:00,0.000671
2024-09-29 21:00:00,0.004089
2024-09-29 22:00:00,0.142883
2024-09-29 23:00:00,0.135834
2024-09-30 00:00:00,0.052063
2024-09-30 01:00:00,0.011597
2024-09-30 02:00:00,0.003723
2024-09-30 03:00:00,0.001221
2024-09-30 04:00:00,0.011383
2024-09-30 05:00:00,0.017273
2024-09-30 06:00:00,0.025818
2024-09-30 07:00:00,0.038757
2024-09-30 08:00:00,0.042358
2024-09-30 09:00:00,0.033447
2024-09-30 10:00:00,0.033508
2024-09-30 11:00:00,0.036377
2024-09-30 12:00:00,0.022217
2024-09-30 13:00:00,0.014954
2024-09-30 14:00:00,0.008057
2024-09-30 15:00:00,0.004456
2024-09-30 16:00:00,0.002625
2024-09-30 17:00:00,0.001099
2024-09-30 18:00:00,0.000397
2024-09-30 19:00:00,0.000244
2024-09-30 20:00:00,0.000244
2024-09-30 21:00:00,0.000244
2024-09-30 22:00:00,0.000000
2024-09-30 23:00:00,0.000000
2024-10-01 00:00:00,0.000000
2024-10-01 01:00:00,0.000000
2024-10-01 02:00:00,0.000122
2024-10-01 03:00:00,0.000244
2024-10-01 04:00:00,0.000305
2024-10-01 05:00:00,0.000732
2024-10-01 06:00:00,0.002869
2024-10-01 07:00:00,0.003021
2024-10-01 08:00:00,0.002228
2024-10-01 09:00:00,0.001953
2024-10-01 10:00:00,0.009399
2024-10-01 11:00:00,0.004822
2024-10-01 12:00:00,0.003967
2024-10-01 13:00:00,0.004517
2024-10-01 14:00:00,0.003845
2024-10-01 15:00:00,0.002502
2024-10-01 16:00:00,0.001404
2024-10-01 17:00:00,0.000732
2024-10-01 18:00:00,0.000427
2024-10-01 19:00:00,0.000305
2024-10-01 20:00:00,0.000183
2024-10-01 21:00:00,0.000122
2024-10-01 22:00:00,0.000000
2024-10-01 23:00:00,0.000000
2024-10-02 00:00:00,0.000000
2024-10-02 01:00:00,0.000000
2024-10-02 02:00:00,0.000000
2024-10-02 03:00:00,0.000000
2024-10-02 04:00:00,0.000000
2024-10-02 05:00:00,0.000000
2024-10-02 06:00:00,0.000000
2024-10-02 07:00:00,0.000000
2024-10-02 08:00:00,0.000061
2024-10-02 09:00:00,0.000061
2024-10-02 10:00:00,0.000122
2024-10-02 11:00:00,0.000061
2024-10-02 12:00:00,0.000122
2024-10-02 13:00:00,0.000153
2024-10-02 14:00:00,0.000183
2024-10-02 15:00:00,0.000183
2024-10-02 16:00:00,0.000122
2024-10-02 17:00:00,0.000000
2024-10-02 18:00:00,0.000000
2024-10-02 19:00:00,0.000000
2024-10-02 20:00:00,0.000000
2024-10-02 21:00:00,0.000000
2024-10-02 22:00:00,0.000000
2024-10-02 23:00:00,0.000000
2024-10-03 00:00:00,0.000000
2024-10-03 01:00:00,0.000000
2024-10-03 02:00:00,0.000000
2024-10-03 03:00:00,0.000000
2024-10-03 04:00:00,0.000000
2024-10-03 05:00:00,0.000000
2024-10-03 06:00:00,0.000000
2024-10-03 07:00:00,0.000000
2024-10-03 08:00:00,0.000000
2024-10-03 09:00:00,0.000000
2024-10-03 10:00:00,0.000000
2024-10-03 11:00:00,0.000000
2024-10-03 12:00:00,0.000061
2024-10-03 13:00:00,0.000122
2024-10-03 14:00:00,0.000122
2024-10-03 15:00:00,0.000183
2024-10-03 16:00:00,0.000122
2024-10-03 17:00:00,0.000122
2024-10-03 18:00:00,0.000061
2024-10-03 19:00:00,0.000000
2024-10-03 20:00:00,0.000000
2024-10-03 21:00:00,0.000000
2024-10-03 22:00:00,0.000000
2024-10-03 23:00:00,0.000000
2024-10-04 00:00:00,0.000000
2024-10-04 01:00:00,0.000000
2024-10-04 02:00:00,0.000000
2024-10-04 03:00:00,0.000000
2024-10-04 04:00:00,0.000000
2024-10-04 05:00:00,0.000000
2024-10-04 06:00:00,0.000000
2024-10-04 07:00:00,0.000000
2024-10-04 08:00:00,0.000000
2024-10-04 09:00:00,0.000000
2024-10-04 10:00:00,0.000366
2024-10-04 11:00:00,0.001373
2024-10-04 12:00:00,0.003174
2024-10-04 13:00:00,0.006531
2024-10-04 14:00:00,0.010620
2024-10-04 15:00:00,0.010620
2024-10-04 16:00:00,0.008850
2024-10-04 17:00:00,0.011658
2024-10-04 18:00:00,0.024963
2024-10-04 19:00:00,0.032104
2024-10-04 20:00:00,0.024597
2024-10-04 21:00:00,0.017944
2024-10-04 22:00:00,0.049561
2024-10-04 23:00:00,0.054443
2024-10-05 00:00:00,0.060974
2024-10-05 01:00:00,0.070099
2024-10-05 02:00:00,0.061890
2024-10-05 03:00:00,0.033722
2024-10-05 04:00:00,0.017242
2024-10-05 05:00:00,0.011078
2024-10-05 06:00:00,0.008362
2024-10-05 07:00:00,0.006226
2024-10-05 08:00:00,0.004089
2024-10-05 09:00:00,0.004639
2024-10-05 10:00:00,0.004883
2024-10-05 11:00:00,0.005371
2024-10-05 12:00:00,0.009094
2024-10-05 13:00:00,0.009277
2024-10-05 14:00:00,0.006897
2024-10-05 15:00:00,0.004944
2024-10-05 16:00:00,0.005249
2024-10-05 17:00:00,0.007263
2024-10-05 18:00:00,0.009705
2024-10-05 19:00:00,0.010071
2024-10-05 20:00:00,0.009644
2024-10-05 21:00:00,0.009125
2024-10-05 22:00:00,0.033081
2024-10-05 23:00:00,0.002930
2024-10-06 00:00:00,0.046936
2024-10-06 01:00:00,0.122864
2024-10-06 02:00:00,0.092957
2024-10-06 03:00:00,0.030945
2024-10-06 04:00:00,0.004578
2024-10-06 05:00:00,0.002136
2024-10-06 06:00:00,0.001465
2024-10-06 07:00:00,0.001587
2024-10-06 08:00:00,0.006042
2024-10-06 09:00:00,0.018921
2024-10-06 10:00:00,0.005432
2024-10-06 11:00:00,0.004333
2024-10-06 12:00:00,0.006836
2024-10-06 13:00:00,0.005005
2024-10-06 14:00:00,0.001587
2024-10-06 15:00:00,0.000305
2024-10-06 16:00:00,0.000183
2024-10-06 17:00:00,0.000122
2024-10-06 18:00:00,0.000061
2024-10-06 19:00:00,0.000183
2024-10-06 20:00:00,0.000305
2024-10-06 21:00:00,0.000488
2024-10-06 22:00:00,0.000000
2024-10-06 23:00:00,0.000000
2024-10-07 00:00:00,0.000000
2024-10-07 01:00:00,0.000000
2024-10-07 02:00:00,0.000000
2024-10-07 03:00:00,0.000000
2024-10-07 04:00:00,0.000000
2024-10-07 05:00:00,0.000000
2024-10-07 06:00:00,0.000000
2024-10-07 07:00:00,0.000000
2024-10-07 08:00:00,0.000000
2024-10-07 09:00:00,0.000000
2024-10-07 10:00:00,0.000000
2024-10-07 11:00:00,0.000000
2024-10-07 12:00:00,0.000000
2024-10-07 13:00:00,0.000000
2024-10-07 14:00:00,0.000000
2024-10-07 15:00:00,0.000000
2024-10-07 16:00:00,0.000031
2024-10-07 17:00:00,0.000061
2024-10-07 18:00:00,0.000031
2024-10-07 19:00:00,0.000061
2024-10-07 20:00:00,0.000031
2024-10-07 21:00:00,0.000031
2024-10-07 22:00:00,0.000000
2024-10-07 23:00:00,0.000000
2024-10-08 00:00:00,0.000000
2024-10-08 01:00:00,0.000000
2024-10-08 02:00:00,0.000000
2024-10-08 03:00:00,0.000000
2024-10-08 04:00:00,0.000000
2024-10-08 05:00:00,0.007446
2024-10-08 06:00:00,0.010406
2024-10-08 07:00:00,0.020477
2024-10-08 08:00:00,0.033844
2024-10-08 09:00:00,0.023224
2024-10-08 10:00:00,0.043549
2024-10-08 11:00:00,0.038239
2024-10-08 12:00:00,0.002350
2024-10-08 13:00:00,0.002533
2024-10-08 14:00:00,0.002563
2024-10-08 15:00:00,0.001648
2024-10-08 16:00:00,0.001099
2024-10-08 17:00:00,0.001221
2024-10-08 18:00:00,0.002380
2024-10-08 19:00:00,0.003845
2024-10-08 20:00:00,0.005615
2024-10-08 21:00:00,0.006500
2024-10-08 22:00:00,0.003784
2024-10-08 23:00:00,0.003174
2024-10-09 00:00:00,0.003845
2024-10-09 01:00:00,0.004181
2024-10-09 02:00:00,0.003418
2024-10-09 03:00:00,0.001923
2024-10-09 04:00:00,0.000977
2024-10-09 05:00:00,0.000732
2024-10-09 06:00:00,0.000854
2024-10-09 07:00:00,0.001007
2024-10-09 08:00:00,0.001160
2024-10-09 09:00:00,0.000977
2024-10-09 10:00:00,0.000122
2024-10-09 11:00:00,0.000000
2024-10-09 12:00:00,0.000427
2024-10-09 13:00:00,0.001831
2024-10-09 14:00:00,0.003052
2024-10-09 15:00:00,0.005798
2024-10-09 16:00:00,0.011169
2024-10-09 17:00:00,0.013062
2024-10-09 18:00:00,0.011597
2024-10-09 19:00:00,0.008972
2024-10-09 20:00:00,0.005493
2024-10-09 21:00:00,0.001831
2024-10-09 22:00:00,0.000000
2024-10-09 23:00:00,0.000000
2024-10-10 00:00:00,0.000000
2024-10-10 01:00:00,0.000000
2024-10-10 02:00:00,0.000000
2024-10-10 03:00:00,0.000000
2024-10-10 04:00:00,0.000000
2024-10-10 05:00:00,0.000000
2024-10-10 06:00:00,0.000000
2024-10-10 07:00:00,0.000000
2024-10-10 08:00:00,0.000061
2024-10-10 09:00:00,0.006775
2024-10-10 10:00:00,0.009644
2024-10-10 11:00:00,0.019043
2024-10-10 12:00:00,0.023438
2024-10-10 13:00:00,0.019592
2024-10-10 14:00:00,0.010376
2024-10-10 15:00:00,0.006927
2024-10-10 16:00:00,0.005737
2024-10-10 17:00:00,0.003784
2024-10-10 18:00:00,0.001343
2024-10-10 19:00:00,0.000336
2024-10-10 20:00:00,0.000122
2024-10-10 21:00:00,0.000061
2024-10-10 22:00:00,0.000000
2024-10-10 23:00:00,0.000000
2024-10-11 00:00:00,0.000000
2024-10-11 01:00:00,0.000000
2024-10-11 02:00:00,0.000000
2024-10-11 03:00:00,0.000000
2024-10-11 04:00:00,0.000000
2024-10-11 05:00:00,0.000000
2024-10-11 06:00:00,0.000000
2024-10-11 07:00:00,0.000000
2024-10-11 08:00:00,0.000000
2024-10-11 09:00:00,0.000000
2024-10-11 10:00:00,0.000000
2024-10-11 11:00:00,0.000000
2024-10-11 12:00:00,0.000000
2024-10-11 13:00:00,0.000000
2024-10-11 14:00:00,0.000000
2024-10-11 15:00:00,0.000061
2024-10-11 16:00:00,0.000000
2024-10-11 17:00:00,0.000000
2024-10-11 18:00:00,0.000000
2024-10-11 19:00:00,0.000000
2024-10-11 20:00:00,0.000000
2024-10-11 21:00:00,0.000000
2024-10-11 22:00:00,0.000000
2024-10-11 23:00:00,0.000000
2024-10-12 00:00:00,0.000000
2024-10-12 01:00:00,0.000000
2024-10-12 02:00:00,0.000000
2024-10-12 03:00:00,0.000000
2024-10-12 04:00:00,0.000000
2024-10-12 05:00:00,0.000000
2024-10-12 06:00:00,0.000000
2024-10-12 07:00:00,0.000000
2024-10-12 08:00:00,0.000000
2024-10-12 09:00:00,0.000031
2024-10-12 10:00:00,0.002441
2024-10-12 11:00:00,0.010010
2024-10-12 12:00:00,0.010406
2024-10-12 13:00:00,0.002686
2024-10-12 14:00:00,0.000092
2024-10-12 15:00:00,0.000031
2024-10-12 16:00:00,0.000061
2024-10-12 17:00:00,0.000122
2024-10-12 18:00:00,0.000061
2024-10-12 19:00:00,0.000000
2024-10-12 20:00:00,0.000000
2024-10-12 21:00:00,0.000122
2024-10-12 22:00:00,0.000214
2024-10-12 23:00:00,0.000488
2024-10-13 00:00:00,0.000549
2024-10-13 01:00:00,0.000427
2024-10-13 02:00:00,0.000488
2024-10-13 03:00:00,0.000122
2024-10-13 04:00:00,0.000122
2024-10-13 05:00:00,0.000153
2024-10-13 06:00:00,0.001038
2024-10-13 07:00:00,0.001770
2024-10-13 08:00:00,0.001831
2024-10-13 09:00:00,0.000977
2024-10-13 10:00:00,0.025513
2024-10-13 11:00:00,0.001770
2024-10-13 12:00:00,0.000305
2024-10-13 13:00:00,0.019714
2024-10-13 14:00:00,0.054565
2024-10-13 15:00:00,0.064819
2024-10-13 16:00:00,0.065979
2024-10-13 17:00:00,0.029663
2024-10-13 18:00:00,0.006836
2024-10-13 19:00:00,0.011841
2024-10-13 20:00:00,0.038818
2024-10-13 21:00:00,0.075928
2024-10-13 22:00:00,0.045898
2024-10-13 23:00:00,0.024109
2024-10-14 00:00:00,0.009888
2024-10-14 01:00:00,0.004333
2024-10-14 02:00:00,0.001099
2024-10-14 03:00:00,0.000305
2024-10-14 04:00:00,0.000092
2024-10-14 05:00:00,0.000000
2024-10-14 06:00:00,0.000000
2024-10-14 07:00:00,0.000000
2024-10-14 08:00:00,0.000000
2024-10-14 09:00:00,0.000061
2024-10-14 10:00:00,0.000000
2024-10-14 11:00:00,0.000000
2024-10-14 12:00:00,0.000000
2024-10-14 13:00:00,0.000000
2024-10-14 14:00:00,0.000122
2024-10-14 15:00:00,0.000122
2024-10-14 16:00:00,0.000000
2024-10-14 17:00:00,0.000000
2024-10-14 18:00:00,0.000000
2024-10-14 19:00:00,0.000000
2024-10-14 20:00:00,0.000000
2024-10-14 21:00:00,0.000122
2024-10-14 22:00:00,0.000000
2024-10-14 23:00:00,0.000000
2024-10-15 00:00:00,0.000000
2024-10-15 01:00:00,0.000000
2024-10-15 02:00:00,0.000000
2024-10-15 03:00:00,0.000000
2024-10-15 04:00:00,0.000000
2024-10-15 05:00:00,0.000000
2024-10-15 06:00:00,0.000000
2024-10-15 07:00:00,0.000000
2024-10-15 08:00:00,0.000000
2024-10-15 09:00:00,0.000000
2024-10-15 10:00:00,0.000000
2024-10-15 11:00:00,0.000000
2024-10-15 12:00:00,0.000000
2024-10-15 13:00:00,0.000000
2024-10-15 14:00:00,0.000000
2024-10-15 15:00:00,0.000000
2024-10-15 16:00:00,0.000000
2024-10-15 17:00:00,0.000000
2024-10-15 18:00:00,0.000000
2024-10-15 19:00:00,0.000000
2024-10-15 20:00:00,0.000000
2024-10-15 21:00:00,0.000000
2024-10-15 22:00:00,0.000000
2024-10-15 23:00:00,0.000000
2024-10-16 00:00:00,0.000000
2024-10-16 01:00:00,0.000000
2024-10-16 02:00:00,0.000000
2024-10-16 03:00:00,0.000000
2024-10-16 04:00:00,0.000000
2024-10-16 05:00:00,0.000061
2024-10-16 06:00:00,0.000244
2024-10-16 07:00:00,0.005890
2024-10-16 08:00:00,0.002472
2024-10-16 09:00:00,0.000183
2024-10-16 10:00:00,0.000305
2024-10-16 11:00:00,0.000092
2024-10-16 12:00:00,0.000092
2024-10-16 13:00:00,0.000061
2024-10-16 14:00:00,0.000183
2024-10-16 15:00:00,0.000519
2024-10-16 16:00:00,0.003052
2024-10-16 17:00:00,0.001892
2024-10-16 18:00:00,0.000000
2024-10-16 19:00:00,0.000061
2024-10-16 20:00:00,0.000061
2024-10-16 21:00:00,0.000122
2024-10-16 22:00:00,0.000061
2024-10-16 23:00:00,0.000061
2024-10-17 00:00:00,0.000031
2024-10-17 01:00:00,0.000000
2024-10-17 02:00:00,0.000000
2024-10-17 03:00:00,0.000000
2024-10-17 04:00:00,0.000000
2024-10-17 05:00:00,0.000061
2024-10-17 06:00:00,0.000061
2024-10-17 07:00:00,0.000183
2024-10-17 08:00:00,0.000244
2024-10-17 09:00:00,0.000061
2024-10-17 10:00:00,0.009338
2024-10-17 11:00:00,0.011658
2024-10-17 12:00:00,0.012390
2024-10-17 13:00:00,0.009033
2024-10-17 14:00:00,0.007568
2024-10-17 15:00:00,0.005066
2024-10-17 16:00:00,0.002441
2024-10-17 17:00:00,0.001160
2024-10-17 18:00:00,0.000488
2024-10-17 19:00:00,0.000061
2024-10-17 20:00:00,0.000000
2024-10-17 21:00:00,0.000000
2024-10-17 22:00:00,0.000000
2024-10-17 23:00:00,0.000000
2024-10-18 00:00:00,0.000000
2024-10-18 01:00:00,0.000000
2024-10-18 02:00:00,0.000000
2024-10-18 03:00:00,0.000000
2024-10-18 04:00:00,0.000000
2024-10-18 05:00:00,0.000000
2024-10-18 06:00:00,0.000000
2024-10-18 07:00:00,0.000000
2024-10-18 08:00:00,0.000000
2024-10-18 09:00:00,0.000000
2024-10-18 10:00:00,0.000000
2024-10-18 11:00:00,0.000000
2024-10-18 12:00:00,0.000000
2024-10-18 13:00:00,0.000000
2024-10-18 14:00:00,0.000000
2024-10-18 15:00:00,0.000000
2024-10-18 16:00:00,0.000000
2024-10-18 17:00:00,0.000000
2024-10-18 18:00:00,0.000000
2024-10-18 19:00:00,0.000000
2024-10-18 20:00:00,0.000000
2024-10-18 21:00:00,0.000000
2024-10-18 22:00:00,0.000000
2024-10-18 23:00:00,0.000000
2024-10-19 00:00:00,0.000000
2024-10-19 01:00:00,0.000000
2024-10-19 02:00:00,0.000000
2024-10-19 03:00:00,0.000000
2024-10-19 04:00:00,0.000000
2024-10-19 05:00:00,0.000000
2024-10-19 06:00:00,0.000000
2024-10-19 07:00:00,0.000000
2024-10-19 08:00:00,0.000061
2024-10-19 09:00:00,0.001282
2024-10-19 10:00:00,0.005676
2024-10-19 11:00:00,0.007446
2024-10-19 12:00:00,0.002686
2024-10-19 13:00:00,0.003601
2024-10-19 14:00:00,0.004883
2024-10-19 15:00:00,0.005371
2024-10-19 16:00:00,0.004211
2024-10-19 17:00:00,0.002930
2024-10-19 18:00:00,0.002014
2024-10-19 19:00:00,0.001801
2024-10-19 20:00:00,0.002289
2024-10-19 21:00:00,0.005371
2024-10-19 22:00:00,0.003113
2024-10-19 23:00:00,0.002319
2024-10-20 00:00:00,0.001160
2024-10-20 01:00:00,0.001770
2024-10-20 02:00:00,0.001160
2024-10-20 03:00:00,0.001160
2024-10-20 04:00:00,0.000793
2024-10-20 05:00:00,0.000366
2024-10-20 06:00:00,0.000122
2024-10-20 07:00:00,0.000061
2024-10-20 08:00:00,0.005188
2024-10-20 09:00:00,0.008301
2024-10-20 10:00:00,0.007019
2024-10-20 11:00:00,0.025146
2024-10-20 12:00:00,0.024597
2024-10-20 13:00:00,0.021332
2024-10-20 14:00:00,0.019196
2024-10-20 15:00:00,0.015411
2024-10-20 16:00:00,0.010986
2024-10-20 17:00:00,0.010803
2024-10-20 18:00:00,0.012390
2024-10-20 19:00:00,0.012848
2024-10-20 20:00:00,0.010986
2024-10-20 21:00:00,0.008514
2024-10-20 22:00:00,0.000122
2024-10-20 23:00:00,0.000061
2024-10-21 00:00:00,0.000458
2024-10-21 01:00:00,0.001770
2024-10-21 02:00:00,0.002563
2024-10-21 03:00:00,0.002380
2024-10-21 04:00:00,0.001709
2024-10-21 05:00:00,0.001343
2024-10-21 06:00:00,0.001221
2024-10-21 07:00:00,0.004791
2024-10-21 08:00:00,0.005005
2024-10-21 09:00:00,0.003510
2024-10-21 10:00:00,0.001465
2024-10-21 11:00:00,0.001007
2024-10-21 12:00:00,0.000244
2024-10-21 13:00:00,0.000244
2024-10-21 14:00:00,0.000183
2024-10-21 15:00:00,0.000153
2024-10-21 16:00:00,0.000183
2024-10-21 17:00:00,0.000977
2024-10-21 18:00:00,0.003235
2024-10-21 19:00:00,0.006042
2024-10-21 20:00:00,0.008789
2024-10-21 21:00:00,0.009583
2024-10-21 22:00:00,0.005859
2024-10-21 23:00:00,0.004120
2024-10-22 00:00:00,0.002991
2024-10-22 01:00:00,0.002258
2024-10-22 02:00:00,0.001770
2024-10-22 03:00:00,0.001526
2024-10-22 04:00:00,0.001282
2024-10-22 05:00:00,0.001099
2024-10-22 06:00:00,0.001099
2024-10-22 07:00:00,0.000488
2024-10-22 08:00:00,0.000244
2024-10-22 09:00:00,0.000458
2024-10-22 10:00:00,0.000092
2024-10-22 11:00:00,0.000183
2024-10-22 12:00:00,0.000092
2024-10-22 13:00:00,0.000153
2024-10-22 14:00:00,0.000427
2024-10-22 15:00:00,0.001251
2024-10-22 16:00:00,0.001862
2024-10-22 17:00:00,0.002930
2024-10-22 18:00:00,0.005890
2024-10-22 19:00:00,0.008545
2024-10-22 20:00:00,0.008484
2024-10-22 21:00:00,0.006775
2024-10-22 22:00:00,0.001953
2024-10-22 23:00:00,0.001434
2024-10-23 00:00:00,0.001099
2024-10-23 01:00:00,0.000549
2024-10-23 02:00:00,0.000122
2024-10-23 03:00:00,0.000031
2024-10-23 04:00:00,0.000000
2024-10-23 05:00:00,0.000000
2024-10-23 06:00:00,0.000854
2024-10-23 07:00:00,0.010803
2024-10-23 08:00:00,0.018616
2024-10-23 09:00:00,0.105469
2024-10-23 10:00:00,0.051575
2024-10-23 11:00:00,0.027283
2024-10-23 12:00:00,0.004150
2024-10-23 13:00:00,0.000977
2024-10-23 14:00:00,0.000397
2024-10-23 15:00:00,0.000244
2024-10-23 16:00:00,0.000153
2024-10-23 17:00:00,0.000061
2024-10-23 18:00:00,0.000000
2024-10-23 19:00:00,0.000000
2024-10-23 20:00:00,0.000000
2024-10-23 21:00:00,0.000000
2024-10-23 22:00:00,0.000000
2024-10-23 23:00:00,0.000000
2024-10-24 00:00:00,0.000000
2024-10-24 01:00:00,0.000000
2024-10-24 02:00:00,0.000000
2024-10-24 03:00:00,0.000000
2024-10-24 04:00:00,0.000000
2024-10-24 05:00:00,0.000000
2024-10-24 06:00:00,0.000000
2024-10-24 07:00:00,0.000000
2024-10-24 08:00:00,0.000000
2024-10-24 09:00:00,0.000000
2024-10-24 10:00:00,0.000000
2024-10-24 11:00:00,0.000000
2024-10-24 12:00:00,0.000000
2024-10-24 13:00:00,0.000000
2024-10-24 14:00:00,0.000000
2024-10-24 15:00:00,0.000000
2024-10-24 16:00:00,0.000000
2024-10-24 17:00:00,0.000000
2024-10-24 18:00:00,0.000000
2024-10-24 19:00:00,0.000000
2024-10-24 20:00:00,0.000000
2024-10-24 21:00:00,0.000000
2024-10-24 22:00:00,0.000000
2024-10-24 23:00:00,0.000000
2024-10-25 00:00:00,0.000000
2024-10-25 01:00:00,0.000000
2024-10-25 02:00:00,0.000000
2024-10-25 03:00:00,0.000000
2024-10-25 04:00:00,0.000000
2024-10-25 05:00:00,0.000000
2024-10-25 06:00:00,0.000000
2024-10-25 07:00:00,0.000000
2024-10-25 08:00:00,0.000000
2024-10-25 09:00:00,0.000000
2024-10-25 10:00:00,0.000000
2024-10-25 11:00:00,0.000000
2024-10-25 12:00:00,0.000000
2024-10-25 13:00:00,0.000000
2024-10-25 14:00:00,0.000000
2024-10-25 15:00:00,0.000000
2024-10-25 16:00:00,0.000000
2024-10-25 17:00:00,0.000000
2024-10-25 18:00:00,0.000000
2024-10-25 19:00:00,0.000000
2024-10-25 20:00:00,0.000000
2024-10-25 21:00:00,0.000000
2024-10-25 22:00:00,0.000000
2024-10-25 23:00:00,0.000000
2024-10-26 00:00:00,0.000000
2024-10-26 01:00:00,0.000000
2024-10-26 02:00:00,0.000000
2024-10-26 03:00:00,0.000000
2024-10-26 04:00:00,0.000000
2024-10-26 05:00:00,0.000000
2024-10-26 06:00:00,0.000000
2024-10-26 07:00:00,0.000000
2024-10-26 08:00:00,0.000000
2024-10-26 09:00:00,0.000000
2024-10-26 10:00:00,0.000000
2024-10-26 11:00:00,0.000000
2024-10-26 12:00:00,0.000000
2024-10-26 13:00:00,0.000061
2024-10-26 14:00:00,0.000061
2024-10-26 15:00:00,0.000000
2024-10-26 16:00:00,0.000000
2024-10-26 17:00:00,0.000000
2024-10-26 18:00:00,0.000000
2024-10-26 19:00:00,0.000000
2024-10-26 20:00:00,0.000000
2024-10-26 21:00:00,0.000000
2024-10-26 22:00:00,0.000000
2024-10-26 23:00:00,0.000000
2024-10-27 00:00:00,0.000000
2024-10-27 01:00:00,0.000000
2024-10-27 02:00:00,0.000000
2024-10-27 03:00:00,0.000000
2024-10-27 04:00:00,0.000000
2024-10-27 05:00:00,0.000000
2024-10-27 06:00:00,0.000427
2024-10-27 07:00:00,0.000671
2024-10-27 08:00:00,0.000671
2024-10-27 09:00:00,0.000244
2024-10-27 10:00:00,0.000854
2024-10-27 11:00:00,0.000977
2024-10-27 12:00:00,0.001465
2024-10-27 13:00:00,0.001709
2024-10-27 14:00:00,0.001404
2024-10-27 15:00:00,0.000610
2024-10-27 16:00:00,0.000214
2024-10-27 17:00:00,0.000122
2024-10-27 18:00:00,0.000183
2024-10-27 19:00:00,0.000244
2024-10-27 20:00:00,0.000305
2024-10-27 21:00:00,0.000244
2024-10-27 22:00:00,0.000183
2024-10-27 23:00:00,0.000488
2024-10-28 00:00:00,0.000763
2024-10-28 01:00:00,0.000916
2024-10-28 02:00:00,0.000885
2024-10-28 03:00:00,0.000854
2024-10-28 04:00:00,0.000702
2024-10-28 05:00:00,0.000732
2024-10-28 06:00:00,0.001526
2024-10-28 07:00:00,0.002075
2024-10-28 08:00:00,0.002747
2024-10-28 09:00:00,0.001526
2024-10-28 10:00:00,0.010864
2024-10-28 11:00:00,0.006683
2024-10-28 12:00:00,0.002991
2024-10-28 13:00:00,0.000549
2024-10-28 14:00:00,0.000031
2024-10-28 15:00:00,0.000000
2024-10-28 16:00:00,0.000000
2024-10-28 17:00:00,0.000000
2024-10-28 18:00:00,0.000000
2024-10-28 19:00:00,0.000000
2024-10-28 20:00:00,0.000000
2024-10-28 21:00:00,0.000000
2024-10-28 22:00:00,0.000000
2024-10-28 23:00:00,0.000000
2024-10-29 00:00:00,0.000000
2024-10-29 01:00:00,0.000000
2024-10-29 02:00:00,0.000000
2024-10-29 03:00:00,0.000000
2024-10-29 04:00:00,0.000000
2024-10-29 05:00:00,0.000000
2024-10-29 06:00:00,0.000000
2024-10-29 07:00:00,0.000000
2024-10-29 08:00:00,0.000000
2024-10-29 09:00:00,0.000000
2024-10-29 10:00:00,0.000366
2024-10-29 11:00:00,0.001282
2024-10-29 12:00:00,0.000732
2024-10-29 13:00:00,0.000244
2024-10-29 14:00:00,0.000244
2024-10-29 15:00:00,0.000244
2024-10-29 16:00:00,0.000244
2024-10-29 17:00:00,0.000244
2024-10-29 18:00:00,0.000244
2024-10-29 19:00:00,0.000244
2024-10-29 20:00:00,0.000244
2024-10-29 21:00:00,0.000183
2024-10-29 22:00:00,0.000000
2024-10-29 23:00:00,0.000000
2024-10-30 00:00:00,0.000061
2024-10-30 01:00:00,0.000061
2024-10-30 02:00:00,0.000000
2024-10-30 03:00:00,0.000000
2024-10-30 04:00:00,0.000000
2024-10-30 05:00:00,0.000000
2024-10-30 06:00:00,0.000000
2024-10-30 07:00:00,0.000000
2024-10-30 08:00:00,0.023804
2024-10-30 09:00:00,0.002045
2024-10-30 10:00:00,0.000305
2024-10-30 11:00:00,0.000122
2024-10-30 12:00:00,0.001038
2024-10-30 13:00:00,0.002441
2024-10-30 14:00:00,0.002930
2024-10-30 15:00:00,0.002136
2024-10-30 16:00:00,0.001038
2024-10-30 17:00:00,0.000549
2024-10-30 18:00:00,0.000244
2024-10-30 19:00:00,0.000122
2024-10-30 20:00:00,0.000061
2024-10-30 21:00:00,0.000000
2024-10-30 22:00:00,0.000000
2024-10-30 23:00:00,0.000000
2024-10-31 00:00:00,0.000000
2024-10-31 01:00:00,0.000000
2024-10-31 02:00:00,0.000000
2024-10-31 03:00:00,0.000000
2024-10-31 04:00:00,0.000000
2024-10-31 05:00:00,0.000000
2024-10-31 06:00:00,0.000000
2024-10-31 07:00:00,0.000000
2024-10-31 08:00:00,0.000000
2024-10-31 09:00:00,0.000000
2024-10-31 10:00:00,0.000000
2024-10-31 11:00:00,0.000000
2024-10-31 12:00:00,0.000000
2024-10-31 13:00:00,0.000000
2024-10-31 14:00:00,0.000000
2024-10-31 15:00:00,0.000000
2024-10-31 16:00:00,0.000000
2024-10-31 17:00:00,0.000000
2024-10-31 18:00:00,0.000000
2024-10-31 19:00:00,0.000000
2024-10-31 20:00:00,0.000000
2024-10-31 21:00:00,0.000000
2024-10-31 22:00:00,0.000000
2024-10-31 23:00:00,0.000000
2024-11-01 00:00:00,0.000000
2024-11-01 01:00:00,0.000000
2024-11-01 02:00:00,0.000000
2024-11-01 03:00:00,0.000000
2024-11-01 04:00:00,0.000000
2024-11-01 05:00:00,0.000000
2024-11-01 06:00:00,0.000000
2024-11-01 07:00:00,0.000000
2024-11-01 08:00:00,0.000000
2024-11-01 09:00:00,0.000000
2024-11-01 10:00:00,0.000000
2024-11-01 11:00:00,0.000000
2024-11-01 12:00:00,0.000000
2024-11-01 13:00:00,0.000000
2024-11-01 14:00:00,0.000000
2024-11-01 15:00:00,0.000000
2024-11-01 16:00:00,0.000000
2024-11-01 17:00:00,0.000000
2024-11-01 18:00:00,0.000000
2024-11-01 19:00:00,0.000000
2024-11-01 20:00:00,0.000000
2024-11-01 21:00:00,0.000000
2024-11-01 22:00:00,0.000000
2024-11-01 23:00:00,0.000000
2024-11-02 00:00:00,0.000000
2024-11-02 01:00:00,0.000000
2024-11-02 02:00:00,0.000000
2024-11-02 03:00:00,0.000000
2024-11-02 04:00:00,0.000000
2024-11-02 05:00:00,0.000000
2024-11-02 06:00:00,0.000000
2024-11-02 07:00:00,0.000000
2024-11-02 08:00:00,0.000000
2024-11-02 09:00:00,0.000000
2024-11-02 10:00:00,0.000000
2024-11-02 11:00:00,0.000000
2024-11-02 12:00:00,0.000061
2024-11-02 13:00:00,0.000000
2024-11-02 14:00:00,0.000000
2024-11-02 15:00:00,0.000000
2024-11-02 16:00:00,0.000000
2024-11-02 17:00:00,0.000000
2024-11-02 18:00:00,0.000000
2024-11-02 19:00:00,0.000000
2024-11-02 20:00:00,0.000000
2024-11-02 21:00:00,0.000000
2024-11-02 22:00:00,0.000000
2024-11-02 23:00:00,0.000000
2024-11-03 00:00:00,0.000000
2024-11-03 01:00:00,0.000000
2024-11-03 02:00:00,0.000000
2024-11-03 03:00:00,0.000000
2024-11-03 04:00:00,0.000000
2024-11-03 05:00:00,0.000000
2024-11-03 06:00:00,0.000000
2024-11-03 07:00:00,0.000000
2024-11-03 08:00:00,0.000000
2024-11-03 09:00:00,0.000000
2024-11-03 10:00:00,0.000000
2024-11-03 11:00:00,0.000000
2024-11-03 12:00:00,0.000000
2024-11-03 13:00:00,0.000000
2024-11-03 14:00:00,0.000000
2024-11-03 15:00:00,0.000000
2024-11-03 16:00:00,0.000000
2024-11-03 17:00:00,0.000000
2024-11-03 18:00:00,0.000000
2024-11-03 19:00:00,0.000000
2024-11-03 20:00:00,0.000000
2024-11-03 21:00:00,0.000000
2024-11-03 22:00:00,0.000000
2024-11-03 23:00:00,0.000000
2024-11-04 00:00:00,0.000000
2024-11-04 01:00:00,0.000000
2024-11-04 02:00:00,0.000000
2024-11-04 03:00:00,0.000000
2024-11-04 04:00:00,0.000000
2024-11-04 05:00:00,0.000000
2024-11-04 06:00:00,0.000000
2024-11-04 07:00:00,0.000000
2024-11-04 08:00:00,0.000000
2024-11-04 09:00:00,0.000000
2024-11-04 10:00:00,0.000000
2024-11-04 11:00:00,0.000000
2024-11-04 12:00:00,0.000000
2024-11-04 13:00:00,0.000000
2024-11-04 14:00:00,0.000000
2024-11-04 15:00:00,0.000000
2024-11-04 16:00:00,0.000000
2024-11-04 17:00:00,0.000000
2024-11-04 18:00:00,0.000000
2024-11-04 19:00:00,0.000000
2024-11-04 20:00:00,0.000000
2024-11-04 21:00:00,0.000000
2024-11-04 22:00:00,0.000000
2024-11-04 23:00:00,0.000000
2024-11-05 00:00:00,0.000000
2024-11-05 01:00:00,0.000000
2024-11-05 02:00:00,0.000000
2024-11-05 03:00:00,0.000061
2024-11-05 04:00:00,0.000122
2024-11-05 05:00:00,0.000153
2024-11-05 06:00:00,0.000244
2024-11-05 07:00:00,0.002014
2024-11-05 08:00:00,0.001282
2024-11-05 09:00:00,0.000336
2024-11-05 10:00:00,0.000031
2024-11-05 11:00:00,0.000092
2024-11-05 12:00:00,0.000305
2024-11-05 13:00:00,0.000366
2024-11-05 14:00:00,0.000397
2024-11-05 15:00:00,0.000366
2024-11-05 16:00:00,0.000214
2024-11-05 17:00:00,0.000122
2024-11-05 18:00:00,0.000092
2024-11-05 19:00:00,0.000061
2024-11-05 20:00:00,0.000122
2024-11-05 21:00:00,0.000153
2024-11-05 22:00:00,0.000000
2024-11-05 23:00:00,0.000000
2024-11-06 00:00:00,0.000458
2024-11-06 01:00:00,0.005188
2024-11-06 02:00:00,0.009308
2024-11-06 03:00:00,0.004303
2024-11-06 04:00:00,0.000488
2024-11-06 05:00:00,0.000732
2024-11-06 06:00:00,0.005859
2024-11-06 07:00:00,0.007019
2024-11-06 08:00:00,0.007416
2024-11-06 09:00:00,0.006042
2024-11-06 10:00:00,0.003662
2024-11-06 11:00:00,0.003357
2024-11-06 12:00:00,0.003082
2024-11-06 13:00:00,0.003296
2024-11-06 14:00:00,0.003540
2024-11-06 15:00:00,0.003174
2024-11-06 16:00:00,0.002136
2024-11-06 17:00:00,0.001099
2024-11-06 18:00:00,0.000641
2024-11-06 19:00:00,0.000488
2024-11-06 20:00:00,0.000488
2024-11-06 21:00:00,0.000580
2024-11-06 22:00:00,0.000061
2024-11-06 23:00:00,0.000061
2024-11-07 00:00:00,0.000183
2024-11-07 01:00:00,0.000427
2024-11-07 02:00:00,0.000793
2024-11-07 03:00:00,0.001160
2024-11-07 04:00:00,0.001648
2024-11-07 05:00:00,0.002075
2024-11-07 06:00:00,0.006531
2024-11-07 07:00:00,0.014099
2024-11-07 08:00:00,0.016235
2024-11-07 09:00:00,0.014465
2024-11-07 10:00:00,0.004120
2024-11-07 11:00:00,0.005310
2024-11-07 12:00:00,0.008423
2024-11-07 13:00:00,0.012146
2024-11-07 14:00:00,0.013855
2024-11-07 15:00:00,0.010193
2024-11-07 16:00:00,0.005341
2024-11-07 17:00:00,0.003052
2024-11-07 18:00:00,0.002350
2024-11-07 19:00:00,0.001953
2024-11-07 20:00:00,0.001709
2024-11-07 21:00:00,0.001709
2024-11-07 22:00:00,0.000122
2024-11-07 23:00:00,0.000244
2024-11-08 00:00:00,0.000275
2024-11-08 01:00:00,0.000427
2024-11-08 02:00:00,0.000549
2024-11-08 03:00:00,0.000732
2024-11-08 04:00:00,0.000916
2024-11-08 05:00:00,0.000916
2024-11-08 06:00:00,0.001892
2024-11-08 07:00:00,0.005127
2024-11-08 08:00:00,0.010254
2024-11-08 09:00:00,0.012146
2024-11-08 10:00:00,0.008179
2024-11-08 11:00:00,0.004211
2024-11-08 12:00:00,0.005280
2024-11-08 13:00:00,0.006561
2024-11-08 14:00:00,0.007233
2024-11-08 15:00:00,0.006866
2024-11-08 16:00:00,0.005676
2024-11-08 17:00:00,0.004761
2024-11-08 18:00:00,0.004272
2024-11-08 19:00:00,0.003601
2024-11-08 20:00:00,0.002991
2024-11-08 21:00:00,0.002502
2024-11-08 22:00:00,0.001648
2024-11-08 23:00:00,0.001404
2024-11-09 00:00:00,0.001404
2024-11-09 01:00:00,0.001587
2024-11-09 02:00:00,0.001678
2024-11-09 03:00:00,0.001770
2024-11-09 04:00:00,0.001587
2024-11-09 05:00:00,0.001465
2024-11-09 06:00:00,0.001160
2024-11-09 07:00:00,0.056824
2024-11-09 08:00:00,0.077637
2024-11-09 09:00:00,0.083435
2024-11-09 10:00:00,0.031219
2024-11-09 11:00:00,0.009888
2024-11-09 12:00:00,0.005096
2024-11-09 13:00:00,0.003296
2024-11-09 14:00:00,0.002319
2024-11-09 15:00:00,0.001556
2024-11-09 16:00:00,0.001129
2024-11-09 17:00:00,0.000824
2024-11-09 18:00:00,0.000580
2024-11-09 19:00:00,0.000427
2024-11-09 20:00:00,0.000336
2024-11-09 21:00:00,0.000275
2024-11-09 22:00:00,0.000061
2024-11-09 23:00:00,0.000031
2024-11-10 00:00:00,0.000031
2024-11-10 01:00:00,0.000000
2024-11-10 02:00:00,0.000000
2024-11-10 03:00:00,0.000000
2024-11-10 04:00:00,0.000000
2024-11-10 05:00:00,0.000000
2024-11-10 06:00:00,0.000000
2024-11-10 07:00:00,0.000000
2024-11-10 08:00:00,0.000305
2024-11-10 09:00:00,0.001282
2024-11-10 10:00:00,0.007385
2024-11-10 11:00:00,0.007446
2024-11-10 12:00:00,0.008789
2024-11-10 13:00:00,0.009583
2024-11-10 14:00:00,0.007385
2024-11-10 15:00:00,0.010010
2024-11-10 16:00:00,0.015625
2024-11-10 17:00:00,0.030945
2024-11-10 18:00:00,0.051453
2024-11-10 19:00:00,0.072632
2024-11-10 20:00:00,0.080627
2024-11-10 21:00:00,0.113495
2024-11-10 22:00:00,0.104858
2024-11-10 23:00:00,0.105957
2024-11-11 00:00:00,0.098358
2024-11-11 01:00:00,0.083923
2024-11-11 02:00:00,0.054688
2024-11-11 03:00:00,0.023376
2024-11-11 04:00:00,0.008331
2024-11-11 05:00:00,0.005157
2024-11-11 06:00:00,0.018555
2024-11-11 07:00:00,0.020020
2024-11-11 08:00:00,0.013672
2024-11-11 09:00:00,0.006317
2024-11-11 10:00:00,0.012634
2024-11-11 11:00:00,0.015137
2024-11-11 12:00:00,0.014679
2024-11-11 13:00:00,0.011292
2024-11-11 14:00:00,0.007446
2024-11-11 15:00:00,0.002686
2024-11-11 16:00:00,0.001221
2024-11-11 17:00:00,0.000488
2024-11-11 18:00:00,0.000305
2024-11-11 19:00:00,0.000305
2024-11-11 20:00:00,0.000305
2024-11-11 21:00:00,0.000244
2024-11-11 22:00:00,0.000000
2024-11-11 23:00:00,0.000000
2024-11-12 00:00:00,0.000427
2024-11-12 01:00:00,0.007080
2024-11-12 02:00:00,0.019531
2024-11-12 03:00:00,0.011230
2024-11-12 04:00:00,0.000061
2024-11-12 05:00:00,0.000000
2024-11-12 06:00:00,0.002869
2024-11-12 07:00:00,0.001526
2024-11-12 08:00:00,0.010498
2024-11-12 09:00:00,0.013123
2024-11-12 10:00:00,0.008240
2024-11-12 11:00:00,0.004639
2024-11-12 12:00:00,0.001282
2024-11-12 13:00:00,0.000305
2024-11-12 14:00:00,0.000122
2024-11-12 15:00:00,0.000000
2024-11-12 16:00:00,0.000000
2024-11-12 17:00:00,0.000000
2024-11-12 18:00:00,0.000000
2024-11-12 19:00:00,0.000000
2024-11-12 20:00:00,0.000000
2024-11-12 21:00:00,0.000000
2024-11-12 22:00:00,0.000000
2024-11-12 23:00:00,0.000000
2024-11-13 00:00:00,0.000000
2024-11-13 01:00:00,0.000000
2024-11-13 02:00:00,0.000000
2024-11-13 03:00:00,0.000000
2024-11-13 04:00:00,0.000000
2024-11-13 05:00:00,0.005859
2024-11-13 06:00:00,0.005493
2024-11-13 07:00:00,0.001831
2024-11-13 08:00:00,0.001221
2024-11-13 09:00:00,0.000183
2024-11-13 10:00:00,0.000244
2024-11-13 11:00:00,0.000061
2024-11-13 12:00:00,0.000000
2024-11-13 13:00:00,0.000000
2024-11-13 14:00:00,0.000000
2024-11-13 15:00:00,0.000000
2024-11-13 16:00:00,0.000000
2024-11-13 17:00:00,0.000000
2024-11-13 18:00:00,0.000000
2024-11-13 19:00:00,0.000000
2024-11-13 20:00:00,0.000000
2024-11-13 21:00:00,0.000000
2024-11-13 22:00:00,0.000000
2024-11-13 23:00:00,0.000000
2024-11-14 00:00:00,0.000214
2024-11-14 01:00:00,0.003265
2024-11-14 02:00:00,0.014893
2024-11-14 03:00:00,0.012573
2024-11-14 04:00:00,0.000427
2024-11-14 05:00:00,0.000305
2024-11-14 06:00:00,0.000061
2024-11-14 07:00:00,0.006897
2024-11-14 08:00:00,0.011475
2024-11-14 09:00:00,0.014313
2024-11-14 10:00:00,0.006226
2024-11-14 11:00:00,0.003296
2024-11-14 12:00:00,0.001587
2024-11-14 13:00:00,0.000671
2024-11-14 14:00:00,0.000336
2024-11-14 15:00:00,0.000122
2024-11-14 16:00:00,0.000000
2024-11-14 17:00:00,0.000000
2024-11-14 18:00:00,0.000000
2024-11-14 19:00:00,0.000000
2024-11-14 20:00:00,0.000000
2024-11-14 21:00:00,0.000000
2024-11-14 22:00:00,0.000000
2024-11-14 23:00:00,0.000000
2024-11-15 00:00:00,0.000793
2024-11-15 01:00:00,0.002991
2024-11-15 02:00:00,0.007996
2024-11-15 03:00:00,0.001953
2024-11-15 04:00:00,0.000366
2024-11-15 05:00:00,0.000061
2024-11-15 06:00:00,0.017944
2024-11-15 07:00:00,0.033875
2024-11-15 08:00:00,0.040192
2024-11-15 09:00:00,0.047363
2024-11-15 10:00:00,0.011932
2024-11-15 11:00:00,0.003204
2024-11-15 12:00:00,0.001801
2024-11-15 13:00:00,0.000580
2024-11-15 14:00:00,0.000366
2024-11-15 15:00:00,0.000305
2024-11-15 16:00:00,0.000244
2024-11-15 17:00:00,0.000122
2024-11-15 18:00:00,0.000244
2024-11-15 19:00:00,0.000397
2024-11-15 20:00:00,0.000488
2024-11-15 21:00:00,0.000458
2024-11-15 22:00:00,0.000183
2024-11-15 23:00:00,0.000183
2024-11-16 00:00:00,0.000366
2024-11-16 01:00:00,0.000153
2024-11-16 02:00:00,0.000092
2024-11-16 03:00:00,0.000000
2024-11-16 04:00:00,0.000000
2024-11-16 05:00:00,0.000000
2024-11-16 06:00:00,0.000000
2024-11-16 07:00:00,0.000000
2024-11-16 08:00:00,0.002380
2024-11-16 09:00:00,0.041687
2024-11-16 10:00:00,0.030182
2024-11-16 11:00:00,0.004395
2024-11-16 12:00:00,0.001831
2024-11-16 13:00:00,0.004517
2024-11-16 14:00:00,0.006470
2024-11-16 15:00:00,0.008606
2024-11-16 16:00:00,0.009338
2024-11-16 17:00:00,0.009521
2024-11-16 18:00:00,0.010498
2024-11-16 19:00:00,0.010254
2024-11-16 20:00:00,0.008484
2024-11-16 21:00:00,0.005798
2024-11-16 22:00:00,0.002075
2024-11-16 23:00:00,0.000977
2024-11-17 00:00:00,0.001312
2024-11-17 01:00:00,0.001373
2024-11-17 02:00:00,0.000885
2024-11-17 03:00:00,0.000427
2024-11-17 04:00:00,0.000305
2024-11-17 05:00:00,0.000183
2024-11-17 06:00:00,0.034851
2024-11-17 07:00:00,0.044678
2024-11-17 08:00:00,0.018005
2024-11-17 09:00:00,0.009094
2024-11-17 10:00:00,0.004333
2024-11-17 11:00:00,0.010193
2024-11-17 12:00:00,0.028625
2024-11-17 13:00:00,0.019043
2024-11-17 14:00:00,0.006683
2024-11-17 15:00:00,0.001038
2024-11-17 16:00:00,0.000427
2024-11-17 17:00:00,0.000427
2024-11-17 18:00:00,0.001099
2024-11-17 19:00:00,0.002380
2024-11-17 20:00:00,0.004730
2024-11-17 21:00:00,0.013550
2024-11-17 22:00:00,0.007446
2024-11-17 23:00:00,0.014832
2024-11-18 00:00:00,0.012024
2024-11-18 01:00:00,0.007172
2024-11-18 02:00:00,0.004150
2024-11-18 03:00:00,0.001831
2024-11-18 04:00:00,0.000916
2024-11-18 05:00:00,0.030945
2024-11-18 06:00:00,0.017914
2024-11-18 07:00:00,0.013367
2024-11-18 08:00:00,0.014221
2024-11-18 09:00:00,0.007141
2024-11-18 10:00:00,0.006592
2024-11-18 11:00:00,0.002808
2024-11-18 12:00:00,0.000488
2024-11-18 13:00:00,0.000061
2024-11-18 14:00:00,0.000000
2024-11-18 15:00:00,0.000000
2024-11-18 16:00:00,0.000061
2024-11-18 17:00:00,0.000244
2024-11-18 18:00:00,0.000549
2024-11-18 19:00:00,0.000610
2024-11-18 20:00:00,0.000366
2024-11-18 21:00:00,0.000244
2024-11-18 22:00:00,0.000183
2024-11-18 23:00:00,0.000061
2024-11-19 00:00:00,0.000000
2024-11-19 01:00:00,0.000000
2024-11-19 02:00:00,0.000000
2024-11-19 03:00:00,0.000000
2024-11-19 04:00:00,0.000000
2024-11-19 05:00:00,0.000000
2024-11-19 06:00:00,0.000000
2024-11-19 07:00:00,0.000183
2024-11-19 08:00:00,0.000092
2024-11-19 09:00:00,0.000000
2024-11-19 10:00:00,0.000000
2024-11-19 11:00:00,0.000000
2024-11-19 12:00:00,0.000000
2024-11-19 13:00:00,0.000000
2024-11-19 14:00:00,0.000000
2024-11-19 15:00:00,0.000000
2024-11-19 16:00:00,0.000000
2024-11-19 17:00:00,0.000000
2024-11-19 18:00:00,0.000000
2024-11-19 19:00:00,0.000000
2024-11-19 20:00:00,0.000000
2024-11-19 21:00:00,0.000000
2024-11-19 22:00:00,0.000000
2024-11-19 23:00:00,0.000000
2024-11-20 00:00:00,0.000000
2024-11-20 01:00:00,0.000000
2024-11-20 02:00:00,0.000000
2024-11-20 03:00:00,0.000000
2024-11-20 04:00:00,0.000000
2024-11-20 05:00:00,0.000000
2024-11-20 06:00:00,0.000000
2024-11-20 07:00:00,0.000000
2024-11-20 08:00:00,0.000000
2024-11-20 09:00:00,0.000000
2024-11-20 10:00:00,0.000000
2024-11-20 11:00:00,0.000000
2024-11-20 12:00:00,0.000000
2024-11-20 13:00:00,0.000000
2024-11-20 14:00:00,0.000000
2024-11-20 15:00:00,0.000000
2024-11-20 16:00:00,0.000000
2024-11-20 17:00:00,0.000000
2024-11-20 18:00:00,0.000000
2024-11-20 19:00:00,0.000000
2024-11-20 20:00:00,0.000000
2024-11-20 21:00:00,0.000000
2024-11-20 22:00:00,0.000000
2024-11-20 23:00:00,0.000000
2024-11-21 00:00:00,0.000000
2024-11-21 01:00:00,0.000000
2024-11-21 02:00:00,0.000000
2024-11-21 03:00:00,0.000000
2024-11-21 04:00:00,0.000000
2024-11-21 05:00:00,0.000000
2024-11-21 06:00:00,0.000000
2024-11-21 07:00:00,0.000000
2024-11-21 08:00:00,0.000000
2024-11-21 09:00:00,0.000000
2024-11-21 10:00:00,0.000000
2024-11-21 11:00:00,0.000000
2024-11-21 12:00:00,0.000000
2024-11-21 13:00:00,0.000000
2024-11-21 14:00:00,0.000000
2024-11-21 15:00:00,0.000000
2024-11-21 16:00:00,0.000000
2024-11-21 17:00:00,0.000000
2024-11-21 18:00:00,0.000000
2024-11-21 19:00:00,0.000000
2024-11-21 20:00:00,0.000000
2024-11-21 21:00:00,0.000000
2024-11-21 22:00:00,0.000000
2024-11-21 23:00:00,0.000000
2024-11-22 00:00:00,0.000000
2024-11-22 01:00:00,0.000031
2024-11-22 02:00:00,0.000031
2024-11-22 03:00:00,0.000031
2024-11-22 04:00:00,0.000000
2024-11-22 05:00:00,0.000000
2024-11-22 06:00:00,0.000000
2024-11-22 07:00:00,0.000000
2024-11-22 08:00:00,0.000000
2024-11-22 09:00:00,0.000000
2024-11-22 10:00:00,0.000000
2024-11-22 11:00:00,0.000000
2024-11-22 12:00:00,0.000000
2024-11-22 13:00:00,0.000000
2024-11-22 14:00:00,0.000000
2024-11-22 15:00:00,0.000000
2024-11-22 16:00:00,0.000000
2024-11-22 17:00:00,0.000000
2024-11-22 18:00:00,0.000000
2024-11-22 19:00:00,0.000000
2024-11-22 20:00:00,0.000000
2024-11-22 21:00:00,0.000000
2024-11-22 22:00:00,0.000000
2024-11-22 23:00:00,0.000000
2024-11-23 00:00:00,0.000000
2024-11-23 01:00:00,0.000000
2024-11-23 02:00:00,0.000000
2024-11-23 03:00:00,0.000000
2024-11-23 04:00:00,0.000000
2024-11-23 05:00:00,0.000000
2024-11-23 06:00:00,0.000000
2024-11-23 07:00:00,0.000000
2024-11-23 08:00:00,0.000000
2024-11-23 09:00:00,0.000000
2024-11-23 10:00:00,0.000031
2024-11-23 11:00:00,0.000122
2024-11-23 12:00:00,0.000061
2024-11-23 13:00:00,0.000000
2024-11-23 14:00:00,0.000000
2024-11-23 15:00:00,0.000000
2024-11-23 16:00:00,0.000000
2024-11-23 17:00:00,0.000000
2024-11-23 18:00:00,0.000000
2024-11-23 19:00:00,0.000000
2024-11-23 20:00:00,0.000000
2024-11-23 21:00:00,0.000000
2024-11-23 22:00:00,0.000000
2024-11-23 23:00:00,0.000000
2024-11-24 00:00:00,0.000000
2024-11-24 01:00:00,0.000092
2024-11-24 02:00:00,0.000061
2024-11-24 03:00:00,0.000000
2024-11-24 04:00:00,0.000000
2024-11-24 05:00:00,0.000000
2024-11-24 06:00:00,0.000000
2024-11-24 07:00:00,0.000000
2024-11-24 08:00:00,0.000000
2024-11-24 09:00:00,0.000000
2024-11-24 10:00:00,0.000000
2024-11-24 11:00:00,0.000000
2024-11-24 12:00:00,0.000000
2024-11-24 13:00:00,0.000000
2024-11-24 14:00:00,0.000000
2024-11-24 15:00:00,0.000000
2024-11-24 16:00:00,0.000000
2024-11-24 17:00:00,0.000000
2024-11-24 18:00:00,0.000000
2024-11-24 19:00:00,0.000000
2024-11-24 20:00:00,0.000000
2024-11-24 21:00:00,0.000000
2024-11-24 22:00:00,0.000000
2024-11-24 23:00:00,0.000000
2024-11-25 00:00:00,0.000000
2024-11-25 01:00:00,0.000000
2024-11-25 02:00:00,0.000000
2024-11-25 03:00:00,0.000000
2024-11-25 04:00:00,0.000000
2024-11-25 05:00:00,0.000000
2024-11-25 06:00:00,0.000000
2024-11-25 07:00:00,0.000549
2024-11-25 08:00:00,0.001770
2024-11-25 09:00:00,0.001526
2024-11-25 10:00:00,0.004578
2024-11-25 11:00:00,0.001587
2024-11-25 12:00:00,0.000610
2024-11-25 13:00:00,0.000122
2024-11-25 14:00:00,0.000000
2024-11-25 15:00:00,0.000000
2024-11-25 16:00:00,0.000000
2024-11-25 17:00:00,0.000000
2024-11-25 18:00:00,0.000000
2024-11-25 19:00:00,0.000000
2024-11-25 20:00:00,0.000000
2024-11-25 21:00:00,0.000000
2024-11-25 22:00:00,0.000000
2024-11-25 23:00:00,0.000000
2024-11-26 00:00:00,0.000000
2024-11-26 01:00:00,0.000000
2024-11-26 02:00:00,0.000000
2024-11-26 03:00:00,0.000000
2024-11-26 04:00:00,0.000000
2024-11-26 05:00:00,0.000000
2024-11-26 06:00:00,0.000000
2024-11-26 07:00:00,0.000000
2024-11-26 08:00:00,0.000000
2024-11-26 09:00:00,0.000000
2024-11-26 10:00:00,0.000000
2024-11-26 11:00:00,0.000000
2024-11-26 12:00:00,0.000000
2024-11-26 13:00:00,0.000000
2024-11-26 14:00:00,0.000000
2024-11-26 15:00:00,0.000000
2024-11-26 16:00:00,0.000000
2024-11-26 17:00:00,0.000000
2024-11-26 18:00:00,0.000000
2024-11-26 19:00:00,0.000000
2024-11-26 20:00:00,0.000000
2024-11-26 21:00:00,0.000000
2024-11-26 22:00:00,0.000000
2024-11-26 23:00:00,0.000000
2024-11-27 00:00:00,0.000000
2024-11-27 01:00:00,0.000000
2024-11-27 02:00:00,0.000000
2024-11-27 03:00:00,0.000000
2024-11-27 04:00:00,0.000000
2024-11-27 05:00:00,0.000000
2024-11-27 06:00:00,0.000000
2024-11-27 07:00:00,0.000000
2024-11-27 08:00:00,0.000000
2024-11-27 09:00:00,0.000000
2024-11-27 10:00:00,0.000000
2024-11-27 11:00:00,0.000000
2024-11-27 12:00:00,0.000000
2024-11-27 13:00:00,0.000000
2024-11-27 14:00:00,0.000000
2024-11-27 15:00:00,0.000000
2024-11-27 16:00:00,0.000000
2024-11-27 17:00:00,0.000000
2024-11-27 18:00:00,0.000000
2024-11-27 19:00:00,0.000000
2024-11-27 20:00:00,0.000000
2024-11-27 21:00:00,0.000000
2024-11-27 22:00:00,0.000000
2024-11-27 23:00:00,0.000000
2024-11-28 00:00:00,0.000000
2024-11-28 01:00:00,0.000000
2024-11-28 02:00:00,0.000000
2024-11-28 03:00:00,0.000000
2024-11-28 04:00:00,0.000000
2024-11-28 05:00:00,0.000000
2024-11-28 06:00:00,0.000000
2024-11-28 07:00:00,0.000000
2024-11-28 08:00:00,0.000000
2024-11-28 09:00:00,0.000000
2024-11-28 10:00:00,0.000000
2024-11-28 11:00:00,0.000000
2024-11-28 12:00:00,0.000000
2024-11-28 13:00:00,0.000000
2024-11-28 14:00:00,0.000000
2024-11-28 15:00:00,0.000000
2024-11-28 16:00:00,0.000000
2024-11-28 17:00:00,0.000000
2024-11-28 18:00:00,0.000000
2024-11-28 19:00:00,0.000000
2024-11-28 20:00:00,0.000000
2024-11-28 21:00:00,0.000000
2024-11-28 22:00:00,0.000000
2024-11-28 23:00:00,0.000000
2024-11-29 00:00:00,0.000000
2024-11-29 01:00:00,0.000000
2024-11-29 02:00:00,0.001312
2024-11-29 03:00:00,0.000854
2024-11-29 04:00:00,0.000000
2024-11-29 05:00:00,0.000000
2024-11-29 06:00:00,0.000000
2024-11-29 07:00:00,0.000000
2024-11-29 08:00:00,0.000000
2024-11-29 09:00:00,0.000000
2024-11-29 10:00:00,0.000000
2024-11-29 11:00:00,0.000000
2024-11-29 12:00:00,0.000000
2024-11-29 13:00:00,0.000000
2024-11-29 14:00:00,0.000000
2024-11-29 15:00:00,0.000000
2024-11-29 16:00:00,0.000000
2024-11-29 17:00:00,0.000000
2024-11-29 18:00:00,0.000000
2024-11-29 19:00:00,0.000000
2024-11-29 20:00:00,0.000000
2024-11-29 21:00:00,0.000000
2024-11-29 22:00:00,0.000000
2024-11-29 23:00:00,0.000000
2024-11-30 00:00:00,0.000000
2024-11-30 01:00:00,0.000000
2024-11-30 02:00:00,0.000000
2024-11-30 03:00:00,0.000000
2024-11-30 04:00:00,0.000000
2024-11-30 05:00:00,0.000000
2024-11-30 06:00:00,0.000000
2024-11-30 07:00:00,0.000000
2024-11-30 08:00:00,0.000000
2024-11-30 09:00:00,0.000000
2024-11-30 10:00:00,0.000000
2024-11-30 11:00:00,0.000000
2024-11-30 12:00:00,0.000000
2024-11-30 13:00:00,0.000000
2024-11-30 14:00:00,0.000000
2024-11-30 15:00:00,0.000000
2024-11-30 16:00:00,0.000000
2024-11-30 17:00:00,0.000000
2024-11-30 18:00:00,0.000000
2024-11-30 19:00:00,0.000000
2024-11-30 20:00:00,0.000000
2024-11-30 21:00:00,0.000000
2024-11-30 22:00:00,0.000000
2024-11-30 23:00:00,0.000000
2024-12-01 00:00:00,0.000000
2024-12-01 01:00:00,0.000000
2024-12-01 02:00:00,0.000000
2024-12-01 03:00:00,0.000000
2024-12-01 04:00:00,0.000000
2024-12-01 05:00:00,0.000000
2024-12-01 06:00:00,0.000000
2024-12-01 07:00:00,0.000000
2024-12-01 08:00:00,0.000000
2024-12-01 09:00:00,0.000000
2024-12-01 10:00:00,0.000000
2024-12-01 11:00:00,0.000000
2024-12-01 12:00:00,0.000000
2024-12-01 13:00:00,0.000000
2024-12-01 14:00:00,0.000000
2024-12-01 15:00:00,0.000000
2024-12-01 16:00:00,0.000000
2024-12-01 17:00:00,0.000000
2024-12-01 18:00:00,0.000000
2024-12-01 19:00:00,0.000000
2024-12-01 20:00:00,0.000000
2024-12-01 21:00:00,0.000000
2024-12-01 22:00:00,0.000000
2024-12-01 23:00:00,0.000000
2024-12-02 00:00:00,0.000000
2024-12-02 01:00:00,0.000000
2024-12-02 02:00:00,0.000000
2024-12-02 03:00:00,0.000000
2024-12-02 04:00:00,0.000000
2024-12-02 05:00:00,0.000000
2024-12-02 06:00:00,0.000000
2024-12-02 07:00:00,0.000000
2024-12-02 08:00:00,0.000000
2024-12-02 09:00:00,0.000000
2024-12-02 10:00:00,0.000000
2024-12-02 11:00:00,0.000000
2024-12-02 12:00:00,0.000000
2024-12-02 13:00:00,0.000000
2024-12-02 14:00:00,0.000000
2024-12-02 15:00:00,0.000000
2024-12-02 16:00:00,0.000000
2024-12-02 17:00:00,0.000000
2024-12-02 18:00:00,0.000000
2024-12-02 19:00:00,0.000000
2024-12-02 20:00:00,0.000000
2024-12-02 21:00:00,0.000000
2024-12-02 22:00:00,0.000000
2024-12-02 23:00:00,0.000000
2024-12-03 00:00:00,0.000122
2024-12-03 01:00:00,0.000427
2024-12-03 02:00:00,0.000732
2024-12-03 03:00:00,0.000977
2024-12-03 04:00:00,0.001221
2024-12-03 05:00:00,0.001556
2024-12-03 06:00:00,0.002075
2024-12-03 07:00:00,0.002563
2024-12-03 08:00:00,0.002991
2024-12-03 09:00:00,0.003174
2024-12-03 10:00:00,0.000977
2024-12-03 11:00:00,0.000122
2024-12-03 12:00:00,0.000000
2024-12-03 13:00:00,0.000000
2024-12-03 14:00:00,0.000000
2024-12-03 15:00:00,0.000000
2024-12-03 16:00:00,0.000000
2024-12-03 17:00:00,0.000000
2024-12-03 18:00:00,0.000000
2024-12-03 19:00:00,0.000000
2024-12-03 20:00:00,0.000000
2024-12-03 21:00:00,0.000000
2024-12-03 22:00:00,0.000000
2024-12-03 23:00:00,0.000000
2024-12-04 00:00:00,0.000000
2024-12-04 01:00:00,0.000000
2024-12-04 02:00:00,0.000000
2024-12-04 03:00:00,0.000000
2024-12-04 04:00:00,0.000000
2024-12-04 05:00:00,0.000000
2024-12-04 06:00:00,0.000000
2024-12-04 07:00:00,0.000000
2024-12-04 08:00:00,0.000000
2024-12-04 09:00:00,0.000000
2024-12-04 10:00:00,0.000000
2024-12-04 11:00:00,0.000000
2024-12-04 12:00:00,0.000000
2024-12-04 13:00:00,0.000000
2024-12-04 14:00:00,0.000000
2024-12-04 15:00:00,0.000000
2024-12-04 16:00:00,0.000000
2024-12-04 17:00:00,0.000000
2024-12-04 18:00:00,0.000000
2024-12-04 19:00:00,0.000000
2024-12-04 20:00:00,0.000000
2024-12-04 21:00:00,0.000000
2024-12-04 22:00:00,0.000000
2024-12-04 23:00:00,0.000000
2024-12-05 00:00:00,0.000000
2024-12-05 01:00:00,0.000000
2024-12-05 02:00:00,0.000000
2024-12-05 03:00:00,0.000000
2024-12-05 04:00:00,0.000000
2024-12-05 05:00:00,0.000000
2024-12-05 06:00:00,0.000000
2024-12-05 07:00:00,0.000000
2024-12-05 08:00:00,0.000000
2024-12-05 09:00:00,0.000000
2024-12-05 10:00:00,0.000000
2024-12-05 11:00:00,0.000000
2024-12-05 12:00:00,0.000000
2024-12-05 13:00:00,0.000000
2024-12-05 14:00:00,0.000000
2024-12-05 15:00:00,0.000000
2024-12-05 16:00:00,0.000000
2024-12-05 17:00:00,0.000000
2024-12-05 18:00:00,0.000000
2024-12-05 19:00:00,0.000000
2024-12-05 20:00:00,0.000000
2024-12-05 21:00:00,0.000000
2024-12-05 22:00:00,0.000000
2024-12-05 23:00:00,0.000000
2024-12-06 00:00:00,0.000000
2024-12-06 01:00:00,0.000000
2024-12-06 02:00:00,0.000000
2024-12-06 03:00:00,0.000000
2024-12-06 04:00:00,0.000000
2024-12-06 05:00:00,0.000000
2024-12-06 06:00:00,0.000000
2024-12-06 07:00:00,0.000000
2024-12-06 08:00:00,0.000000
2024-12-06 09:00:00,0.000000
2024-12-06 10:00:00,0.000000
2024-12-06 11:00:00,0.000000
2024-12-06 12:00:00,0.000000
2024-12-06 13:00:00,0.000000
2024-12-06 14:00:00,0.000000
2024-12-06 15:00:00,0.000000
2024-12-06 16:00:00,0.000000
2024-12-06 17:00:00,0.000000
2024-12-06 18:00:00,0.000000
2024-12-06 19:00:00,0.000000
2024-12-06 20:00:00,0.000000
2024-12-06 21:00:00,0.000000
2024-12-06 22:00:00,0.000000
2024-12-06 23:00:00,0.000000
2024-12-07 00:00:00,0.000000
2024-12-07 01:00:00,0.000000
2024-12-07 02:00:00,0.000000
2024-12-07 03:00:00,0.000000
2024-12-07 04:00:00,0.000000
2024-12-07 05:00:00,0.000000
2024-12-07 06:00:00,0.000000
2024-12-07 07:00:00,0.000000
2024-12-07 08:00:00,0.000000
2024-12-07 09:00:00,0.000000
2024-12-07 10:00:00,0.000000
2024-12-07 11:00:00,0.000000
2024-12-07 12:00:00,0.000000
2024-12-07 13:00:00,0.000000
2024-12-07 14:00:00,0.000000
2024-12-07 15:00:00,0.000000
2024-12-07 16:00:00,0.000000
2024-12-07 17:00:00,0.000000
2024-12-07 18:00:00,0.000000
2024-12-07 19:00:00,0.000000
2024-12-07 20:00:00,0.000000
2024-12-07 21:00:00,0.000000
2024-12-07 22:00:00,0.000000
2024-12-07 23:00:00,0.000000
2024-12-08 00:00:00,0.000000
2024-12-08 01:00:00,0.000000
2024-12-08 02:00:00,0.000000
2024-12-08 03:00:00,0.000000
2024-12-08 04:00:00,0.000305
2024-12-08 05:00:00,0.001953
2024-12-08 06:00:00,0.006287
2024-12-08 07:00:00,0.016785
2024-12-08 08:00:00,0.027893
2024-12-08 09:00:00,0.054504
2024-12-08 10:00:00,0.102234
2024-12-08 11:00:00,0.047119
2024-12-08 12:00:00,0.031555
2024-12-08 13:00:00,0.012390
2024-12-08 14:00:00,0.010193
2024-12-08 15:00:00,0.004028
2024-12-08 16:00:00,0.005310
2024-12-08 17:00:00,0.010864
2024-12-08 18:00:00,0.013245
2024-12-08 19:00:00,0.021790
2024-12-08 20:00:00,0.010986
2024-12-08 21:00:00,0.002563
2024-12-08 22:00:00,0.001099
2024-12-08 23:00:00,0.000305
2024-12-09 00:00:00,0.000061
2024-12-09 01:00:00,0.000122
2024-12-09 02:00:00,0.000488
2024-12-09 03:00:00,0.000244
2024-12-09 04:00:00,0.000061
2024-12-09 05:00:00,0.000061
2024-12-09 06:00:00,0.000061
2024-12-09 07:00:00,0.000061
2024-12-09 08:00:00,0.000000
2024-12-09 09:00:00,0.001526
2024-12-09 10:00:00,0.000916
2024-12-09 11:00:00,0.001587
2024-12-09 12:00:00,0.000397
2024-12-09 13:00:00,0.000000
2024-12-09 14:00:00,0.000000
2024-12-09 15:00:00,0.000000
2024-12-09 16:00:00,0.000000
2024-12-09 17:00:00,0.000000
2024-12-09 18:00:00,0.000000
2024-12-09 19:00:00,0.000000
2024-12-09 20:00:00,0.000000
2024-12-09 21:00:00,0.000000
2024-12-09 22:00:00,0.000000
2024-12-09 23:00:00,0.000000
2024-12-10 00:00:00,0.000000
2024-12-10 01:00:00,0.000000
2024-12-10 02:00:00,0.000000
2024-12-10 03:00:00,0.000000
2024-12-10 04:00:00,0.000000
2024-12-10 05:00:00,0.000000
2024-12-10 06:00:00,0.000000
2024-12-10 07:00:00,0.000000
2024-12-10 08:00:00,0.000000
2024-12-10 09:00:00,0.000000
2024-12-10 10:00:00,0.000000
2024-12-10 11:00:00,0.000000
2024-12-10 12:00:00,0.000000
2024-12-10 13:00:00,0.000000
2024-12-10 14:00:00,0.000000
2024-12-10 15:00:00,0.000000
2024-12-10 16:00:00,0.000000
2024-12-10 17:00:00,0.000000
2024-12-10 18:00:00,0.000000
2024-12-10 19:00:00,0.000000
2024-12-10 20:00:00,0.000000
2024-12-10 21:00:00,0.000000
2024-12-10 22:00:00,0.000000
2024-12-10 23:00:00,0.000000
2024-12-11 00:00:00,0.000000
2024-12-11 01:00:00,0.000000
2024-12-11 02:00:00,0.000000
2024-12-11 03:00:00,0.000000
2024-12-11 04:00:00,0.000000
2024-12-11 05:00:00,0.000000
2024-12-11 06:00:00,0.000000
2024-12-11 07:00:00,0.000000
2024-12-11 08:00:00,0.000000
2024-12-11 09:00:00,0.000000
2024-12-11 10:00:00,0.000000
2024-12-11 11:00:00,0.000000
2024-12-11 12:00:00,0.000000
2024-12-11 13:00:00,0.000000
2024-12-11 14:00:00,0.000000
2024-12-11 15:00:00,0.000000
2024-12-11 16:00:00,0.000000
2024-12-11 17:00:00,0.000000
2024-12-11 18:00:00,0.000000
2024-12-11 19:00:00,0.000000
2024-12-11 20:00:00,0.000000
2024-12-11 21:00:00,0.000000
2024-12-11 22:00:00,0.000000
2024-12-11 23:00:00,0.000000
2024-12-12 00:00:00,0.000000
2024-12-12 01:00:00,0.000000
2024-12-12 02:00:00,0.000000
2024-12-12 03:00:00,0.000000
2024-12-12 04:00:00,0.000000
2024-12-12 05:00:00,0.000000
2024-12-12 06:00:00,0.000000
2024-12-12 07:00:00,0.000000
2024-12-12 08:00:00,0.000000
2024-12-12 09:00:00,0.000000
2024-12-12 10:00:00,0.000000
2024-12-12 11:00:00,0.000000
2024-12-12 12:00:00,0.000000
2024-12-12 13:00:00,0.000000
2024-12-12 14:00:00,0.000000
2024-12-12 15:00:00,0.000000
2024-12-12 16:00:00,0.000000
2024-12-12 17:00:00,0.000000
2024-12-12 18:00:00,0.000000
2024-12-12 19:00:00,0.000000
2024-12-12 20:00:00,0.000000
2024-12-12 21:00:00,0.000000
2024-12-12 22:00:00,0.000000
2024-12-12 23:00:00,0.000000
2024-12-13 00:00:00,0.000000
2024-12-13 01:00:00,0.000000
2024-12-13 02:00:00,0.000000
2024-12-13 03:00:00,0.000000
2024-12-13 04:00:00,0.000000
2024-12-13 05:00:00,0.000000
2024-12-13 06:00:00,0.000000
2024-12-13 07:00:00,0.000000
2024-12-13 08:00:00,0.000000
2024-12-13 09:00:00,0.000000
2024-12-13 10:00:00,0.000000
2024-12-13 11:00:00,0.000000
2024-12-13 12:00:00,0.000000
2024-12-13 13:00:00,0.000000
2024-12-13 14:00:00,0.000000
2024-12-13 15:00:00,0.000000
2024-12-13 16:00:00,0.000000
2024-12-13 17:00:00,0.000000
2024-12-13 18:00:00,0.000000
2024-12-13 19:00:00,0.000000
2024-12-13 20:00:00,0.000000
2024-12-13 21:00:00,0.000000
2024-12-13 22:00:00,0.000000
2024-12-13 23:00:00,0.000000
2024-12-14 00:00:00,0.000000
2024-12-14 01:00:00,0.000000
2024-12-14 02:00:00,0.000000
2024-12-14 03:00:00,0.000000
2024-12-14 04:00:00,0.000000
2024-12-14 05:00:00,0.000000
2024-12-14 06:00:00,0.000000
2024-12-14 07:00:00,0.000000
2024-12-14 08:00:00,0.000000
2024-12-14 09:00:00,0.000000
2024-12-14 10:00:00,0.000000
2024-12-14 11:00:00,0.000000
2024-12-14 12:00:00,0.000000
2024-12-14 13:00:00,0.000000
2024-12-14 14:00:00,0.000000
2024-12-14 15:00:00,0.000000
2024-12-14 16:00:00,0.000000
2024-12-14 17:00:00,0.000000
2024-12-14 18:00:00,0.000000
2024-12-14 19:00:00,0.000000
2024-12-14 20:00:00,0.000000
2024-12-14 21:00:00,0.000000
2024-12-14 22:00:00,0.000000
2024-12-14 23:00:00,0.000000
2024-12-15 00:00:00,0.000000
2024-12-15 01:00:00,0.000000
2024-12-15 02:00:00,0.000000
2024-12-15 03:00:00,0.000000
2024-12-15 04:00:00,0.000000
2024-12-15 05:00:00,0.000000
2024-12-15 06:00:00,0.000000
2024-12-15 07:00:00,0.000000
2024-12-15 08:00:00,0.000000
2024-12-15 09:00:00,0.000000
2024-12-15 10:00:00,0.000000
2024-12-15 11:00:00,0.000000
2024-12-15 12:00:00,0.000000
2024-12-15 13:00:00,0.000000
2024-12-15 14:00:00,0.000000
2024-12-15 15:00:00,0.000000
2024-12-15 16:00:00,0.000000
2024-12-15 17:00:00,0.000000
2024-12-15 18:00:00,0.000000
2024-12-15 19:00:00,0.000000
2024-12-15 20:00:00,0.000000
2024-12-15 21:00:00,0.000000
2024-12-15 22:00:00,0.000000
2024-12-15 23:00:00,0.000000
2024-12-16 00:00:00,0.000000
2024-12-16 01:00:00,0.000000
2024-12-16 02:00:00,0.000000
2024-12-16 03:00:00,0.000000
2024-12-16 04:00:00,0.000000
2024-12-16 05:00:00,0.000000
2024-12-16 06:00:00,0.000000
2024-12-16 07:00:00,0.000000
2024-12-16 08:00:00,0.000000
2024-12-16 09:00:00,0.000000
2024-12-16 10:00:00,0.000000
2024-12-16 11:00:00,0.000000
2024-12-16 12:00:00,0.000000
2024-12-16 13:00:00,0.000000
2024-12-16 14:00:00,0.000000
2024-12-16 15:00:00,0.000000
2024-12-16 16:00:00,0.000000
2024-12-16 17:00:00,0.000000
2024-12-16 18:00:00,0.000000
2024-12-16 19:00:00,0.000000
2024-12-16 20:00:00,0.000000
2024-12-16 21:00:00,0.000000
2024-12-16 22:00:00,0.000000
2024-12-16 23:00:00,0.000000
2024-12-17 00:00:00,0.000000
2024-12-17 01:00:00,0.000000
2024-12-17 02:00:00,0.000000
2024-12-17 03:00:00,0.000000
2024-12-17 04:00:00,0.000000
2024-12-17 05:00:00,0.000000
2024-12-17 06:00:00,0.000000
2024-12-17 07:00:00,0.000000
2024-12-17 08:00:00,0.000000
2024-12-17 09:00:00,0.000000
2024-12-17 10:00:00,0.000000
2024-12-17 11:00:00,0.000000
2024-12-17 12:00:00,0.000000
2024-12-17 13:00:00,0.000000
2024-12-17 14:00:00,0.000000
2024-12-17 15:00:00,0.000000
2024-12-17 16:00:00,0.000000
2024-12-17 17:00:00,0.000000
2024-12-17 18:00:00,0.000000
2024-12-17 19:00:00,0.000000
2024-12-17 20:00:00,0.000000
2024-12-17 21:00:00,0.000000
2024-12-17 22:00:00,0.000000
2024-12-17 23:00:00,0.000000
2024-12-18 00:00:00,0.000000
2024-12-18 01:00:00,0.000000
2024-12-18 02:00:00,0.000000
2024-12-18 03:00:00,0.000000
2024-12-18 04:00:00,0.000000
2024-12-18 05:00:00,0.000000
2024-12-18 06:00:00,0.000000
2024-12-18 07:00:00,0.000000
2024-12-18 08:00:00,0.000000
2024-12-18 09:00:00,0.000000
2024-12-18 10:00:00,0.000000
2024-12-18 11:00:00,0.000000
2024-12-18 12:00:00,0.000000
2024-12-18 13:00:00,0.000000
2024-12-18 14:00:00,0.000000
2024-12-18 15:00:00,0.000000
2024-12-18 16:00:00,0.000000
2024-12-18 17:00:00,0.000000
2024-12-18 18:00:00,0.000000
2024-12-18 19:00:00,0.000000
2024-12-18 20:00:00,0.000000
2024-12-18 21:00:00,0.000000
2024-12-18 22:00:00,0.000000
2024-12-18 23:00:00,0.000000
2024-12-19 00:00:00,0.000000
2024-12-19 01:00:00,0.000000
2024-12-19 02:00:00,0.000000
2024-12-19 03:00:00,0.000031
2024-12-19 04:00:00,0.000000
2024-12-19 05:00:00,0.000000
2024-12-19 06:00:00,0.000000
2024-12-19 07:00:00,0.000000
2024-12-19 08:00:00,0.000000
2024-12-19 09:00:00,0.000000
2024-12-19 10:00:00,0.000000
2024-12-19 11:00:00,0.000000
2024-12-19 12:00:00,0.000000
2024-12-19 13:00:00,0.000000
2024-12-19 14:00:00,0.000000
2024-12-19 15:00:00,0.000000
2024-12-19 16:00:00,0.000000
2024-12-19 17:00:00,0.000000
2024-12-19 18:00:00,0.000000
2024-12-19 19:00:00,0.000000
2024-12-19 20:00:00,0.000000
2024-12-19 21:00:00,0.000000
2024-12-19 22:00:00,0.000061
2024-12-19 23:00:00,0.000549
2024-12-20 00:00:00,0.001953
2024-12-20 01:00:00,0.007141
2024-12-20 02:00:00,0.011536
2024-12-20 03:00:00,0.017212
2024-12-20 04:00:00,0.017456
2024-12-20 05:00:00,0.015900
2024-12-20 06:00:00,0.010681
2024-12-20 07:00:00,0.012512
2024-12-20 08:00:00,0.011963
2024-12-20 09:00:00,0.011688
2024-12-20 10:00:00,0.001770
2024-12-20 11:00:00,0.000183
2024-12-20 12:00:00,0.000122
2024-12-20 13:00:00,0.000061
2024-12-20 14:00:00,0.000061
2024-12-20 15:00:00,0.000000
2024-12-20 16:00:00,0.000000
2024-12-20 17:00:00,0.000000
2024-12-20 18:00:00,0.000000
2024-12-20 19:00:00,0.000000
2024-12-20 20:00:00,0.000000
2024-12-20 21:00:00,0.000000
2024-12-20 22:00:00,0.000000
2024-12-20 23:00:00,0.000000
2024-12-21 00:00:00,0.000000
2024-12-21 01:00:00,0.000000
2024-12-21 02:00:00,0.000000
2024-12-21 03:00:00,0.000000
2024-12-21 04:00:00,0.000000
2024-12-21 05:00:00,0.000000
2024-12-21 06:00:00,0.000000
2024-12-21 07:00:00,0.000000
2024-12-21 08:00:00,0.000000
2024-12-21 09:00:00,0.000000
2024-12-21 10:00:00,0.000000
2024-12-21 11:00:00,0.000000
2024-12-21 12:00:00,0.000000
2024-12-21 13:00:00,0.000000
2024-12-21 14:00:00,0.000000
2024-12-21 15:00:00,0.000000
2024-12-21 16:00:00,0.000000
2024-12-21 17:00:00,0.000000
2024-12-21 18:00:00,0.000000
2024-12-21 19:00:00,0.000000
2024-12-21 20:00:00,0.000000
2024-12-21 21:00:00,0.000000
2024-12-21 22:00:00,0.000000
2024-12-21 23:00:00,0.000000
2024-12-22 00:00:00,0.000000
2024-12-22 01:00:00,0.000000
2024-12-22 02:00:00,0.000000
2024-12-22 03:00:00,0.000000
2024-12-22 04:00:00,0.000000
2024-12-22 05:00:00,0.000000
2024-12-22 06:00:00,0.000000
2024-12-22 07:00:00,0.000000
2024-12-22 08:00:00,0.000000
2024-12-22 09:00:00,0.000000
2024-12-22 10:00:00,0.000000
2024-12-22 11:00:00,0.000000
2024-12-22 12:00:00,0.000000
2024-12-22 13:00:00,0.000000
2024-12-22 14:00:00,0.000000
2024-12-22 15:00:00,0.000000
2024-12-22 16:00:00,0.000061
2024-12-22 17:00:00,0.000214
2024-12-22 18:00:00,0.000427
2024-12-22 19:00:00,0.002808
2024-12-22 20:00:00,0.035065
2024-12-22 21:00:00,0.112122
2024-12-22 22:00:00,0.051788
2024-12-22 23:00:00,0.032837
2024-12-23 00:00:00,0.012146
2024-12-23 01:00:00,0.023621
2024-12-23 02:00:00,0.030212
2024-12-23 03:00:00,0.045288
2024-12-23 04:00:00,0.045166
2024-12-23 05:00:00,0.087891
2024-12-23 06:00:00,0.087921
2024-12-23 07:00:00,0.110657
2024-12-23 08:00:00,0.074493
2024-12-23 09:00:00,0.080017
2024-12-23 10:00:00,0.042542
2024-12-23 11:00:00,0.115051
2024-12-23 12:00:00,0.129395
2024-12-23 13:00:00,0.087860
2024-12-23 14:00:00,0.120300
2024-12-23 15:00:00,0.142944
2024-12-23 16:00:00,0.149109
2024-12-23 17:00:00,0.149414
2024-12-23 18:00:00,0.083984
2024-12-23 19:00:00,0.100952
2024-12-23 20:00:00,0.101196
2024-12-23 21:00:00,0.071655
2024-12-23 22:00:00,0.102783
2024-12-23 23:00:00,0.115753
2024-12-24 00:00:00,0.143372
2024-12-24 01:00:00,0.067993
2024-12-24 02:00:00,0.053589
2024-12-24 03:00:00,0.028595
2024-12-24 04:00:00,0.018921
2024-12-24 05:00:00,0.006012
2024-12-24 06:00:00,0.008209
2024-12-24 07:00:00,0.031586
2024-12-24 08:00:00,0.115021
2024-12-24 09:00:00,0.195862
2024-12-24 10:00:00,0.118347
2024-12-24 11:00:00,0.063263
2024-12-24 12:00:00,0.069733
2024-12-24 13:00:00,0.036346
2024-12-24 14:00:00,0.031860
2024-12-24 15:00:00,0.039673
2024-12-24 16:00:00,0.033661
2024-12-24 17:00:00,0.029785
2024-12-24 18:00:00,0.041870
2024-12-24 19:00:00,0.068420
2024-12-24 20:00:00,0.054657
2024-12-24 21:00:00,0.037903
2024-12-24 22:00:00,0.015503
2024-12-24 23:00:00,0.007996
2024-12-25 00:00:00,0.007812
2024-12-25 01:00:00,0.007141
2024-12-25 02:00:00,0.003418
2024-12-25 03:00:00,0.001038
2024-12-25 04:00:00,0.001221
2024-12-25 05:00:00,0.002136
2024-12-25 06:00:00,0.003601
2024-12-25 07:00:00,0.005127
2024-12-25 08:00:00,0.006531
2024-12-25 09:00:00,0.007568
2024-12-25 10:00:00,0.004395
2024-12-25 11:00:00,0.000916
2024-12-25 12:00:00,0.000488
2024-12-25 13:00:00,0.000122
2024-12-25 14:00:00,0.000122
2024-12-25 15:00:00,0.000061
2024-12-25 16:00:00,0.000122
2024-12-25 17:00:00,0.000122
2024-12-25 18:00:00,0.000153
2024-12-25 19:00:00,0.000244
2024-12-25 20:00:00,0.000397
2024-12-25 21:00:00,0.000397
2024-12-25 22:00:00,0.000031
2024-12-25 23:00:00,0.000000
2024-12-26 00:00:00,0.000000
2024-12-26 01:00:00,0.000000
2024-12-26 02:00:00,0.000000
2024-12-26 03:00:00,0.000122
2024-12-26 04:00:00,0.000549
2024-12-26 05:00:00,0.001282
2024-12-26 06:00:00,0.001770
2024-12-26 07:00:00,0.001892
2024-12-26 08:00:00,0.002136
2024-12-26 09:00:00,0.002747
2024-12-26 10:00:00,0.006653
2024-12-26 11:00:00,0.009003
2024-12-26 12:00:00,0.019257
2024-12-26 13:00:00,0.048218
2024-12-26 14:00:00,0.082611
2024-12-26 15:00:00,0.073395
2024-12-26 16:00:00,0.041260
2024-12-26 17:00:00,0.043152
2024-12-26 18:00:00,0.066650
2024-12-26 19:00:00,0.074432
2024-12-26 20:00:00,0.118378
2024-12-26 21:00:00,0.135925
2024-12-26 22:00:00,0.341614
2024-12-26 23:00:00,0.336151
2024-12-27 00:00:00,0.218903
2024-12-27 01:00:00,0.115173
2024-12-27 02:00:00,0.124329
2024-12-27 03:00:00,0.048828
2024-12-27 04:00:00,0.043457
2024-12-27 05:00:00,0.142883
2024-12-27 06:00:00,0.198975
2024-12-27 07:00:00,0.456177
2024-12-27 08:00:00,0.489868
2024-12-27 09:00:00,0.442291
2024-12-27 10:00:00,0.577576
2024-12-27 11:00:00,0.172302
2024-12-27 12:00:00,0.081085
2024-12-27 13:00:00,0.138306
2024-12-27 14:00:00,0.410980
2024-12-27 15:00:00,0.433472
2024-12-27 16:00:00,0.277039
2024-12-27 17:00:00,0.062500
2024-12-27 18:00:00,0.066681
2024-12-27 19:00:00,0.101196
2024-12-27 20:00:00,0.115479
2024-12-27 21:00:00,0.132629
2024-12-27 22:00:00,0.189270
2024-12-27 23:00:00,0.197968
2024-12-28 00:00:00,0.158081
2024-12-28 01:00:00,0.156616
2024-12-28 02:00:00,0.162292
2024-12-28 03:00:00,0.157288
2024-12-28 04:00:00,0.166199
2024-12-28 05:00:00,0.195099
2024-12-28 06:00:00,0.203888
2024-12-28 07:00:00,0.550415
2024-12-28 08:00:00,0.583984
2024-12-28 09:00:00,0.427246
2024-12-28 10:00:00,0.352692
2024-12-28 11:00:00,0.361542
2024-12-28 12:00:00,0.328857
2024-12-28 13:00:00,0.238800
2024-12-28 14:00:00,0.156921
2024-12-28 15:00:00,0.073914
2024-12-28 16:00:00,0.016479
2024-12-28 17:00:00,0.009155
2024-12-28 18:00:00,0.008057
2024-12-28 19:00:00,0.010498
2024-12-28 20:00:00,0.015320
2024-12-28 21:00:00,0.015808
2024-12-28 22:00:00,0.037598
2024-12-28 23:00:00,0.047241
2024-12-29 00:00:00,0.081543
2024-12-29 01:00:00,0.122192
2024-12-29 02:00:00,0.114288
2024-12-29 03:00:00,0.090332
2024-12-29 04:00:00,0.053894
2024-12-29 05:00:00,0.033752
2024-12-29 06:00:00,0.016602
2024-12-29 07:00:00,0.006226
2024-12-29 08:00:00,0.006836
2024-12-29 09:00:00,0.008301
2024-12-29 10:00:00,0.007629
2024-12-29 11:00:00,0.004822
2024-12-29 12:00:00,0.013794
2024-12-29 13:00:00,0.032837
2024-12-29 14:00:00,0.056641
2024-12-29 15:00:00,0.063324
2024-12-29 16:00:00,0.057007
2024-12-29 17:00:00,0.056519
2024-12-29 18:00:00,0.050171
2024-12-29 19:00:00,0.045044
2024-12-29 20:00:00,0.034119
2024-12-29 21:00:00,0.021118
2024-12-29 22:00:00,0.012573
2024-12-29 23:00:00,0.015381
2024-12-30 00:00:00,0.039062
2024-12-30 01:00:00,0.071106
2024-12-30 02:00:00,0.097260
2024-12-30 03:00:00,0.104645
2024-12-30 04:00:00,0.089294
2024-12-30 05:00:00,0.054199
2024-12-30 06:00:00,0.027344
2024-12-30 07:00:00,0.014587
2024-12-30 08:00:00,0.001251
2024-12-30 09:00:00,0.000092
2024-12-30 10:00:00,0.000854
2024-12-30 11:00:00,0.000061
2024-12-30 12:00:00,0.000031
2024-12-30 13:00:00,0.000000
2024-12-30 14:00:00,0.000000
2024-12-30 15:00:00,0.000000
2024-12-30 16:00:00,0.000000
2024-12-30 17:00:00,0.000000
2024-12-30 18:00:00,0.000000
2024-12-30 19:00:00,0.000000
2024-12-30 20:00:00,0.000397
2024-12-30 21:00:00,0.005066
2024-12-30 22:00:00,0.007507
2024-12-30 23:00:00,0.026367
2024-12-31 00:00:00,0.060577
2024-12-31 01:00:00,0.088043
2024-12-31 02:00:00,0.108459
2024-12-31 03:00:00,0.124268
2024-12-31 04:00:00,0.103455
2024-12-31 05:00:00,0.073242
2024-12-31 06:00:00,0.038574
2024-12-31 07:00:00,0.012939
2024-12-31 08:00:00,0.002808
2024-12-31 09:00:00,0.000549
2024-12-31 10:00:00,0.001160
2024-12-31 11:00:00,0.000031
2024-12-31 12:00:00,0.001587
2024-12-31 13:00:00,0.007080
2024-12-31 14:00:00,0.013672
2024-12-31 15:00:00,0.018799
2024-12-31 16:00:00,0.019958
2024-12-31 17:00:00,0.018616
2024-12-31 18:00:00,0.017181
2024-12-31 19:00:00,0.021301
2024-12-31 20:00:00,0.027344
2024-12-31 21:00:00,0.031067
2024-12-31 22:00:00,0.030457
2024-12-31 23:00:00,0.027374
2025-01-01 00:00:00,0.027588
2025-01-01 01:00:00,0.030273
2025-01-01 02:00:00,0.033112
2025-01-01 03:00:00,0.029907
2025-01-01 04:00:00,0.019043
2025-01-01 05:00:00,0.001770
2025-01-01 06:00:00,0.000366
2025-01-01 07:00:00,0.000092
2025-01-01 08:00:00,0.000031
2025-01-01 09:00:00,0.000122
2025-01-01 10:00:00,0.000061
2025-01-01 11:00:00,0.000092
2025-01-01 12:00:00,0.000153
2025-01-01 13:00:00,0.000153
2025-01-01 14:00:00,0.000122
2025-01-01 15:00:00,0.000061
2025-01-01 16:00:00,0.000061
2025-01-01 17:00:00,0.000061
2025-01-01 18:00:00,0.000000
2025-01-01 19:00:00,0.000061
2025-01-01 20:00:00,0.000122
2025-01-01 21:00:00,0.000183
2025-01-01 22:00:00,0.001160
2025-01-01 23:00:00,0.009094
2025-01-02 00:00:00,0.019897
2025-01-02 01:00:00,0.026245
2025-01-02 02:00:00,0.043579
2025-01-02 03:00:00,0.044434
2025-01-02 04:00:00,0.019287
2025-01-02 05:00:00,0.005493
2025-01-02 06:00:00,0.000305
2025-01-02 07:00:00,0.000183
2025-01-02 08:00:00,0.000122
2025-01-02 09:00:00,0.000153
2025-01-02 10:00:00,0.000061
2025-01-02 11:00:00,0.000061
2025-01-02 12:00:00,0.000031
2025-01-02 13:00:00,0.000031
2025-01-02 14:00:00,0.000031
2025-01-02 15:00:00,0.000000
2025-01-02 16:00:00,0.000000
2025-01-02 17:00:00,0.000000
2025-01-02 18:00:00,0.000000
2025-01-02 19:00:00,0.000000
2025-01-02 20:00:00,0.000000
2025-01-02 21:00:00,0.000000
2025-01-02 22:00:00,0.000183
2025-01-02 23:00:00,0.000244
2025-01-03 00:00:00,0.002808
2025-01-03 01:00:00,0.008667
2025-01-03 02:00:00,0.018494
2025-01-03 03:00:00,0.025696
2025-01-03 04:00:00,0.011230
2025-01-03 05:00:00,0.002625
2025-01-03 06:00:00,0.000000
2025-01-03 07:00:00,0.000000
2025-01-03 08:00:00,0.000000
2025-01-03 09:00:00,0.000000
2025-01-03 10:00:00,0.000000
2025-01-03 11:00:00,0.000000
2025-01-03 12:00:00,0.000000
2025-01-03 13:00:00,0.000000
2025-01-03 14:00:00,0.000000
2025-01-03 15:00:00,0.000000
2025-01-03 16:00:00,0.000000
2025-01-03 17:00:00,0.000000
2025-01-03 18:00:00,0.000000
2025-01-03 19:00:00,0.000000
2025-01-03 20:00:00,0.000000
2025-01-03 21:00:00,0.000000
2025-01-03 22:00:00,0.000000
2025-01-03 23:00:00,0.000183
2025-01-04 00:00:00,0.000916
2025-01-04 01:00:00,0.005219
2025-01-04 02:00:00,0.023346
2025-01-04 03:00:00,0.033600
2025-01-04 04:00:00,0.028259
2025-01-04 05:00:00,0.012695
2025-01-04 06:00:00,0.002747
2025-01-04 07:00:00,0.000061
2025-01-04 08:00:00,0.000000
2025-01-04 09:00:00,0.000000
2025-01-04 10:00:00,0.000000
2025-01-04 11:00:00,0.000000
2025-01-04 12:00:00,0.000000
2025-01-04 13:00:00,0.000000
2025-01-04 14:00:00,0.000000
2025-01-04 15:00:00,0.000000
2025-01-04 16:00:00,0.000000
2025-01-04 17:00:00,0.000000
2025-01-04 18:00:00,0.000000
2025-01-04 19:00:00,0.000000
2025-01-04 20:00:00,0.000000
2025-01-04 21:00:00,0.001862
2025-01-04 22:00:00,0.029419
2025-01-04 23:00:00,0.069092
2025-01-05 00:00:00,0.105896
2025-01-05 01:00:00,0.124298
2025-01-05 02:00:00,0.130676
2025-01-05 03:00:00,0.121796
2025-01-05 04:00:00,0.105347
2025-01-05 05:00:00,0.064148
2025-01-05 06:00:00,0.026306
2025-01-05 07:00:00,0.009399
2025-01-05 08:00:00,0.000000
2025-01-05 09:00:00,0.000000
2025-01-05 10:00:00,0.000000
2025-01-05 11:00:00,0.000000
2025-01-05 12:00:00,0.000000
2025-01-05 13:00:00,0.000000
2025-01-05 14:00:00,0.000000
2025-01-05 15:00:00,0.000000
2025-01-05 16:00:00,0.000000
2025-01-05 17:00:00,0.000000
2025-01-05 18:00:00,0.000000
2025-01-05 19:00:00,0.000000
2025-01-05 20:00:00,0.000214
2025-01-05 21:00:00,0.010742
2025-01-05 22:00:00,0.029663
2025-01-05 23:00:00,0.075256
2025-01-06 00:00:00,0.115356
2025-01-06 01:00:00,0.120300
2025-01-06 02:00:00,0.141846
2025-01-06 03:00:00,0.117065
2025-01-06 04:00:00,0.118286
2025-01-06 05:00:00,0.099426
2025-01-06 06:00:00,0.056519
2025-01-06 07:00:00,0.022156
2025-01-06 08:00:00,0.005310
2025-01-06 09:00:00,0.002563
2025-01-06 10:00:00,0.014954
2025-01-06 11:00:00,0.007843
2025-01-06 12:00:00,0.020935
2025-01-06 13:00:00,0.032593
2025-01-06 14:00:00,0.020020
2025-01-06 15:00:00,0.008545
2025-01-06 16:00:00,0.003723
2025-01-06 17:00:00,0.003662
2025-01-06 18:00:00,0.004761
2025-01-06 19:00:00,0.005371
2025-01-06 20:00:00,0.004700
2025-01-06 21:00:00,0.003418
2025-01-06 22:00:00,0.001160
2025-01-06 23:00:00,0.000610
2025-01-07 00:00:00,0.002319
2025-01-07 01:00:00,0.016602
2025-01-07 02:00:00,0.050964
2025-01-07 03:00:00,0.058960
2025-01-07 04:00:00,0.053894
2025-01-07 05:00:00,0.030823
2025-01-07 06:00:00,0.018555
2025-01-07 07:00:00,0.004120
2025-01-07 08:00:00,0.001068
2025-01-07 09:00:00,0.000000
2025-01-07 10:00:00,0.001068
2025-01-07 11:00:00,0.000336
2025-01-07 12:00:00,0.000488
2025-01-07 13:00:00,0.000549
2025-01-07 14:00:00,0.000336
2025-01-07 15:00:00,0.000244
2025-01-07 16:00:00,0.000153
2025-01-07 17:00:00,0.000061
2025-01-07 18:00:00,0.000000
2025-01-07 19:00:00,0.000000
2025-01-07 20:00:00,0.000000
2025-01-07 21:00:00,0.000000
2025-01-07 22:00:00,0.000000
2025-01-07 23:00:00,0.000000
2025-01-08 00:00:00,0.000000
2025-01-08 01:00:00,0.000000
2025-01-08 02:00:00,0.000000
2025-01-08 03:00:00,0.000000
2025-01-08 04:00:00,0.000000
2025-01-08 05:00:00,0.000000
2025-01-08 06:00:00,0.000000
2025-01-08 07:00:00,0.000000
2025-01-08 08:00:00,0.000000
2025-01-08 09:00:00,0.000000
2025-01-08 10:00:00,0.000000
2025-01-08 11:00:00,0.000000
2025-01-08 12:00:00,0.000000
2025-01-08 13:00:00,0.000000
2025-01-08 14:00:00,0.000000
2025-01-08 15:00:00,0.000000
2025-01-08 16:00:00,0.000000
2025-01-08 17:00:00,0.000000
2025-01-08 18:00:00,0.000000
2025-01-08 19:00:00,0.000000
2025-01-08 20:00:00,0.000000
2025-01-08 21:00:00,0.000000
2025-01-08 22:00:00,0.000000
2025-01-08 23:00:00,0.000000
2025-01-09 00:00:00,0.000000
2025-01-09 01:00:00,0.000000
2025-01-09 02:00:00,0.000000
2025-01-09 03:00:00,0.000000
2025-01-09 04:00:00,0.000000
2025-01-09 05:00:00,0.000000
2025-01-09 06:00:00,0.000000
2025-01-09 07:00:00,0.000000
2025-01-09 08:00:00,0.000000
2025-01-09 09:00:00,0.000000
2025-01-09 10:00:00,0.000000
2025-01-09 11:00:00,0.000000
2025-01-09 12:00:00,0.000000
2025-01-09 13:00:00,0.000000
2025-01-09 14:00:00,0.000000
2025-01-09 15:00:00,0.000000
2025-01-09 16:00:00,0.000000
2025-01-09 17:00:00,0.000000
2025-01-09 18:00:00,0.000000
2025-01-09 19:00:00,0.000000
2025-01-09 20:00:00,0.000000
2025-01-09 21:00:00,0.000000
2025-01-09 22:00:00,0.000000
2025-01-09 23:00:00,0.000000
2025-01-10 00:00:00,0.000000
2025-01-10 01:00:00,0.000275
2025-01-10 02:00:00,0.000366
2025-01-10 03:00:00,0.001282
2025-01-10 04:00:00,0.000092
2025-01-10 05:00:00,0.000000
2025-01-10 06:00:00,0.000000
2025-01-10 07:00:00,0.000000
2025-01-10 08:00:00,0.000000
2025-01-10 09:00:00,0.000000
2025-01-10 10:00:00,0.000000
2025-01-10 11:00:00,0.000000
2025-01-10 12:00:00,0.000000
2025-01-10 13:00:00,0.000000
2025-01-10 14:00:00,0.000000
2025-01-10 15:00:00,0.000000
2025-01-10 16:00:00,0.000000
2025-01-10 17:00:00,0.000000
2025-01-10 18:00:00,0.000000
2025-01-10 19:00:00,0.000000
2025-01-10 20:00:00,0.000000
2025-01-10 21:00:00,0.000000
2025-01-10 22:00:00,0.000031
2025-01-10 23:00:00,0.000244
2025-01-11 00:00:00,0.000366
2025-01-11 01:00:00,0.000183
2025-01-11 02:00:00,0.000610
2025-01-11 03:00:00,0.002899
2025-01-11 04:00:00,0.006073
2025-01-11 05:00:00,0.007599
2025-01-11 06:00:00,0.007935
2025-01-11 07:00:00,0.012329
2025-01-11 08:00:00,0.006104
2025-01-11 09:00:00,0.020874
2025-01-11 10:00:00,0.124512
2025-01-11 11:00:00,0.050476
2025-01-11 12:00:00,0.238525
2025-01-11 13:00:00,0.211609
2025-01-11 14:00:00,0.115173
2025-01-11 15:00:00,0.065125
2025-01-11 16:00:00,0.023407
2025-01-11 17:00:00,0.030365
2025-01-11 18:00:00,0.029114
2025-01-11 19:00:00,0.025757
2025-01-11 20:00:00,0.038208
2025-01-11 21:00:00,0.056763
2025-01-11 22:00:00,0.048523
2025-01-11 23:00:00,0.073456
2025-01-12 00:00:00,0.141754
2025-01-12 01:00:00,0.197510
2025-01-12 02:00:00,0.194458
2025-01-12 03:00:00,0.200073
2025-01-12 04:00:00,0.206329
2025-01-12 05:00:00,0.221436
2025-01-12 06:00:00,0.145813
2025-01-12 07:00:00,0.083679
2025-01-12 08:00:00,0.064697
2025-01-12 09:00:00,0.073792
2025-01-12 10:00:00,0.157959
2025-01-12 11:00:00,0.174194
2025-01-12 12:00:00,0.207275
2025-01-12 13:00:00,0.127655
2025-01-12 14:00:00,0.082794
2025-01-12 15:00:00,0.054474
2025-01-12 16:00:00,0.034454
2025-01-12 17:00:00,0.015259
2025-01-12 18:00:00,0.007202
2025-01-12 19:00:00,0.003113
2025-01-12 20:00:00,0.001221
2025-01-12 21:00:00,0.000427
2025-01-12 22:00:00,0.002625
2025-01-12 23:00:00,0.017029
2025-01-13 00:00:00,0.038513
2025-01-13 01:00:00,0.048767
2025-01-13 02:00:00,0.045898
2025-01-13 03:00:00,0.032196
2025-01-13 04:00:00,0.013428
2025-01-13 05:00:00,0.005188
2025-01-13 06:00:00,0.000122
2025-01-13 07:00:00,0.000000
2025-01-13 08:00:00,0.000000
2025-01-13 09:00:00,0.000000
2025-01-13 10:00:00,0.000000
2025-01-13 11:00:00,0.000000
2025-01-13 12:00:00,0.000000
2025-01-13 13:00:00,0.000000
2025-01-13 14:00:00,0.000000
2025-01-13 15:00:00,0.000000
2025-01-13 16:00:00,0.000000
2025-01-13 17:00:00,0.000000
2025-01-13 18:00:00,0.000000
2025-01-13 19:00:00,0.000000
2025-01-13 20:00:00,0.000000
2025-01-13 21:00:00,0.000000
2025-01-13 22:00:00,0.000000
2025-01-13 23:00:00,0.000000
2025-01-14 00:00:00,0.000000
2025-01-14 01:00:00,0.000000
2025-01-14 02:00:00,0.000000
2025-01-14 03:00:00,0.000000
2025-01-14 04:00:00,0.000000
2025-01-14 05:00:00,0.000000
2025-01-14 06:00:00,0.000000
2025-01-14 07:00:00,0.000000
2025-01-14 08:00:00,0.000000
2025-01-14 09:00:00,0.000000
2025-01-14 10:00:00,0.000000
2025-01-14 11:00:00,0.000000
2025-01-14 12:00:00,0.000000
2025-01-14 13:00:00,0.000000
2025-01-14 14:00:00,0.000000
2025-01-14 15:00:00,0.000000
2025-01-14 16:00:00,0.000000
2025-01-14 17:00:00,0.000000
2025-01-14 18:00:00,0.000000
2025-01-14 19:00:00,0.000000
2025-01-14 20:00:00,0.000031
2025-01-14 21:00:00,0.000427
2025-01-14 22:00:00,0.005981
2025-01-14 23:00:00,0.034302
2025-01-15 00:00:00,0.064758
2025-01-15 01:00:00,0.084656
2025-01-15 02:00:00,0.095581
2025-01-15 03:00:00,0.109131
2025-01-15 04:00:00,0.121094
2025-01-15 05:00:00,0.084229
2025-01-15 06:00:00,0.035217
2025-01-15 07:00:00,0.033844
2025-01-15 08:00:00,0.011414
2025-01-15 09:00:00,0.010651
2025-01-15 10:00:00,0.028320
2025-01-15 11:00:00,0.033447
2025-01-15 12:00:00,0.030884
2025-01-15 13:00:00,0.060181
2025-01-15 14:00:00,0.059326
2025-01-15 15:00:00,0.077362
2025-01-15 16:00:00,0.208923
2025-01-15 17:00:00,0.081909
2025-01-15 18:00:00,0.054962
2025-01-15 19:00:00,0.159546
2025-01-15 20:00:00,0.214661
2025-01-15 21:00:00,0.338745
2025-01-15 22:00:00,0.205322
2025-01-15 23:00:00,0.227417
2025-01-16 00:00:00,0.325623
2025-01-16 01:00:00,0.345093
2025-01-16 02:00:00,0.416260
2025-01-16 03:00:00,0.333740
2025-01-16 04:00:00,0.208862
2025-01-16 05:00:00,0.120239
2025-01-16 06:00:00,0.062561
2025-01-16 07:00:00,0.024475
2025-01-16 08:00:00,0.011780
2025-01-16 09:00:00,0.003967
2025-01-16 10:00:00,0.028259
2025-01-16 11:00:00,0.074341
2025-01-16 12:00:00,0.116882
2025-01-16 13:00:00,0.130676
2025-01-16 14:00:00,0.112000
2025-01-16 15:00:00,0.095581
2025-01-16 16:00:00,0.062561
2025-01-16 17:00:00,0.038269
2025-01-16 18:00:00,0.019653
2025-01-16 19:00:00,0.012512
2025-01-16 20:00:00,0.007141
2025-01-16 21:00:00,0.003967
2025-01-16 22:00:00,0.001953
2025-01-16 23:00:00,0.001099
2025-01-17 00:00:00,0.000549
2025-01-17 01:00:00,0.000244
2025-01-17 02:00:00,0.000122
2025-01-17 03:00:00,0.000061
2025-01-17 04:00:00,0.000000
2025-01-17 05:00:00,0.000000
2025-01-17 06:00:00,0.000000
2025-01-17 07:00:00,0.000000
2025-01-17 08:00:00,0.000000
2025-01-17 09:00:00,0.000000
2025-01-17 10:00:00,0.000000
2025-01-17 11:00:00,0.000000
2025-01-17 12:00:00,0.000000
2025-01-17 13:00:00,0.000000
2025-01-17 14:00:00,0.000000
2025-01-17 15:00:00,0.000000
2025-01-17 16:00:00,0.000000
2025-01-17 17:00:00,0.000000
2025-01-17 18:00:00,0.000000
2025-01-17 19:00:00,0.000000
2025-01-17 20:00:00,0.000000
2025-01-17 21:00:00,0.000000
2025-01-17 22:00:00,0.000763
2025-01-17 23:00:00,0.005371
2025-01-18 00:00:00,0.020935
2025-01-18 01:00:00,0.051270
2025-01-18 02:00:00,0.077423
2025-01-18 03:00:00,0.085510
2025-01-18 04:00:00,0.080505
2025-01-18 05:00:00,0.053467
2025-01-18 06:00:00,0.018860
2025-01-18 07:00:00,0.004669
2025-01-18 08:00:00,0.002411
2025-01-18 09:00:00,0.000244
2025-01-18 10:00:00,0.000031
2025-01-18 11:00:00,0.000061
2025-01-18 12:00:00,0.000153
2025-01-18 13:00:00,0.000305
2025-01-18 14:00:00,0.000122
2025-01-18 15:00:00,0.000000
2025-01-18 16:00:00,0.000000
2025-01-18 17:00:00,0.000244
2025-01-18 18:00:00,0.000366
2025-01-18 19:00:00,0.000427
2025-01-18 20:00:00,0.000366
2025-01-18 21:00:00,0.000183
2025-01-18 22:00:00,0.000000
2025-01-18 23:00:00,0.000000
2025-01-19 00:00:00,0.000000
2025-01-19 01:00:00,0.000244
2025-01-19 02:00:00,0.000488
2025-01-19 03:00:00,0.000519
2025-01-19 04:00:00,0.000732
2025-01-19 05:00:00,0.000366
2025-01-19 06:00:00,0.000214
2025-01-19 07:00:00,0.000336
2025-01-19 08:00:00,0.000427
2025-01-19 09:00:00,0.000458
2025-01-19 10:00:00,0.001373
2025-01-19 11:00:00,0.008087
2025-01-19 12:00:00,0.013184
2025-01-19 13:00:00,0.004822
2025-01-19 14:00:00,0.000793
2025-01-19 15:00:00,0.000244
2025-01-19 16:00:00,0.000061
2025-01-19 17:00:00,0.000000
2025-01-19 18:00:00,0.000000
2025-01-19 19:00:00,0.000000
2025-01-19 20:00:00,0.000000
2025-01-19 21:00:00,0.000000
2025-01-19 22:00:00,0.000000
2025-01-19 23:00:00,0.000000
2025-01-20 00:00:00,0.000000
2025-01-20 01:00:00,0.000122
2025-01-20 02:00:00,0.000671
2025-01-20 03:00:00,0.000793
2025-01-20 04:00:00,0.000519
2025-01-20 05:00:00,0.000000
2025-01-20 06:00:00,0.000000
2025-01-20 07:00:00,0.000000
2025-01-20 08:00:00,0.000000
2025-01-20 09:00:00,0.000000
2025-01-20 10:00:00,0.000000
2025-01-20 11:00:00,0.000000
2025-01-20 12:00:00,0.000000
2025-01-20 13:00:00,0.000000
2025-01-20 14:00:00,0.000000
2025-01-20 15:00:00,0.000000
2025-01-20 16:00:00,0.000000
2025-01-20 17:00:00,0.000000
2025-01-20 18:00:00,0.000000
2025-01-20 19:00:00,0.000000
2025-01-20 20:00:00,0.000000
2025-01-20 21:00:00,0.000000
2025-01-20 22:00:00,0.000000
2025-01-20 23:00:00,0.000000
2025-01-21 00:00:00,0.000000
2025-01-21 01:00:00,0.000000
2025-01-21 02:00:00,0.000000
2025-01-21 03:00:00,0.000000
2025-01-21 04:00:00,0.000000
2025-01-21 05:00:00,0.000000
2025-01-21 06:00:00,0.000122
2025-01-21 07:00:00,0.000092
2025-01-21 08:00:00,0.000031
2025-01-21 09:00:00,0.000031
2025-01-21 10:00:00,0.000000
2025-01-21 11:00:00,0.000000
2025-01-21 12:00:00,0.000000
2025-01-21 13:00:00,0.000000
2025-01-21 14:00:00,0.000000
2025-01-21 15:00:00,0.000000
2025-01-21 16:00:00,0.000000
2025-01-21 17:00:00,0.000000
2025-01-21 18:00:00,0.000000
2025-01-21 19:00:00,0.000000
2025-01-21 20:00:00,0.000000
2025-01-21 21:00:00,0.000000
2025-01-21 22:00:00,0.000000
2025-01-21 23:00:00,0.000000
2025-01-22 00:00:00,0.000000
2025-01-22 01:00:00,0.000000
2025-01-22 02:00:00,0.000000
2025-01-22 03:00:00,0.000000
2025-01-22 04:00:00,0.000000
2025-01-22 05:00:00,0.000000
2025-01-22 06:00:00,0.000000
2025-01-22 07:00:00,0.000092
2025-01-22 08:00:00,0.000641
2025-01-22 09:00:00,0.003448
2025-01-22 10:00:00,0.029572
2025-01-22 11:00:00,0.069885
2025-01-22 12:00:00,0.085480
2025-01-22 13:00:00,0.048157
2025-01-22 14:00:00,0.037354
2025-01-22 15:00:00,0.042725
2025-01-22 16:00:00,0.060364
2025-01-22 17:00:00,0.070557
2025-01-22 18:00:00,0.088318
2025-01-22 19:00:00,0.080475
2025-01-22 20:00:00,0.075928
2025-01-22 21:00:00,0.108521
2025-01-22 22:00:00,0.078644
2025-01-22 23:00:00,0.099548
2025-01-23 00:00:00,0.085480
2025-01-23 01:00:00,0.082214
2025-01-23 02:00:00,0.067017
2025-01-23 03:00:00,0.058075
2025-01-23 04:00:00,0.044250
2025-01-23 05:00:00,0.037079
2025-01-23 06:00:00,0.034058
2025-01-23 07:00:00,0.028168
2025-01-23 08:00:00,0.014221
2025-01-23 09:00:00,0.010712
2025-01-23 10:00:00,0.005127
2025-01-23 11:00:00,0.002350
2025-01-23 12:00:00,0.001465
2025-01-23 13:00:00,0.000824
2025-01-23 14:00:00,0.000336
2025-01-23 15:00:00,0.000122
2025-01-23 16:00:00,0.000061
2025-01-23 17:00:00,0.000000
2025-01-23 18:00:00,0.000000
2025-01-23 19:00:00,0.000000
2025-01-23 20:00:00,0.000000
2025-01-23 21:00:00,0.000000
2025-01-23 22:00:00,0.000000
2025-01-23 23:00:00,0.000000
2025-01-24 00:00:00,0.000000
2025-01-24 01:00:00,0.000000
2025-01-24 02:00:00,0.000000
2025-01-24 03:00:00,0.000000
2025-01-24 04:00:00,0.000000
2025-01-24 05:00:00,0.000000
2025-01-24 06:00:00,0.000000
2025-01-24 07:00:00,0.000000
2025-01-24 08:00:00,0.000000
2025-01-24 09:00:00,0.000000
2025-01-24 10:00:00,0.000000
2025-01-24 11:00:00,0.000000
2025-01-24 12:00:00,0.000000
2025-01-24 13:00:00,0.000000
2025-01-24 14:00:00,0.000000
2025-01-24 15:00:00,0.000000
2025-01-24 16:00:00,0.000000
2025-01-24 17:00:00,0.000000
2025-01-24 18:00:00,0.000000
2025-01-24 19:00:00,0.000000
2025-01-24 20:00:00,0.000000
2025-01-24 21:00:00,0.000000
2025-01-24 22:00:00,0.000000
2025-01-24 23:00:00,0.000000
2025-01-25 00:00:00,0.000000
2025-01-25 01:00:00,0.000000
2025-01-25 02:00:00,0.000000
2025-01-25 03:00:00,0.000000
2025-01-25 04:00:00,0.000000
2025-01-25 05:00:00,0.000000
2025-01-25 06:00:00,0.000000
2025-01-25 07:00:00,0.000000
2025-01-25 08:00:00,0.000000
2025-01-25 09:00:00,0.000000
2025-01-25 10:00:00,0.000000
2025-01-25 11:00:00,0.000000
2025-01-25 12:00:00,0.000000
2025-01-25 13:00:00,0.000000
2025-01-25 14:00:00,0.000000
2025-01-25 15:00:00,0.000000
2025-01-25 16:00:00,0.000000
2025-01-25 17:00:00,0.000000
2025-01-25 18:00:00,0.000000
2025-01-25 19:00:00,0.000000
2025-01-25 20:00:00,0.000000
2025-01-25 21:00:00,0.000000
2025-01-25 22:00:00,0.000000
2025-01-25 23:00:00,0.000000
2025-01-26 00:00:00,0.000000
2025-01-26 01:00:00,0.000000
2025-01-26 02:00:00,0.000000
2025-01-26 03:00:00,0.000000
2025-01-26 04:00:00,0.000000
2025-01-26 05:00:00,0.000000
2025-01-26 06:00:00,0.000000
2025-01-26 07:00:00,0.000000
2025-01-26 08:00:00,0.000000
2025-01-26 09:00:00,0.000000
2025-01-26 10:00:00,0.000000
2025-01-26 11:00:00,0.000000
2025-01-26 12:00:00,0.000000
2025-01-26 13:00:00,0.000000
2025-01-26 14:00:00,0.000000
2025-01-26 15:00:00,0.000000
2025-01-26 16:00:00,0.000000
2025-01-26 17:00:00,0.000000
2025-01-26 18:00:00,0.000000
2025-01-26 19:00:00,0.000000
2025-01-26 20:00:00,0.000000
2025-01-26 21:00:00,0.000000
2025-01-26 22:00:00,0.000000
2025-01-26 23:00:00,0.000000
2025-01-27 00:00:00,0.000000
2025-01-27 01:00:00,0.000000
2025-01-27 02:00:00,0.000000
2025-01-27 03:00:00,0.000000
2025-01-27 04:00:00,0.000000
2025-01-27 05:00:00,0.000000
2025-01-27 06:00:00,0.000000
2025-01-27 07:00:00,0.000000
2025-01-27 08:00:00,0.000000
2025-01-27 09:00:00,0.000000
2025-01-27 10:00:00,0.000000
2025-01-27 11:00:00,0.000000
2025-01-27 12:00:00,0.000000
2025-01-27 13:00:00,0.000000
2025-01-27 14:00:00,0.000000
2025-01-27 15:00:00,0.000000
2025-01-27 16:00:00,0.000000
2025-01-27 17:00:00,0.000000
2025-01-27 18:00:00,0.000000
2025-01-27 19:00:00,0.000000
2025-01-27 20:00:00,0.000000
2025-01-27 21:00:00,0.000000
2025-01-27 22:00:00,0.000000
2025-01-27 23:00:00,0.000000
2025-01-28 00:00:00,0.000000
2025-01-28 01:00:00,0.000000
2025-01-28 02:00:00,0.000000
2025-01-28 03:00:00,0.000000
2025-01-28 04:00:00,0.000000
2025-01-28 05:00:00,0.000000
2025-01-28 06:00:00,0.000000
2025-01-28 07:00:00,0.000000
2025-01-28 08:00:00,0.000000
2025-01-28 09:00:00,0.000000
2025-01-28 10:00:00,0.000000
2025-01-28 11:00:00,0.000000
2025-01-28 12:00:00,0.000000
2025-01-28 13:00:00,0.000000
2025-01-28 14:00:00,0.000000
2025-01-28 15:00:00,0.000000
2025-01-28 16:00:00,0.000000
2025-01-28 17:00:00,0.000000
2025-01-28 18:00:00,0.000061
2025-01-28 19:00:00,0.000427
2025-01-28 20:00:00,0.001373
2025-01-28 21:00:00,0.002075
2025-01-28 22:00:00,0.002991
2025-01-28 23:00:00,0.005890
2025-01-29 00:00:00,0.005096
2025-01-29 01:00:00,0.003265
2025-01-29 02:00:00,0.002380
2025-01-29 03:00:00,0.001953
2025-01-29 04:00:00,0.001465
2025-01-29 05:00:00,0.001465
2025-01-29 06:00:00,0.000977
2025-01-29 07:00:00,0.000366
2025-01-29 08:00:00,0.000061
2025-01-29 09:00:00,0.000000
2025-01-29 10:00:00,0.000000
2025-01-29 11:00:00,0.000000
2025-01-29 12:00:00,0.000000
2025-01-29 13:00:00,0.000000
2025-01-29 14:00:00,0.000000
2025-01-29 15:00:00,0.000000
2025-01-29 16:00:00,0.000000
2025-01-29 17:00:00,0.000000
2025-01-29 18:00:00,0.000000
2025-01-29 19:00:00,0.000000
2025-01-29 20:00:00,0.000000
2025-01-29 21:00:00,0.000000
2025-01-29 22:00:00,0.000000
2025-01-29 23:00:00,0.000000
2025-01-30 00:00:00,0.000000
2025-01-30 01:00:00,0.000000
2025-01-30 02:00:00,0.000000
2025-01-30 03:00:00,0.000000
2025-01-30 04:00:00,0.000000
2025-01-30 05:00:00,0.000000
2025-01-30 06:00:00,0.000000
2025-01-30 07:00:00,0.000000
2025-01-30 08:00:00,0.000000
2025-01-30 09:00:00,0.000000
2025-01-30 10:00:00,0.000000
2025-01-30 11:00:00,0.000000
2025-01-30 12:00:00,0.000000
2025-01-30 13:00:00,0.000000
2025-01-30 14:00:00,0.000000
2025-01-30 15:00:00,0.000000
2025-01-30 16:00:00,0.000000
2025-01-30 17:00:00,0.000000
2025-01-30 18:00:00,0.000000
2025-01-30 19:00:00,0.000000
2025-01-30 20:00:00,0.000000
2025-01-30 21:00:00,0.000000
2025-01-30 22:00:00,0.000000
2025-01-30 23:00:00,0.000000
2025-01-31 00:00:00,0.000000
2025-01-31 01:00:00,0.001587
2025-01-31 02:00:00,0.009521
2025-01-31 03:00:00,0.020752
2025-01-31 04:00:00,0.018005
2025-01-31 05:00:00,0.004883
2025-01-31 06:00:00,0.000366
2025-01-31 07:00:00,0.000000
2025-01-31 08:00:00,0.000000
2025-01-31 09:00:00,0.000000
2025-01-31 10:00:00,0.000000
2025-01-31 11:00:00,0.000000
2025-01-31 12:00:00,0.000000
2025-01-31 13:00:00,0.000000
2025-01-31 14:00:00,0.000000
2025-01-31 15:00:00,0.000000
2025-01-31 16:00:00,0.000000
2025-01-31 17:00:00,0.000000
2025-01-31 18:00:00,0.000000
2025-01-31 19:00:00,0.000000
2025-01-31 20:00:00,0.000000
2025-01-31 21:00:00,0.000000
2025-01-31 22:00:00,0.000000
2025-01-31 23:00:00,0.000000
2025-02-01 00:00:00,0.000000
2025-02-01 01:00:00,0.000061
2025-02-01 02:00:00,0.000092
2025-02-01 03:00:00,0.000153
2025-02-01 04:00:00,0.000153
2025-02-01 05:00:00,0.000122
2025-02-01 06:00:00,0.000122
2025-02-01 07:00:00,0.005585
2025-02-01 08:00:00,0.041931
2025-02-01 09:00:00,0.072571
2025-02-01 10:00:00,0.079773
2025-02-01 11:00:00,0.171539
2025-02-01 12:00:00,0.160431
2025-02-01 13:00:00,0.079956
2025-02-01 14:00:00,0.047119
2025-02-01 15:00:00,0.025330
2025-02-01 16:00:00,0.032288
2025-02-01 17:00:00,0.055237
2025-02-01 18:00:00,0.077332
2025-02-01 19:00:00,0.100769
2025-02-01 20:00:00,0.081848
2025-02-01 21:00:00,0.088562
2025-02-01 22:00:00,0.022522
2025-02-01 23:00:00,0.015564
2025-02-02 00:00:00,0.022003
2025-02-02 01:00:00,0.013550
2025-02-02 02:00:00,0.003296
2025-02-02 03:00:00,0.001343
2025-02-02 04:00:00,0.000610
2025-02-02 05:00:00,0.000244
2025-02-02 06:00:00,0.000000
2025-02-02 07:00:00,0.000000
2025-02-02 08:00:00,0.000000
2025-02-02 09:00:00,0.000000
2025-02-02 10:00:00,0.000671
2025-02-02 11:00:00,0.000427
2025-02-02 12:00:00,0.000244
2025-02-02 13:00:00,0.000122
2025-02-02 14:00:00,0.000061
2025-02-02 15:00:00,0.000000
2025-02-02 16:00:00,0.000000
2025-02-02 17:00:00,0.000000
2025-02-02 18:00:00,0.000000
2025-02-02 19:00:00,0.000000
2025-02-02 20:00:00,0.000000
2025-02-02 21:00:00,0.000000
2025-02-02 22:00:00,0.000000
2025-02-02 23:00:00,0.000000
2025-02-03 00:00:00,0.000000
2025-02-03 01:00:00,0.000000
2025-02-03 02:00:00,0.000000
2025-02-03 03:00:00,0.000000
2025-02-03 04:00:00,0.000000
2025-02-03 05:00:00,0.000000
2025-02-03 06:00:00,0.000061
2025-02-03 07:00:00,0.000305
2025-02-03 08:00:00,0.000702
2025-02-03 09:00:00,0.001282
2025-02-03 10:00:00,0.000977
2025-02-03 11:00:00,0.000977
2025-02-03 12:00:00,0.000458
2025-02-03 13:00:00,0.000366
2025-02-03 14:00:00,0.003113
2025-02-03 15:00:00,0.016724
2025-02-03 16:00:00,0.035034
2025-02-03 17:00:00,0.054749
2025-02-03 18:00:00,0.096436
2025-02-03 19:00:00,0.125977
2025-02-03 20:00:00,0.042908
2025-02-03 21:00:00,0.081482
2025-02-03 22:00:00,0.040039
2025-02-03 23:00:00,0.032898
2025-02-04 00:00:00,0.033630
2025-02-04 01:00:00,0.028442
2025-02-04 02:00:00,0.064148
2025-02-04 03:00:00,0.024109
2025-02-04 04:00:00,0.035767
2025-02-04 05:00:00,0.066589
2025-02-04 06:00:00,0.036987
2025-02-04 07:00:00,0.054077
2025-02-04 08:00:00,0.105530
2025-02-04 09:00:00,0.085571
2025-02-04 10:00:00,0.189758
2025-02-04 11:00:00,0.067383
2025-02-04 12:00:00,0.082703
2025-02-04 13:00:00,0.064362
2025-02-04 14:00:00,0.053040
2025-02-04 15:00:00,0.066650
2025-02-04 16:00:00,0.103088
2025-02-04 17:00:00,0.077576
2025-02-04 18:00:00,0.065430
2025-02-04 19:00:00,0.066650
2025-02-04 20:00:00,0.054443
2025-02-04 21:00:00,0.049805
2025-02-04 22:00:00,0.026428
2025-02-04 23:00:00,0.011780
2025-02-05 00:00:00,0.003418
2025-02-05 01:00:00,0.000671
2025-02-05 02:00:00,0.000122
2025-02-05 03:00:00,0.000000
2025-02-05 04:00:00,0.000000
2025-02-05 05:00:00,0.000000
2025-02-05 06:00:00,0.000000
2025-02-05 07:00:00,0.000000
2025-02-05 08:00:00,0.000000
2025-02-05 09:00:00,0.000000
2025-02-05 10:00:00,0.000000
2025-02-05 11:00:00,0.000000
2025-02-05 12:00:00,0.000000
2025-02-05 13:00:00,0.000000
2025-02-05 14:00:00,0.000000
2025-02-05 15:00:00,0.000000
2025-02-05 16:00:00,0.000000
2025-02-05 17:00:00,0.000000
2025-02-05 18:00:00,0.000000
2025-02-05 19:00:00,0.000000
2025-02-05 20:00:00,0.000000
2025-02-05 21:00:00,0.000000
2025-02-05 22:00:00,0.000000
2025-02-05 23:00:00,0.000000
2025-02-06 00:00:00,0.000000
2025-02-06 01:00:00,0.000000
2025-02-06 02:00:00,0.000000
2025-02-06 03:00:00,0.000000
2025-02-06 04:00:00,0.000000
2025-02-06 05:00:00,0.000000
2025-02-06 06:00:00,0.000000
2025-02-06 07:00:00,0.000000
2025-02-06 08:00:00,0.000000
2025-02-06 09:00:00,0.000000
2025-02-06 10:00:00,0.000000
2025-02-06 11:00:00,0.000000
2025-02-06 12:00:00,0.000000
2025-02-06 13:00:00,0.000000
2025-02-06 14:00:00,0.000000
2025-02-06 15:00:00,0.000000
2025-02-06 16:00:00,0.000000
2025-02-06 17:00:00,0.000000
2025-02-06 18:00:00,0.000000
2025-02-06 19:00:00,0.000000
2025-02-06 20:00:00,0.000000
2025-02-06 21:00:00,0.000000
2025-02-06 22:00:00,0.000000
2025-02-06 23:00:00,0.000000
2025-02-07 00:00:00,0.000000
2025-02-07 01:00:00,0.000000
2025-02-07 02:00:00,0.000000
2025-02-07 03:00:00,0.000000
2025-02-07 04:00:00,0.000000
2025-02-07 05:00:00,0.000000
2025-02-07 06:00:00,0.000000
2025-02-07 07:00:00,0.000000
2025-02-07 08:00:00,0.000000
2025-02-07 09:00:00,0.000000
2025-02-07 10:00:00,0.000000
2025-02-07 11:00:00,0.000000
2025-02-07 12:00:00,0.000000
2025-02-07 13:00:00,0.000000
2025-02-07 14:00:00,0.000000
2025-02-07 15:00:00,0.000000
2025-02-07 16:00:00,0.000000
2025-02-07 17:00:00,0.000000
2025-02-07 18:00:00,0.000000
2025-02-07 19:00:00,0.000000
2025-02-07 20:00:00,0.000000
2025-02-07 21:00:00,0.000000
2025-02-07 22:00:00,0.000000
2025-02-07 23:00:00,0.000000
2025-02-08 00:00:00,0.000000
2025-02-08 01:00:00,0.000000
2025-02-08 02:00:00,0.000000
2025-02-08 03:00:00,0.000000
2025-02-08 04:00:00,0.000000
2025-02-08 05:00:00,0.000000
2025-02-08 06:00:00,0.000000
2025-02-08 07:00:00,0.000000
2025-02-08 08:00:00,0.000000
2025-02-08 09:00:00,0.000000
2025-02-08 10:00:00,0.000000
2025-02-08 11:00:00,0.000000
2025-02-08 12:00:00,0.000000
2025-02-08 13:00:00,0.000000
2025-02-08 14:00:00,0.000000
2025-02-08 15:00:00,0.000000
2025-02-08 16:00:00,0.000000
2025-02-08 17:00:00,0.000000
2025-02-08 18:00:00,0.000000
2025-02-08 19:00:00,0.000000
2025-02-08 20:00:00,0.000000
2025-02-08 21:00:00,0.000000
2025-02-08 22:00:00,0.000000
2025-02-08 23:00:00,0.000000
2025-02-09 00:00:00,0.000000
2025-02-09 01:00:00,0.000000
2025-02-09 02:00:00,0.000000
2025-02-09 03:00:00,0.000000
2025-02-09 04:00:00,0.000000
2025-02-09 05:00:00,0.000000
2025-02-09 06:00:00,0.000061
2025-02-09 07:00:00,0.000122
2025-02-09 08:00:00,0.000183
2025-02-09 09:00:00,0.000214
2025-02-09 10:00:00,0.000000
2025-02-09 11:00:00,0.000000
2025-02-09 12:00:00,0.000000
2025-02-09 13:00:00,0.000000
2025-02-09 14:00:00,0.000000
2025-02-09 15:00:00,0.000000
2025-02-09 16:00:00,0.000000
2025-02-09 17:00:00,0.000000
2025-02-09 18:00:00,0.000000
2025-02-09 19:00:00,0.000000
2025-02-09 20:00:00,0.000000
2025-02-09 21:00:00,0.000000
2025-02-09 22:00:00,0.000183
2025-02-09 23:00:00,0.000183
2025-02-10 00:00:00,0.000183
2025-02-10 01:00:00,0.000000
2025-02-10 02:00:00,0.000122
2025-02-10 03:00:00,0.000183
2025-02-10 04:00:00,0.000061
2025-02-10 05:00:00,0.000061
2025-02-10 06:00:00,0.000061
2025-02-10 07:00:00,0.000366
2025-02-10 08:00:00,0.000092
2025-02-10 09:00:00,0.000000
2025-02-10 10:00:00,0.007751
2025-02-10 11:00:00,0.012268
2025-02-10 12:00:00,0.003479
2025-02-10 13:00:00,0.000549
2025-02-10 14:00:00,0.000061
2025-02-10 15:00:00,0.000000
2025-02-10 16:00:00,0.000000
2025-02-10 17:00:00,0.000000
2025-02-10 18:00:00,0.000000
2025-02-10 19:00:00,0.000000
2025-02-10 20:00:00,0.000000
2025-02-10 21:00:00,0.000000
2025-02-10 22:00:00,0.000000
2025-02-10 23:00:00,0.000000
2025-02-11 00:00:00,0.000061
2025-02-11 01:00:00,0.000000
2025-02-11 02:00:00,0.000000
2025-02-11 03:00:00,0.000061
2025-02-11 04:00:00,0.000000
2025-02-11 05:00:00,0.000000
2025-02-11 06:00:00,0.000000
2025-02-11 07:00:00,0.000000
2025-02-11 08:00:00,0.000000
2025-02-11 09:00:00,0.000000
2025-02-11 10:00:00,0.000000
2025-02-11 11:00:00,0.000000
2025-02-11 12:00:00,0.000000
2025-02-11 13:00:00,0.000000
2025-02-11 14:00:00,0.000000
2025-02-11 15:00:00,0.000000
2025-02-11 16:00:00,0.000061
2025-02-11 17:00:00,0.000122
2025-02-11 18:00:00,0.000122
2025-02-11 19:00:00,0.000122
2025-02-11 20:00:00,0.000427
2025-02-11 21:00:00,0.001404
2025-02-11 22:00:00,0.004730
2025-02-11 23:00:00,0.004028
2025-02-12 00:00:00,0.001648
2025-02-12 01:00:00,0.000183
2025-02-12 02:00:00,0.000031
2025-02-12 03:00:00,0.000000
2025-02-12 04:00:00,0.000000
2025-02-12 05:00:00,0.000000
2025-02-12 06:00:00,0.000000
2025-02-12 07:00:00,0.000000
2025-02-12 08:00:00,0.000000
2025-02-12 09:00:00,0.000000
2025-02-12 10:00:00,0.000000
2025-02-12 11:00:00,0.000000
2025-02-12 12:00:00,0.000000
2025-02-12 13:00:00,0.000000
2025-02-12 14:00:00,0.000000
2025-02-12 15:00:00,0.000000
2025-02-12 16:00:00,0.000000
2025-02-12 17:00:00,0.000000
2025-02-12 18:00:00,0.000000
2025-02-12 19:00:00,0.000000
2025-02-12 20:00:00,0.000000
2025-02-12 21:00:00,0.000000
2025-02-12 22:00:00,0.000000
2025-02-12 23:00:00,0.000000
2025-02-13 00:00:00,0.000000
2025-02-13 01:00:00,0.000000
2025-02-13 02:00:00,0.000000
2025-02-13 03:00:00,0.000000
2025-02-13 04:00:00,0.000000
2025-02-13 05:00:00,0.000000
2025-02-13 06:00:00,0.000000
2025-02-13 07:00:00,0.000000
2025-02-13 08:00:00,0.000000
2025-02-13 09:00:00,0.000000
2025-02-13 10:00:00,0.000000
2025-02-13 11:00:00,0.000000
2025-02-13 12:00:00,0.000000
2025-02-13 13:00:00,0.000000
2025-02-13 14:00:00,0.000000
2025-02-13 15:00:00,0.000000
2025-02-13 16:00:00,0.000000
2025-02-13 17:00:00,0.000000
2025-02-13 18:00:00,0.000000
2025-02-13 19:00:00,0.000000
2025-02-13 20:00:00,0.000000
2025-02-13 21:00:00,0.000000
2025-02-13 22:00:00,0.000000
2025-02-13 23:00:00,0.000000
2025-02-14 00:00:00,0.000000
2025-02-14 01:00:00,0.000000
2025-02-14 02:00:00,0.000000
2025-02-14 03:00:00,0.000000
2025-02-14 04:00:00,0.000000
2025-02-14 05:00:00,0.000000
2025-02-14 06:00:00,0.000000
2025-02-14 07:00:00,0.000000
2025-02-14 08:00:00,0.000000
2025-02-14 09:00:00,0.000000
2025-02-14 10:00:00,0.000000
2025-02-14 11:00:00,0.000000
2025-02-14 12:00:00,0.000000
2025-02-14 13:00:00,0.000000
2025-02-14 14:00:00,0.000000
2025-02-14 15:00:00,0.000000
2025-02-14 16:00:00,0.000000
2025-02-14 17:00:00,0.000000
2025-02-14 18:00:00,0.000000
2025-02-14 19:00:00,0.001190
2025-02-14 20:00:00,0.000000
2025-02-14 21:00:00,0.000031
2025-02-14 22:00:00,0.000092
2025-02-14 23:00:00,0.003510
2025-02-15 00:00:00,0.007446
2025-02-15 01:00:00,0.005493
2025-02-15 02:00:00,0.001526
2025-02-15 03:00:00,0.000885
2025-02-15 04:00:00,0.000763
2025-02-15 05:00:00,0.002441
2025-02-15 06:00:00,0.004395
2025-02-15 07:00:00,0.000671
2025-02-15 08:00:00,0.000061
2025-02-15 09:00:00,0.000031
2025-02-15 10:00:00,0.000000
2025-02-15 11:00:00,0.000000
2025-02-15 12:00:00,0.000000
2025-02-15 13:00:00,0.000000
2025-02-15 14:00:00,0.000000
2025-02-15 15:00:00,0.000000
2025-02-15 16:00:00,0.000000
2025-02-15 17:00:00,0.000000
2025-02-15 18:00:00,0.000000
2025-02-15 19:00:00,0.000000
2025-02-15 20:00:00,0.000000
2025-02-15 21:00:00,0.000000
2025-02-15 22:00:00,0.000000
2025-02-15 23:00:00,0.000000
2025-02-16 00:00:00,0.000000
2025-02-16 01:00:00,0.000000
2025-02-16 02:00:00,0.000000
2025-02-16 03:00:00,0.000000
2025-02-16 04:00:00,0.000000
2025-02-16 05:00:00,0.000000
2025-02-16 06:00:00,0.000000
2025-02-16 07:00:00,0.000000
2025-02-16 08:00:00,0.000000
2025-02-16 09:00:00,0.000031
2025-02-16 10:00:00,0.000000
2025-02-16 11:00:00,0.000000
2025-02-16 12:00:00,0.003632
2025-02-16 13:00:00,0.000061
2025-02-16 14:00:00,0.017151
2025-02-16 15:00:00,0.055328
2025-02-16 16:00:00,0.038727
2025-02-16 17:00:00,0.005829
2025-02-16 18:00:00,0.004517
2025-02-16 19:00:00,0.000946
2025-02-16 20:00:00,0.000031
2025-02-16 21:00:00,0.000244
2025-02-16 22:00:00,0.003387
2025-02-16 23:00:00,0.007507
2025-02-17 00:00:00,0.004639
2025-02-17 01:00:00,0.001465
2025-02-17 02:00:00,0.000549
2025-02-17 03:00:00,0.000000
2025-02-17 04:00:00,0.000061
2025-02-17 05:00:00,0.000183
2025-02-17 06:00:00,0.000122
2025-02-17 07:00:00,0.000061
2025-02-17 08:00:00,0.000061
2025-02-17 09:00:00,0.000092
2025-02-17 10:00:00,0.000061
2025-02-17 11:00:00,0.000122
2025-02-17 12:00:00,0.000183
2025-02-17 13:00:00,0.000122
2025-02-17 14:00:00,0.000000
2025-02-17 15:00:00,0.000000
2025-02-17 16:00:00,0.000092
2025-02-17 17:00:00,0.000763
2025-02-17 18:00:00,0.003754
2025-02-17 19:00:00,0.000122
2025-02-17 20:00:00,0.000000
2025-02-17 21:00:00,0.000122
2025-02-17 22:00:00,0.000061
2025-02-17 23:00:00,0.000244
2025-02-18 00:00:00,0.000153
2025-02-18 01:00:00,0.000641
2025-02-18 02:00:00,0.000458
2025-02-18 03:00:00,0.000427
2025-02-18 04:00:00,0.000305
2025-02-18 05:00:00,0.000244
2025-02-18 06:00:00,0.000427
2025-02-18 07:00:00,0.000061
2025-02-18 08:00:00,0.000000
2025-02-18 09:00:00,0.000000
2025-02-18 10:00:00,0.000000
2025-02-18 11:00:00,0.000061
2025-02-18 12:00:00,0.000183
2025-02-18 13:00:00,0.000244
2025-02-18 14:00:00,0.000122
2025-02-18 15:00:00,0.000031
2025-02-18 16:00:00,0.000000
2025-02-18 17:00:00,0.000000
2025-02-18 18:00:00,0.000000
2025-02-18 19:00:00,0.000000
2025-02-18 20:00:00,0.000000
2025-02-18 21:00:00,0.000000
2025-02-18 22:00:00,0.000000
2025-02-18 23:00:00,0.000000
2025-02-19 00:00:00,0.000000
2025-02-19 01:00:00,0.000000
2025-02-19 02:00:00,0.000000
2025-02-19 03:00:00,0.000000
2025-02-19 04:00:00,0.000000
2025-02-19 05:00:00,0.000000
2025-02-19 06:00:00,0.000000
2025-02-19 07:00:00,0.000000
2025-02-19 08:00:00,0.000000
2025-02-19 09:00:00,0.000122
2025-02-19 10:00:00,0.000000
2025-02-19 11:00:00,0.000092
2025-02-19 12:00:00,0.002502
2025-02-19 13:00:00,0.007904
2025-02-19 14:00:00,0.006287
2025-02-19 15:00:00,0.003632
2025-02-19 16:00:00,0.012390
2025-02-19 17:00:00,0.028809
2025-02-19 18:00:00,0.027985
2025-02-19 19:00:00,0.004211
2025-02-19 20:00:00,0.023407
2025-02-19 21:00:00,0.051208
2025-02-19 22:00:00,0.050537
2025-02-19 23:00:00,0.038940
2025-02-20 00:00:00,0.051208
2025-02-20 01:00:00,0.048798
2025-02-20 02:00:00,0.045380
2025-02-20 03:00:00,0.022949
2025-02-20 04:00:00,0.020874
2025-02-20 05:00:00,0.005524
2025-02-20 06:00:00,0.005920
2025-02-20 07:00:00,0.004395
2025-02-20 08:00:00,0.002014
2025-02-20 09:00:00,0.001831
2025-02-20 10:00:00,0.003845
2025-02-20 11:00:00,0.011353
2025-02-20 12:00:00,0.014038
2025-02-20 13:00:00,0.013611
2025-02-20 14:00:00,0.004669
2025-02-20 15:00:00,0.016815
2025-02-20 16:00:00,0.062195
2025-02-20 17:00:00,0.071777
2025-02-20 18:00:00,0.088806
2025-02-20 19:00:00,0.125122
2025-02-20 20:00:00,0.091125
2025-02-20 21:00:00,0.040100
2025-02-20 22:00:00,0.008728
2025-02-20 23:00:00,0.004028
2025-02-21 00:00:00,0.001556
2025-02-21 01:00:00,0.000397
2025-02-21 02:00:00,0.000183
2025-02-21 03:00:00,0.000122
2025-02-21 04:00:00,0.000061
2025-02-21 05:00:00,0.000061
2025-02-21 06:00:00,0.000000
2025-02-21 07:00:00,0.000000
2025-02-21 08:00:00,0.000885
2025-02-21 09:00:00,0.011841
2025-02-21 10:00:00,0.012146
2025-02-21 11:00:00,0.024536
2025-02-21 12:00:00,0.011719
2025-02-21 13:00:00,0.003082
2025-02-21 14:00:00,0.001160
2025-02-21 15:00:00,0.001007
2025-02-21 16:00:00,0.001343
2025-02-21 17:00:00,0.001068
2025-02-21 18:00:00,0.000916
2025-02-21 19:00:00,0.000427
2025-02-21 20:00:00,0.000183
2025-02-21 21:00:00,0.000122
2025-02-21 22:00:00,0.000000
2025-02-21 23:00:00,0.000000
2025-02-22 00:00:00,0.000000
2025-02-22 01:00:00,0.000000
2025-02-22 02:00:00,0.000000
2025-02-22 03:00:00,0.000000
2025-02-22 04:00:00,0.000000
2025-02-22 05:00:00,0.000000
2025-02-22 06:00:00,0.000031
2025-02-22 07:00:00,0.000000
2025-02-22 08:00:00,0.000153
2025-02-22 09:00:00,0.000061
2025-02-22 10:00:00,0.000305
2025-02-22 11:00:00,0.000000
2025-02-22 12:00:00,0.000000
2025-02-22 13:00:00,0.000000
2025-02-22 14:00:00,0.000000
2025-02-22 15:00:00,0.000000
2025-02-22 16:00:00,0.000000
2025-02-22 17:00:00,0.000000
2025-02-22 18:00:00,0.000000
2025-02-22 19:00:00,0.000000
2025-02-22 20:00:00,0.000000
2025-02-22 21:00:00,0.000000
2025-02-22 22:00:00,0.000000
2025-02-22 23:00:00,0.000000
2025-02-23 00:00:00,0.000000
2025-02-23 01:00:00,0.000000
2025-02-23 02:00:00,0.000000
2025-02-23 03:00:00,0.000000
2025-02-23 04:00:00,0.000000
2025-02-23 05:00:00,0.000000
2025-02-23 06:00:00,0.000000
2025-02-23 07:00:00,0.000000
2025-02-23 08:00:00,0.000000
2025-02-23 09:00:00,0.000000
2025-02-23 10:00:00,0.000000
2025-02-23 11:00:00,0.000000
2025-02-23 12:00:00,0.000000
2025-02-23 13:00:00,0.000000
2025-02-23 14:00:00,0.000000
2025-02-23 15:00:00,0.000000
2025-02-23 16:00:00,0.000000
2025-02-23 17:00:00,0.000000
2025-02-23 18:00:00,0.000000
2025-02-23 19:00:00,0.000000
2025-02-23 20:00:00,0.000000
2025-02-23 21:00:00,0.000000
2025-02-23 22:00:00,0.000000
2025-02-23 23:00:00,0.000000
2025-02-24 00:00:00,0.000000
2025-02-24 01:00:00,0.000000
2025-02-24 02:00:00,0.000000
2025-02-24 03:00:00,0.000000
2025-02-24 04:00:00,0.000000
2025-02-24 05:00:00,0.000000
2025-02-24 06:00:00,0.000000
2025-02-24 07:00:00,0.000000
2025-02-24 08:00:00,0.000000
2025-02-24 09:00:00,0.000000
2025-02-24 10:00:00,0.000000
2025-02-24 11:00:00,0.000000
2025-02-24 12:00:00,0.000000
2025-02-24 13:00:00,0.000000
2025-02-24 14:00:00,0.000000
2025-02-24 15:00:00,0.000000
2025-02-24 16:00:00,0.000000
2025-02-24 17:00:00,0.000000
2025-02-24 18:00:00,0.000000
2025-02-24 19:00:00,0.000000
2025-02-24 20:00:00,0.000000
2025-02-24 21:00:00,0.000000
2025-02-24 22:00:00,0.000000
2025-02-24 23:00:00,0.000000
2025-02-25 00:00:00,0.000000
2025-02-25 01:00:00,0.000000
2025-02-25 02:00:00,0.000000
2025-02-25 03:00:00,0.000031
2025-02-25 04:00:00,0.000000
2025-02-25 05:00:00,0.000000
2025-02-25 06:00:00,0.000000
2025-02-25 07:00:00,0.000000
2025-02-25 08:00:00,0.000061
2025-02-25 09:00:00,0.000122
2025-02-25 10:00:00,0.001526
2025-02-25 11:00:00,0.000610
2025-02-25 12:00:00,0.000000
2025-02-25 13:00:00,0.000000
2025-02-25 14:00:00,0.000000
2025-02-25 15:00:00,0.000000
2025-02-25 16:00:00,0.000000
2025-02-25 17:00:00,0.000000
2025-02-25 18:00:00,0.000000
2025-02-25 19:00:00,0.000000
2025-02-25 20:00:00,0.000488
2025-02-25 21:00:00,0.002197
2025-02-25 22:00:00,0.000000
2025-02-25 23:00:00,0.000000
2025-02-26 00:00:00,0.000000
2025-02-26 01:00:00,0.000000
2025-02-26 02:00:00,0.017029
2025-02-26 03:00:00,0.001495
2025-02-26 04:00:00,0.000000
2025-02-26 05:00:00,0.000000
2025-02-26 06:00:00,0.000000
2025-02-26 07:00:00,0.000000
2025-02-26 08:00:00,0.000000
2025-02-26 09:00:00,0.006866
2025-02-26 10:00:00,0.001099
2025-02-26 11:00:00,0.000671
2025-02-26 12:00:00,0.000183
2025-02-26 13:00:00,0.000549
2025-02-26 14:00:00,0.016388
2025-02-26 15:00:00,0.036102
2025-02-26 16:00:00,0.013000
2025-02-26 17:00:00,0.001373
2025-02-26 18:00:00,0.000122
2025-02-26 19:00:00,0.000092
2025-02-26 20:00:00,0.010437
2025-02-26 21:00:00,0.000854
2025-02-26 22:00:00,0.000366
2025-02-26 23:00:00,0.005096
2025-02-27 00:00:00,0.008972
2025-02-27 01:00:00,0.011139
2025-02-27 02:00:00,0.012939
2025-02-27 03:00:00,0.017426
2025-02-27 04:00:00,0.018311
2025-02-27 05:00:00,0.045471
2025-02-27 06:00:00,0.008301
2025-02-27 07:00:00,0.000122
2025-02-27 08:00:00,0.015930
2025-02-27 09:00:00,0.000305
2025-02-27 10:00:00,0.000671
2025-02-27 11:00:00,0.000488
2025-02-27 12:00:00,0.002808
2025-02-27 13:00:00,0.001221
2025-02-27 14:00:00,0.002075
2025-02-27 15:00:00,0.041626
2025-02-27 16:00:00,0.021729
2025-02-27 17:00:00,0.016846
2025-02-27 18:00:00,0.139771
2025-02-27 19:00:00,0.052612
2025-02-27 20:00:00,0.125732
2025-02-27 21:00:00,0.298950
2025-02-27 22:00:00,0.126282
2025-02-27 23:00:00,0.060425
2025-02-28 00:00:00,0.013123
2025-02-28 01:00:00,0.036072
2025-02-28 02:00:00,0.100525
2025-02-28 03:00:00,0.023376
2025-02-28 04:00:00,0.007324
2025-02-28 05:00:00,0.029114
2025-02-28 06:00:00,0.000061
2025-02-28 07:00:00,0.009216
2025-02-28 08:00:00,0.007019
2025-02-28 09:00:00,0.003265
2025-02-28 10:00:00,0.036774
2025-02-28 11:00:00,0.032959
2025-02-28 12:00:00,0.059113
2025-02-28 13:00:00,0.040771
2025-02-28 14:00:00,0.019592
2025-02-28 15:00:00,0.010498
2025-02-28 16:00:00,0.029541
2025-02-28 17:00:00,0.054932
2025-02-28 18:00:00,0.056213
2025-02-28 19:00:00,0.036194
2025-02-28 20:00:00,0.060669
2025-02-28 21:00:00,0.044586
2025-02-28 22:00:00,0.135498
2025-02-28 23:00:00,0.033325
2025-03-01 00:00:00,0.029968
2025-03-01 01:00:00,0.045319
2025-03-01 02:00:00,0.031494
2025-03-01 03:00:00,0.026276
2025-03-01 04:00:00,0.044983
2025-03-01 05:00:00,0.058044
2025-03-01 06:00:00,0.079102
2025-03-01 07:00:00,0.087952
2025-03-01 08:00:00,0.080505
2025-03-01 09:00:00,0.076416
2025-03-01 10:00:00,0.047119
2025-03-01 11:00:00,0.073242
2025-03-01 12:00:00,0.070251
2025-03-01 13:00:00,0.056335
2025-03-01 14:00:00,0.059998
2025-03-01 15:00:00,0.079773
2025-03-01 16:00:00,0.077881
2025-03-01 17:00:00,0.072998
2025-03-01 18:00:00,0.066284
2025-03-01 19:00:00,0.056702
2025-03-01 20:00:00,0.043457
2025-03-01 21:00:00,0.028076
2025-03-01 22:00:00,0.020874
2025-03-01 23:00:00,0.014832
2025-03-02 00:00:00,0.010681
2025-03-02 01:00:00,0.006775
2025-03-02 02:00:00,0.003113
2025-03-02 03:00:00,0.000488
2025-03-02 04:00:00,0.000122
2025-03-02 05:00:00,0.000000
2025-03-02 06:00:00,0.000000
2025-03-02 07:00:00,0.000000
2025-03-02 08:00:00,0.000000
2025-03-02 09:00:00,0.000000
2025-03-02 10:00:00,0.000000
2025-03-02 11:00:00,0.000000
2025-03-02 12:00:00,0.000000
2025-03-02 13:00:00,0.000000
2025-03-02 14:00:00,0.000000
2025-03-02 15:00:00,0.000000
2025-03-02 16:00:00,0.000000
2025-03-02 17:00:00,0.000000
2025-03-02 18:00:00,0.000000
2025-03-02 19:00:00,0.000000
2025-03-02 20:00:00,0.000000
2025-03-02 21:00:00,0.000000
2025-03-02 22:00:00,0.000000
2025-03-02 23:00:00,0.000000
2025-03-03 00:00:00,0.000000
2025-03-03 01:00:00,0.000000
2025-03-03 02:00:00,0.000000
2025-03-03 03:00:00,0.000000
2025-03-03 04:00:00,0.000000
2025-03-03 05:00:00,0.000122
2025-03-03 06:00:00,0.000793
2025-03-03 07:00:00,0.002014
2025-03-03 08:00:00,0.002258
2025-03-03 09:00:00,0.021301
2025-03-03 10:00:00,0.042114
2025-03-03 11:00:00,0.047791
2025-03-03 12:00:00,0.042542
2025-03-03 13:00:00,0.018066
2025-03-03 14:00:00,0.022156
2025-03-03 15:00:00,0.028198
2025-03-03 16:00:00,0.027649
2025-03-03 17:00:00,0.026489
2025-03-03 18:00:00,0.024231
2025-03-03 19:00:00,0.020996
2025-03-03 20:00:00,0.020020
2025-03-03 21:00:00,0.017944
2025-03-03 22:00:00,0.031921
2025-03-03 23:00:00,0.025757
2025-03-04 00:00:00,0.022095
2025-03-04 01:00:00,0.009766
2025-03-04 02:00:00,0.000305
2025-03-04 03:00:00,0.000000
2025-03-04 04:00:00,0.000000
2025-03-04 05:00:00,0.000000
2025-03-04 06:00:00,0.000000
2025-03-04 07:00:00,0.000000
2025-03-04 08:00:00,0.006958
2025-03-04 09:00:00,0.005005
2025-03-04 10:00:00,0.007141
2025-03-04 11:00:00,0.002563
2025-03-04 12:00:00,0.000061
2025-03-04 13:00:00,0.000000
2025-03-04 14:00:00,0.000000
2025-03-04 15:00:00,0.000000
2025-03-04 16:00:00,0.000000
2025-03-04 17:00:00,0.000000
2025-03-04 18:00:00,0.000000
2025-03-04 19:00:00,0.000000
2025-03-04 20:00:00,0.000000
2025-03-04 21:00:00,0.000000
2025-03-04 22:00:00,0.000000
2025-03-04 23:00:00,0.000000
2025-03-05 00:00:00,0.000000
2025-03-05 01:00:00,0.000000
2025-03-05 02:00:00,0.000000
2025-03-05 03:00:00,0.000000
2025-03-05 04:00:00,0.000000
2025-03-05 05:00:00,0.000000
2025-03-05 06:00:00,0.000000
2025-03-05 07:00:00,0.000000
2025-03-05 08:00:00,0.000000
2025-03-05 09:00:00,0.000000
2025-03-05 10:00:00,0.000000
2025-03-05 11:00:00,0.000000
2025-03-05 12:00:00,0.000000
2025-03-05 13:00:00,0.000000
2025-03-05 14:00:00,0.000000
2025-03-05 15:00:00,0.000000
2025-03-05 16:00:00,0.000000
2025-03-05 17:00:00,0.000000
2025-03-05 18:00:00,0.000000
2025-03-05 19:00:00,0.000000
2025-03-05 20:00:00,0.000000
2025-03-05 21:00:00,0.000000
2025-03-05 22:00:00,0.000000
2025-03-05 23:00:00,0.000000
2025-03-06 00:00:00,0.000000
2025-03-06 01:00:00,0.000000
2025-03-06 02:00:00,0.000000
2025-03-06 03:00:00,0.000000
2025-03-06 04:00:00,0.000000
2025-03-06 05:00:00,0.000000
2025-03-06 06:00:00,0.000000
2025-03-06 07:00:00,0.000000
2025-03-06 08:00:00,0.000000
2025-03-06 09:00:00,0.000000
2025-03-06 10:00:00,0.000000
2025-03-06 11:00:00,0.000000
2025-03-06 12:00:00,0.000000
2025-03-06 13:00:00,0.000000
2025-03-06 14:00:00,0.000000
2025-03-06 15:00:00,0.000000
2025-03-06 16:00:00,0.000000
2025-03-06 17:00:00,0.000000
2025-03-06 18:00:00,0.000000
2025-03-06 19:00:00,0.000000
2025-03-06 20:00:00,0.000000
2025-03-06 21:00:00,0.000000
2025-03-06 22:00:00,0.000000
2025-03-06 23:00:00,0.000000
2025-03-07 00:00:00,0.000000
2025-03-07 01:00:00,0.000000
2025-03-07 02:00:00,0.000000
2025-03-07 03:00:00,0.000000
2025-03-07 04:00:00,0.000000
2025-03-07 05:00:00,0.000000
2025-03-07 06:00:00,0.000000
2025-03-07 07:00:00,0.000000
2025-03-07 08:00:00,0.000000
2025-03-07 09:00:00,0.000000
2025-03-07 10:00:00,0.000000
2025-03-07 11:00:00,0.000000
2025-03-07 12:00:00,0.000000
2025-03-07 13:00:00,0.000000
2025-03-07 14:00:00,0.000000
2025-03-07 15:00:00,0.000000
2025-03-07 16:00:00,0.000000
2025-03-07 17:00:00,0.000000
2025-03-07 18:00:00,0.000000
2025-03-07 19:00:00,0.000000
2025-03-07 20:00:00,0.000000
2025-03-07 21:00:00,0.000000
2025-03-07 22:00:00,0.000000
2025-03-07 23:00:00,0.000000
2025-03-08 00:00:00,0.000000
2025-03-08 01:00:00,0.000000
2025-03-08 02:00:00,0.000000
2025-03-08 03:00:00,0.000000
2025-03-08 04:00:00,0.000000
2025-03-08 05:00:00,0.000000
2025-03-08 06:00:00,0.000000
2025-03-08 07:00:00,0.000000
2025-03-08 08:00:00,0.000000
2025-03-08 09:00:00,0.000000
2025-03-08 10:00:00,0.000000
2025-03-08 11:00:00,0.000000
2025-03-08 12:00:00,0.000000
2025-03-08 13:00:00,0.000000
2025-03-08 14:00:00,0.000000
2025-03-08 15:00:00,0.000000
2025-03-08 16:00:00,0.000000
2025-03-08 17:00:00,0.000000
2025-03-08 18:00:00,0.000000
2025-03-08 19:00:00,0.000000
2025-03-08 20:00:00,0.000000
2025-03-08 21:00:00,0.000000
2025-03-08 22:00:00,0.000000
2025-03-08 23:00:00,0.000000
2025-03-09 00:00:00,0.000000
2025-03-09 01:00:00,0.000000
2025-03-09 02:00:00,0.000000
2025-03-09 03:00:00,0.000000
2025-03-09 04:00:00,0.000000
2025-03-09 05:00:00,0.000000
2025-03-09 06:00:00,0.000000
2025-03-09 07:00:00,0.000000
2025-03-09 08:00:00,0.000000
2025-03-09 09:00:00,0.000000
2025-03-09 10:00:00,0.000000
2025-03-09 11:00:00,0.000000
2025-03-09 12:00:00,0.000000
2025-03-09 13:00:00,0.000000
2025-03-09 14:00:00,0.000000
2025-03-09 15:00:00,0.000000
2025-03-09 16:00:00,0.000000
2025-03-09 17:00:00,0.000000
2025-03-09 18:00:00,0.000000
2025-03-09 19:00:00,0.000000
2025-03-09 20:00:00,0.000000
2025-03-09 21:00:00,0.000000
2025-03-09 22:00:00,0.000000
2025-03-09 23:00:00,0.000000
2025-03-10 00:00:00,0.000183
2025-03-10 01:00:00,0.000458
2025-03-10 02:00:00,0.000458
2025-03-10 03:00:00,0.000549
2025-03-10 04:00:00,0.001099
2025-03-10 05:00:00,0.001221
2025-03-10 06:00:00,0.000610
2025-03-10 07:00:00,0.000183
2025-03-10 08:00:00,0.000061
2025-03-10 09:00:00,0.000000
2025-03-10 10:00:00,0.000000
2025-03-10 11:00:00,0.000000
2025-03-10 12:00:00,0.000000
2025-03-10 13:00:00,0.000000
2025-03-10 14:00:00,0.000000
2025-03-10 15:00:00,0.000000
2025-03-10 16:00:00,0.000000
2025-03-10 17:00:00,0.000000
2025-03-10 18:00:00,0.000000
2025-03-10 19:00:00,0.000000
2025-03-10 20:00:00,0.000000
2025-03-10 21:00:00,0.000000
2025-03-10 22:00:00,0.000000
2025-03-10 23:00:00,0.000000
2025-03-11 00:00:00,0.000000
2025-03-11 01:00:00,0.000000
2025-03-11 02:00:00,0.000000
2025-03-11 03:00:00,0.000000
2025-03-11 04:00:00,0.000000
2025-03-11 05:00:00,0.000000
2025-03-11 06:00:00,0.000000
2025-03-11 07:00:00,0.000000
2025-03-11 08:00:00,0.000000
2025-03-11 09:00:00,0.000000
2025-03-11 10:00:00,0.000000
2025-03-11 11:00:00,0.000000
2025-03-11 12:00:00,0.000000
2025-03-11 13:00:00,0.000000
2025-03-11 14:00:00,0.000000
2025-03-11 15:00:00,0.000000
2025-03-11 16:00:00,0.000000
2025-03-11 17:00:00,0.000000
2025-03-11 18:00:00,0.000244
2025-03-11 19:00:00,0.001465
2025-03-11 20:00:00,0.000427
2025-03-11 21:00:00,0.000122
2025-03-11 22:00:00,0.000000
2025-03-11 23:00:00,0.000000
2025-03-12 00:00:00,0.000000
2025-03-12 01:00:00,0.000000
2025-03-12 02:00:00,0.000000
2025-03-12 03:00:00,0.000000
2025-03-12 04:00:00,0.000000
2025-03-12 05:00:00,0.000000
2025-03-12 06:00:00,0.000000
2025-03-12 07:00:00,0.000000
2025-03-12 08:00:00,0.000000
2025-03-12 09:00:00,0.000000
2025-03-12 10:00:00,0.000000
2025-03-12 11:00:00,0.000061
2025-03-12 12:00:00,0.000580
2025-03-12 13:00:00,0.000092
2025-03-12 14:00:00,0.000031
2025-03-12 15:00:00,0.000000
2025-03-12 16:00:00,0.000000
2025-03-12 17:00:00,0.000000
2025-03-12 18:00:00,0.000000
2025-03-12 19:00:00,0.000000
2025-03-12 20:00:00,0.000244
2025-03-12 21:00:00,0.001648
2025-03-12 22:00:00,0.008911
2025-03-12 23:00:00,0.001678
2025-03-13 00:00:00,0.001984
2025-03-13 01:00:00,0.000183
2025-03-13 02:00:00,0.000061
2025-03-13 03:00:00,0.000305
2025-03-13 04:00:00,0.000977
2025-03-13 05:00:00,0.001648
2025-03-13 06:00:00,0.002258
2025-03-13 07:00:00,0.004211
2025-03-13 08:00:00,0.007812
2025-03-13 09:00:00,0.015015
2025-03-13 10:00:00,0.106140
2025-03-13 11:00:00,0.045837
2025-03-13 12:00:00,0.060059
2025-03-13 13:00:00,0.049744
2025-03-13 14:00:00,0.037109
2025-03-13 15:00:00,0.009644
2025-03-13 16:00:00,0.004211
2025-03-13 17:00:00,0.001038
2025-03-13 18:00:00,0.000244
2025-03-13 19:00:00,0.000244
2025-03-13 20:00:00,0.000122
2025-03-13 21:00:00,0.000122
2025-03-13 22:00:00,0.000580
2025-03-13 23:00:00,0.000275
2025-03-14 00:00:00,0.000061
2025-03-14 01:00:00,0.000092
2025-03-14 02:00:00,0.000092
2025-03-14 03:00:00,0.000061
2025-03-14 04:00:00,0.000092
2025-03-14 05:00:00,0.000000
2025-03-14 06:00:00,0.007141
2025-03-14 07:00:00,0.053986
2025-03-14 08:00:00,0.021606
2025-03-14 09:00:00,0.009949
2025-03-14 10:00:00,0.038269
2025-03-14 11:00:00,0.183899
2025-03-14 12:00:00,0.084625
2025-03-14 13:00:00,0.048706
2025-03-14 14:00:00,0.028015
2025-03-14 15:00:00,0.030212
2025-03-14 16:00:00,0.022156
2025-03-14 17:00:00,0.010620
2025-03-14 18:00:00,0.003906
2025-03-14 19:00:00,0.004059
2025-03-14 20:00:00,0.017395
2025-03-14 21:00:00,0.019836
2025-03-14 22:00:00,0.047363
2025-03-14 23:00:00,0.013611
2025-03-15 00:00:00,0.021484
2025-03-15 01:00:00,0.005005
2025-03-15 02:00:00,0.001404
2025-03-15 03:00:00,0.000610
2025-03-15 04:00:00,0.000488
2025-03-15 05:00:00,0.000244
2025-03-15 06:00:00,0.000122
2025-03-15 07:00:00,0.000061
2025-03-15 08:00:00,0.000061
2025-03-15 09:00:00,0.000183
2025-03-15 10:00:00,0.001648
2025-03-15 11:00:00,0.004944
2025-03-15 12:00:00,0.005402
2025-03-15 13:00:00,0.006775
2025-03-15 14:00:00,0.002991
2025-03-15 15:00:00,0.001465
2025-03-15 16:00:00,0.002502
2025-03-15 17:00:00,0.004517
2025-03-15 18:00:00,0.006348
2025-03-15 19:00:00,0.006165
2025-03-15 20:00:00,0.007141
2025-03-15 21:00:00,0.007324
2025-03-15 22:00:00,0.027344
2025-03-15 23:00:00,0.048889
2025-03-16 00:00:00,0.049622
2025-03-16 01:00:00,0.023865
2025-03-16 02:00:00,0.010071
2025-03-16 03:00:00,0.007568
2025-03-16 04:00:00,0.008179
2025-03-16 05:00:00,0.007446
2025-03-16 06:00:00,0.006958
2025-03-16 07:00:00,0.005310
2025-03-16 08:00:00,0.016907
2025-03-16 09:00:00,0.038269
2025-03-16 10:00:00,0.009827
2025-03-16 11:00:00,0.043274
2025-03-16 12:00:00,0.018311
2025-03-16 13:00:00,0.010864
2025-03-16 14:00:00,0.001038
2025-03-16 15:00:00,0.000610
2025-03-16 16:00:00,0.000427
2025-03-16 17:00:00,0.000488
2025-03-16 18:00:00,0.000610
2025-03-16 19:00:00,0.000916
2025-03-16 20:00:00,0.000977
2025-03-16 21:00:00,0.000824
2025-03-16 22:00:00,0.000610
2025-03-16 23:00:00,0.000366
2025-03-17 00:00:00,0.000031
2025-03-17 01:00:00,0.000000
2025-03-17 02:00:00,0.000000
2025-03-17 03:00:00,0.000000
2025-03-17 04:00:00,0.000000
2025-03-17 05:00:00,0.000000
2025-03-17 06:00:00,0.056305
2025-03-17 07:00:00,0.064270
2025-03-17 08:00:00,0.054108
2025-03-17 09:00:00,0.012726
2025-03-17 10:00:00,0.005249
2025-03-17 11:00:00,0.001587
2025-03-17 12:00:00,0.000366
2025-03-17 13:00:00,0.000061
2025-03-17 14:00:00,0.000061
2025-03-17 15:00:00,0.000031
2025-03-17 16:00:00,0.000000
2025-03-17 17:00:00,0.000000
2025-03-17 18:00:00,0.000000
2025-03-17 19:00:00,0.000000
2025-03-17 20:00:00,0.000000
2025-03-17 21:00:00,0.000000
2025-03-17 22:00:00,0.000000
2025-03-17 23:00:00,0.000000
2025-03-18 00:00:00,0.000000
2025-03-18 01:00:00,0.000000
2025-03-18 02:00:00,0.000000
2025-03-18 03:00:00,0.000000
2025-03-18 04:00:00,0.000000
2025-03-18 05:00:00,0.000000
2025-03-18 06:00:00,0.000000
2025-03-18 07:00:00,0.000000
2025-03-18 08:00:00,0.000000
2025-03-18 09:00:00,0.000000
2025-03-18 10:00:00,0.000000
2025-03-18 11:00:00,0.000000
2025-03-18 12:00:00,0.000000
2025-03-18 13:00:00,0.000000
2025-03-18 14:00:00,0.000000
2025-03-18 15:00:00,0.000000
2025-03-18 16:00:00,0.000000
2025-03-18 17:00:00,0.000000
2025-03-18 18:00:00,0.000061
2025-03-18 19:00:00,0.000061
2025-03-18 20:00:00,0.000061
2025-03-18 21:00:00,0.000061
2025-03-18 22:00:00,0.000000
2025-03-18 23:00:00,0.000000
2025-03-19 00:00:00,0.000000
2025-03-19 01:00:00,0.000000
2025-03-19 02:00:00,0.000000
2025-03-19 03:00:00,0.000000
2025-03-19 04:00:00,0.000000
2025-03-19 05:00:00,0.000000
2025-03-19 06:00:00,0.000000
2025-03-19 07:00:00,0.000000
2025-03-19 08:00:00,0.000000
2025-03-19 09:00:00,0.001953
2025-03-19 10:00:00,0.013550
2025-03-19 11:00:00,0.020386
2025-03-19 12:00:00,0.003540
2025-03-19 13:00:00,0.000366
2025-03-19 14:00:00,0.000183
2025-03-19 15:00:00,0.000000
2025-03-19 16:00:00,0.000000
2025-03-19 17:00:00,0.000000
2025-03-19 18:00:00,0.000000
2025-03-19 19:00:00,0.000000
2025-03-19 20:00:00,0.000000
2025-03-19 21:00:00,0.000000
2025-03-19 22:00:00,0.000000
2025-03-19 23:00:00,0.000000
2025-03-20 00:00:00,0.000000
2025-03-20 01:00:00,0.000122
2025-03-20 02:00:00,0.000366
2025-03-20 03:00:00,0.000580
2025-03-20 04:00:00,0.000092
2025-03-20 05:00:00,0.000000
2025-03-20 06:00:00,0.000000
2025-03-20 07:00:00,0.006104
2025-03-20 08:00:00,0.011292
2025-03-20 09:00:00,0.004333
2025-03-20 10:00:00,0.000977
2025-03-20 11:00:00,0.000031
2025-03-20 12:00:00,0.000000
2025-03-20 13:00:00,0.000000
2025-03-20 14:00:00,0.000000
2025-03-20 15:00:00,0.000061
2025-03-20 16:00:00,0.000061
2025-03-20 17:00:00,0.000000
2025-03-20 18:00:00,0.000000
2025-03-20 19:00:00,0.000000
2025-03-20 20:00:00,0.000000
2025-03-20 21:00:00,0.000000
2025-03-20 22:00:00,0.000000
2025-03-20 23:00:00,0.000000
2025-03-21 00:00:00,0.000000
2025-03-21 01:00:00,0.000000
2025-03-21 02:00:00,0.000000
2025-03-21 03:00:00,0.000000
2025-03-21 04:00:00,0.000000
2025-03-21 05:00:00,0.000000
2025-03-21 06:00:00,0.000000
2025-03-21 07:00:00,0.000000
2025-03-21 08:00:00,0.000000
2025-03-21 09:00:00,0.000061
2025-03-21 10:00:00,0.007782
2025-03-21 11:00:00,0.000977
2025-03-21 12:00:00,0.000122
2025-03-21 13:00:00,0.000000
2025-03-21 14:00:00,0.000000
2025-03-21 15:00:00,0.000000
2025-03-21 16:00:00,0.000000
2025-03-21 17:00:00,0.000000
2025-03-21 18:00:00,0.000000
2025-03-21 19:00:00,0.000000
2025-03-21 20:00:00,0.000000
2025-03-21 21:00:00,0.000000
2025-03-21 22:00:00,0.000061
2025-03-21 23:00:00,0.004974
2025-03-22 00:00:00,0.006409
2025-03-22 01:00:00,0.002167
2025-03-22 02:00:00,0.000488
2025-03-22 03:00:00,0.000183
2025-03-22 04:00:00,0.000061
2025-03-22 05:00:00,0.000244
2025-03-22 06:00:00,0.001038
2025-03-22 07:00:00,0.001770
2025-03-22 08:00:00,0.010468
2025-03-22 09:00:00,0.009216
2025-03-22 10:00:00,0.013611
2025-03-22 11:00:00,0.004089
2025-03-22 12:00:00,0.000854
2025-03-22 13:00:00,0.000519
2025-03-22 14:00:00,0.000153
2025-03-22 15:00:00,0.000000
2025-03-22 16:00:00,0.000000
2025-03-22 17:00:00,0.000000
2025-03-22 18:00:00,0.000000
2025-03-22 19:00:00,0.000000
2025-03-22 20:00:00,0.000000
2025-03-22 21:00:00,0.000000
2025-03-22 22:00:00,0.000000
2025-03-22 23:00:00,0.000000
2025-03-23 00:00:00,0.000000
2025-03-23 01:00:00,0.000000
2025-03-23 02:00:00,0.000000
2025-03-23 03:00:00,0.000000
2025-03-23 04:00:00,0.000000
2025-03-23 05:00:00,0.000000
2025-03-23 06:00:00,0.000000
2025-03-23 07:00:00,0.000000
2025-03-23 08:00:00,0.000000
2025-03-23 09:00:00,0.000000
2025-03-23 10:00:00,0.000000
2025-03-23 11:00:00,0.000000
2025-03-23 12:00:00,0.000000
2025-03-23 13:00:00,0.000000
2025-03-23 14:00:00,0.000000
2025-03-23 15:00:00,0.000000
2025-03-23 16:00:00,0.000000
2025-03-23 17:00:00,0.000000
2025-03-23 18:00:00,0.000000
2025-03-23 19:00:00,0.000000
2025-03-23 20:00:00,0.000000
2025-03-23 21:00:00,0.000000
2025-03-23 22:00:00,0.000000
2025-03-23 23:00:00,0.000000
2025-03-24 00:00:00,0.000000
2025-03-24 01:00:00,0.000000
2025-03-24 02:00:00,0.000000
2025-03-24 03:00:00,0.000000
2025-03-24 04:00:00,0.000000
2025-03-24 05:00:00,0.000000
2025-03-24 06:00:00,0.000000
2025-03-24 07:00:00,0.000000
2025-03-24 08:00:00,0.000000
2025-03-24 09:00:00,0.000000
2025-03-24 10:00:00,0.000000
2025-03-24 11:00:00,0.000000
2025-03-24 12:00:00,0.000000
2025-03-24 13:00:00,0.000000
2025-03-24 14:00:00,0.000000
2025-03-24 15:00:00,0.000000
2025-03-24 16:00:00,0.000000
2025-03-24 17:00:00,0.000000
2025-03-24 18:00:00,0.000000
2025-03-24 19:00:00,0.000000
2025-03-24 20:00:00,0.000000
2025-03-24 21:00:00,0.000000
2025-03-24 22:00:00,0.000000
2025-03-24 23:00:00,0.000000
2025-03-25 00:00:00,0.000000
2025-03-25 01:00:00,0.000000
2025-03-25 02:00:00,0.000000
2025-03-25 03:00:00,0.000000
2025-03-25 04:00:00,0.000000
2025-03-25 05:00:00,0.000000
2025-03-25 06:00:00,0.000000
2025-03-25 07:00:00,0.000000
2025-03-25 08:00:00,0.000000
2025-03-25 09:00:00,0.000000
2025-03-25 10:00:00,0.000000
2025-03-25 11:00:00,0.000000
2025-03-25 12:00:00,0.000000
2025-03-25 13:00:00,0.000000
2025-03-25 14:00:00,0.000000
2025-03-25 15:00:00,0.000000
2025-03-25 16:00:00,0.000000
2025-03-25 17:00:00,0.000000
2025-03-25 18:00:00,0.000000
2025-03-25 19:00:00,0.000000
2025-03-25 20:00:00,0.000000
2025-03-25 21:00:00,0.000000
2025-03-25 22:00:00,0.000000
2025-03-25 23:00:00,0.000000
2025-03-26 00:00:00,0.000000
2025-03-26 01:00:00,0.000000
2025-03-26 02:00:00,0.000000
2025-03-26 03:00:00,0.000000
2025-03-26 04:00:00,0.000000
2025-03-26 05:00:00,0.000000
2025-03-26 06:00:00,0.000000
2025-03-26 07:00:00,0.000000
2025-03-26 08:00:00,0.000000
2025-03-26 09:00:00,0.000061
2025-03-26 10:00:00,0.000000
2025-03-26 11:00:00,0.000000
2025-03-26 12:00:00,0.000000
2025-03-26 13:00:00,0.000000
2025-03-26 14:00:00,0.000000
2025-03-26 15:00:00,0.000000
2025-03-26 16:00:00,0.000000
2025-03-26 17:00:00,0.000000
2025-03-26 18:00:00,0.000000
2025-03-26 19:00:00,0.000000
2025-03-26 20:00:00,0.000000
2025-03-26 21:00:00,0.000000
2025-03-26 22:00:00,0.000000
2025-03-26 23:00:00,0.000000
2025-03-27 00:00:00,0.000000
2025-03-27 01:00:00,0.000000
2025-03-27 02:00:00,0.000000
2025-03-27 03:00:00,0.000000
2025-03-27 04:00:00,0.000000
2025-03-27 05:00:00,0.000031
2025-03-27 06:00:00,0.000000
2025-03-27 07:00:00,0.000000
2025-03-27 08:00:00,0.000000
2025-03-27 09:00:00,0.000000
2025-03-27 10:00:00,0.000000
2025-03-27 11:00:00,0.000641
2025-03-27 12:00:00,0.000916
2025-03-27 13:00:00,0.000153
2025-03-27 14:00:00,0.000000
2025-03-27 15:00:00,0.000000
2025-03-27 16:00:00,0.000000
2025-03-27 17:00:00,0.000000
2025-03-27 18:00:00,0.000000
2025-03-27 19:00:00,0.000000
2025-03-27 20:00:00,0.000000
2025-03-27 21:00:00,0.000000
2025-03-27 22:00:00,0.000000
2025-03-27 23:00:00,0.000000
2025-03-28 00:00:00,0.000000
2025-03-28 01:00:00,0.000000
2025-03-28 02:00:00,0.000000
2025-03-28 03:00:00,0.000000
2025-03-28 04:00:00,0.000000
2025-03-28 05:00:00,0.000000
2025-03-28 06:00:00,0.000000
2025-03-28 07:00:00,0.000000
2025-03-28 08:00:00,0.000000
2025-03-28 09:00:00,0.000000
2025-03-28 10:00:00,0.000000
2025-03-28 11:00:00,0.000000
2025-03-28 12:00:00,0.000000
2025-03-28 13:00:00,0.000000
2025-03-28 14:00:00,0.000000
2025-03-28 15:00:00,0.000000
2025-03-28 16:00:00,0.000000
2025-03-28 17:00:00,0.000000
2025-03-28 18:00:00,0.000000
2025-03-28 19:00:00,0.000000
2025-03-28 20:00:00,0.000000
2025-03-28 21:00:00,0.000000
2025-03-28 22:00:00,0.000000
2025-03-28 23:00:00,0.000000
2025-03-29 00:00:00,0.000000
2025-03-29 01:00:00,0.000000
2025-03-29 02:00:00,0.000000
2025-03-29 03:00:00,0.000000
2025-03-29 04:00:00,0.000000
2025-03-29 05:00:00,0.000061
2025-03-29 06:00:00,0.000000
2025-03-29 07:00:00,0.000000
2025-03-29 08:00:00,0.000000
2025-03-29 09:00:00,0.000061
2025-03-29 10:00:00,0.000000
2025-03-29 11:00:00,0.000000
2025-03-29 12:00:00,0.000000
2025-03-29 13:00:00,0.000000
2025-03-29 14:00:00,0.000000
2025-03-29 15:00:00,0.000000
2025-03-29 16:00:00,0.000000
2025-03-29 17:00:00,0.000000
2025-03-29 18:00:00,0.000000
2025-03-29 19:00:00,0.000000
2025-03-29 20:00:00,0.000000
2025-03-29 21:00:00,0.000000
2025-03-29 22:00:00,0.000000
2025-03-29 23:00:00,0.000000
2025-03-30 00:00:00,0.000000
2025-03-30 01:00:00,0.000000
2025-03-30 02:00:00,0.000000
2025-03-30 03:00:00,0.000000
2025-03-30 04:00:00,0.000000
2025-03-30 05:00:00,0.000000
2025-03-30 06:00:00,0.000061
2025-03-30 07:00:00,0.000122
2025-03-30 08:00:00,0.000183
2025-03-30 09:00:00,0.000244
2025-03-30 10:00:00,0.000122
2025-03-30 11:00:00,0.000000
2025-03-30 12:00:00,0.000000
2025-03-30 13:00:00,0.000000
2025-03-30 14:00:00,0.000000
2025-03-30 15:00:00,0.000000
2025-03-30 16:00:00,0.000000
2025-03-30 17:00:00,0.000000
2025-03-30 18:00:00,0.000000
2025-03-30 19:00:00,0.000000
2025-03-30 20:00:00,0.000000
2025-03-30 21:00:00,0.000000
2025-03-30 22:00:00,0.000000
2025-03-30 23:00:00,0.000000
2025-03-31 00:00:00,0.000000
2025-03-31 01:00:00,0.000000
2025-03-31 02:00:00,0.000000
2025-03-31 03:00:00,0.000000
2025-03-31 04:00:00,0.000000
2025-03-31 05:00:00,0.000000
2025-03-31 06:00:00,0.000000
2025-03-31 07:00:00,0.000000
2025-03-31 08:00:00,0.000000
2025-03-31 09:00:00,0.000000
2025-03-31 10:00:00,0.000000
2025-03-31 11:00:00,0.000000
2025-03-31 12:00:00,0.000000
2025-03-31 13:00:00,0.000000
2025-03-31 14:00:00,0.000000
2025-03-31 15:00:00,0.000000
2025-03-31 16:00:00,0.000000
2025-03-31 17:00:00,0.000000
2025-03-31 18:00:00,0.000000
2025-03-31 19:00:00,0.000000
2025-03-31 20:00:00,0.000000
2025-03-31 21:00:00,0.000000
2025-03-31 22:00:00,0.000000
2025-03-31 23:00:00,0.000000
2025-04-01 00:00:00,0.000000
2025-04-01 01:00:00,0.000000
2025-04-01 02:00:00,0.000000
2025-04-01 03:00:00,0.000000
2025-04-01 04:00:00,0.000000
2025-04-01 05:00:00,0.000000
2025-04-01 06:00:00,0.000000
2025-04-01 07:00:00,0.000000
2025-04-01 08:00:00,0.000000
2025-04-01 09:00:00,0.000000
2025-04-01 10:00:00,0.000000
2025-04-01 11:00:00,0.000000
2025-04-01 12:00:00,0.000000
2025-04-01 13:00:00,0.000000
2025-04-01 14:00:00,0.000000
2025-04-01 15:00:00,0.000000
2025-04-01 16:00:00,0.000000
2025-04-01 17:00:00,0.000000
2025-04-01 18:00:00,0.000000
2025-04-01 19:00:00,0.000000
2025-04-01 20:00:00,0.000000
2025-04-01 21:00:00,0.000000
2025-04-01 22:00:00,0.000000
2025-04-01 23:00:00,0.000000
2025-04-02 00:00:00,0.000000
2025-04-02 01:00:00,0.000000
2025-04-02 02:00:00,0.000000
2025-04-02 03:00:00,0.000000
2025-04-02 04:00:00,0.000000
2025-04-02 05:00:00,0.000000
2025-04-02 06:00:00,0.000000
2025-04-02 07:00:00,0.000000
2025-04-02 08:00:00,0.000000
2025-04-02 09:00:00,0.000000
2025-04-02 10:00:00,0.000000
2025-04-02 11:00:00,0.000000
2025-04-02 12:00:00,0.000000
2025-04-02 13:00:00,0.000000
2025-04-02 14:00:00,0.000000
2025-04-02 15:00:00,0.000000
2025-04-02 16:00:00,0.000000
2025-04-02 17:00:00,0.000000
2025-04-02 18:00:00,0.000000
2025-04-02 19:00:00,0.000000
2025-04-02 20:00:00,0.000000
2025-04-02 21:00:00,0.000000
2025-04-02 22:00:00,0.000000
2025-04-02 23:00:00,0.000000
2025-04-03 00:00:00,0.000000
2025-04-03 01:00:00,0.000000
2025-04-03 02:00:00,0.000000
2025-04-03 03:00:00,0.000000
2025-04-03 04:00:00,0.000000
2025-04-03 05:00:00,0.000000
2025-04-03 06:00:00,0.000000
2025-04-03 07:00:00,0.006042
2025-04-03 08:00:00,0.000366
2025-04-03 09:00:00,0.000549
2025-04-03 10:00:00,0.000549
2025-04-03 11:00:00,0.000000
2025-04-03 12:00:00,0.000061
2025-04-03 13:00:00,0.000610
2025-04-03 14:00:00,0.000000
2025-04-03 15:00:00,0.000000
2025-04-03 16:00:00,0.000092
2025-04-03 17:00:00,0.000000
2025-04-03 18:00:00,0.000000
2025-04-03 19:00:00,0.000000
2025-04-03 20:00:00,0.000000
2025-04-03 21:00:00,0.000000
2025-04-03 22:00:00,0.000000
2025-04-03 23:00:00,0.000061
2025-04-04 00:00:00,0.000061
2025-04-04 01:00:00,0.000000
2025-04-04 02:00:00,0.000000
2025-04-04 03:00:00,0.000000
2025-04-04 04:00:00,0.000000
2025-04-04 05:00:00,0.000000
2025-04-04 06:00:00,0.000000
2025-04-04 07:00:00,0.000000
2025-04-04 08:00:00,0.000061
2025-04-04 09:00:00,0.000061
2025-04-04 10:00:00,0.000061
2025-04-04 11:00:00,0.000122
2025-04-04 12:00:00,0.000031
2025-04-04 13:00:00,0.000000
2025-04-04 14:00:00,0.000000
2025-04-04 15:00:00,0.000000
2025-04-04 16:00:00,0.000000
2025-04-04 17:00:00,0.000000
2025-04-04 18:00:00,0.000000
2025-04-04 19:00:00,0.000000
2025-04-04 20:00:00,0.000000
2025-04-04 21:00:00,0.000000
2025-04-04 22:00:00,0.000000
2025-04-04 23:00:00,0.000000
2025-04-05 00:00:00,0.000000
2025-04-05 01:00:00,0.000000
2025-04-05 02:00:00,0.000000
2025-04-05 03:00:00,0.000000
2025-04-05 04:00:00,0.000000
2025-04-05 05:00:00,0.000000
2025-04-05 06:00:00,0.000000
2025-04-05 07:00:00,0.000000
2025-04-05 08:00:00,0.000000
2025-04-05 09:00:00,0.000000
2025-04-05 10:00:00,0.000000
2025-04-05 11:00:00,0.000000
2025-04-05 12:00:00,0.000000
2025-04-05 13:00:00,0.000000
2025-04-05 14:00:00,0.000000
2025-04-05 15:00:00,0.000000
2025-04-05 16:00:00,0.000000
2025-04-05 17:00:00,0.000000
2025-04-05 18:00:00,0.000000
2025-04-05 19:00:00,0.000000
2025-04-05 20:00:00,0.000000
2025-04-05 21:00:00,0.000000
2025-04-05 22:00:00,0.000000
2025-04-05 23:00:00,0.000000
2025-04-06 00:00:00,0.000000
2025-04-06 01:00:00,0.000000
2025-04-06 02:00:00,0.000000
2025-04-06 03:00:00,0.000000
2025-04-06 04:00:00,0.000000
2025-04-06 05:00:00,0.000000
2025-04-06 06:00:00,0.000000
2025-04-06 07:00:00,0.000000
2025-04-06 08:00:00,0.000000
2025-04-06 09:00:00,0.000000
2025-04-06 10:00:00,0.000000
2025-04-06 11:00:00,0.000000
2025-04-06 12:00:00,0.000000
2025-04-06 13:00:00,0.000000
2025-04-06 14:00:00,0.000000
2025-04-06 15:00:00,0.000000
2025-04-06 16:00:00,0.000000
2025-04-06 17:00:00,0.000000
2025-04-06 18:00:00,0.000000
2025-04-06 19:00:00,0.000000
2025-04-06 20:00:00,0.000000
2025-04-06 21:00:00,0.000000
2025-04-06 22:00:00,0.000000
2025-04-06 23:00:00,0.000000
2025-04-07 00:00:00,0.000000
2025-04-07 01:00:00,0.000000
2025-04-07 02:00:00,0.000000
2025-04-07 03:00:00,0.000000
2025-04-07 04:00:00,0.000000
2025-04-07 05:00:00,0.000000
2025-04-07 06:00:00,0.000000
2025-04-07 07:00:00,0.000000
2025-04-07 08:00:00,0.000000
2025-04-07 09:00:00,0.000000
2025-04-07 10:00:00,0.000000
2025-04-07 11:00:00,0.000000
2025-04-07 12:00:00,0.000000
2025-04-07 13:00:00,0.000000
2025-04-07 14:00:00,0.000000
2025-04-07 15:00:00,0.000000
2025-04-07 16:00:00,0.000000
2025-04-07 17:00:00,0.000000
2025-04-07 18:00:00,0.000000
2025-04-07 19:00:00,0.000000
2025-04-07 20:00:00,0.000000
2025-04-07 21:00:00,0.000000
2025-04-07 22:00:00,0.000000
2025-04-07 23:00:00,0.000000
2025-04-08 00:00:00,0.000000
2025-04-08 01:00:00,0.000000
2025-04-08 02:00:00,0.000000
2025-04-08 03:00:00,0.000000
2025-04-08 04:00:00,0.000000
2025-04-08 05:00:00,0.000000
2025-04-08 06:00:00,0.000000
2025-04-08 07:00:00,0.000000
2025-04-08 08:00:00,0.000000
2025-04-08 09:00:00,0.000000
2025-04-08 10:00:00,0.000488
2025-04-08 11:00:00,0.000183
2025-04-08 12:00:00,0.000214
2025-04-08 13:00:00,0.000153
2025-04-08 14:00:00,0.000153
2025-04-08 15:00:00,0.000061
2025-04-08 16:00:00,0.000000
2025-04-08 17:00:00,0.000000
2025-04-08 18:00:00,0.000000
2025-04-08 19:00:00,0.000000
2025-04-08 20:00:00,0.000000
2025-04-08 21:00:00,0.000000
2025-04-08 22:00:00,0.000000
2025-04-08 23:00:00,0.000000
2025-04-09 00:00:00,0.001099
2025-04-09 01:00:00,0.000854
2025-04-09 02:00:00,0.000183
2025-04-09 03:00:00,0.000000
2025-04-09 04:00:00,0.000000
2025-04-09 05:00:00,0.000000
2025-04-09 06:00:00,0.000000
2025-04-09 07:00:00,0.001404
2025-04-09 08:00:00,0.009155
2025-04-09 09:00:00,0.008636
2025-04-09 10:00:00,0.007233
2025-04-09 11:00:00,0.059753
2025-04-09 12:00:00,0.020325
2025-04-09 13:00:00,0.011261
2025-04-09 14:00:00,0.031006
2025-04-09 15:00:00,0.005188
2025-04-09 16:00:00,0.000244
2025-04-09 17:00:00,0.000275
2025-04-09 18:00:00,0.000153
2025-04-09 19:00:00,0.000214
2025-04-09 20:00:00,0.000244
2025-04-09 21:00:00,0.000122
2025-04-09 22:00:00,0.000183
2025-04-09 23:00:00,0.000061
2025-04-10 00:00:00,0.000000
2025-04-10 01:00:00,0.000000
2025-04-10 02:00:00,0.000000
2025-04-10 03:00:00,0.000000
2025-04-10 04:00:00,0.000000
2025-04-10 05:00:00,0.000000
2025-04-10 06:00:00,0.000000
2025-04-10 07:00:00,0.000000
2025-04-10 08:00:00,0.002228
2025-04-10 09:00:00,0.012573
2025-04-10 10:00:00,0.043060
2025-04-10 11:00:00,0.049866
2025-04-10 12:00:00,0.150787
2025-04-10 13:00:00,0.016785
2025-04-10 14:00:00,0.008545
2025-04-10 15:00:00,0.000397
2025-04-10 16:00:00,0.000061
2025-04-10 17:00:00,0.012939
2025-04-10 18:00:00,0.001862
2025-04-10 19:00:00,0.000000
2025-04-10 20:00:00,0.000000
2025-04-10 21:00:00,0.000000
2025-04-10 22:00:00,0.000000
2025-04-10 23:00:00,0.000061
2025-04-11 00:00:00,0.000092
2025-04-11 01:00:00,0.000183
2025-04-11 02:00:00,0.003418
2025-04-11 03:00:00,0.003174
2025-04-11 04:00:00,0.000122
2025-04-11 05:00:00,0.000122
2025-04-11 06:00:00,0.000488
2025-04-11 07:00:00,0.001160
2025-04-11 08:00:00,0.010925
2025-04-11 09:00:00,0.005646
2025-04-11 10:00:00,0.014771
2025-04-11 11:00:00,0.010834
2025-04-11 12:00:00,0.017639
2025-04-11 13:00:00,0.032776
2025-04-11 14:00:00,0.103882
2025-04-11 15:00:00,0.672546
2025-04-11 16:00:00,0.043671
2025-04-11 17:00:00,0.000031
2025-04-11 18:00:00,0.000153
2025-04-11 19:00:00,0.000610
2025-04-11 20:00:00,0.000763
2025-04-11 21:00:00,0.000031
2025-04-11 22:00:00,0.000061
2025-04-11 23:00:00,0.000061
2025-04-12 00:00:00,0.000244
2025-04-12 01:00:00,0.002197
2025-04-12 02:00:00,0.007080
2025-04-12 03:00:00,0.009766
2025-04-12 04:00:00,0.006958
2025-04-12 05:00:00,0.004364
2025-04-12 06:00:00,0.012512
2025-04-12 07:00:00,0.022003
2025-04-12 08:00:00,0.024170
2025-04-12 09:00:00,0.021667
2025-04-12 10:00:00,0.066284
2025-04-12 11:00:00,0.067902
2025-04-12 12:00:00,0.021881
2025-04-12 13:00:00,0.046936
2025-04-12 14:00:00,0.062439
2025-04-12 15:00:00,0.041931
2025-04-12 16:00:00,0.027588
2025-04-12 17:00:00,0.016205
2025-04-12 18:00:00,0.009979
2025-04-12 19:00:00,0.008240
2025-04-12 20:00:00,0.006531
2025-04-12 21:00:00,0.005676
2025-04-12 22:00:00,0.004181
2025-04-12 23:00:00,0.003937
2025-04-13 00:00:00,0.008423
2025-04-13 01:00:00,0.006561
2025-04-13 02:00:00,0.000946
2025-04-13 03:00:00,0.000183
2025-04-13 04:00:00,0.000061
2025-04-13 05:00:00,0.003571
2025-04-13 06:00:00,0.132507
2025-04-13 07:00:00,0.144714
2025-04-13 08:00:00,0.137634
2025-04-13 09:00:00,0.093384
2025-04-13 10:00:00,0.101318
2025-04-13 11:00:00,0.139893
2025-04-13 12:00:00,0.100830
2025-04-13 13:00:00,0.025391
2025-04-13 14:00:00,0.007507
2025-04-13 15:00:00,0.005371
2025-04-13 16:00:00,0.002808
2025-04-13 17:00:00,0.001068
2025-04-13 18:00:00,0.000397
2025-04-13 19:00:00,0.000183
2025-04-13 20:00:00,0.000061
2025-04-13 21:00:00,0.000000
2025-04-13 22:00:00,0.000000
2025-04-13 23:00:00,0.000000
2025-04-14 00:00:00,0.000000
2025-04-14 01:00:00,0.000000
2025-04-14 02:00:00,0.000000
2025-04-14 03:00:00,0.000000
2025-04-14 04:00:00,0.000000
2025-04-14 05:00:00,0.000000
2025-04-14 06:00:00,0.000000
2025-04-14 07:00:00,0.000000
2025-04-14 08:00:00,0.003815
2025-04-14 09:00:00,0.007782
2025-04-14 10:00:00,0.009857
2025-04-14 11:00:00,0.011108
2025-04-14 12:00:00,0.004272
2025-04-14 13:00:00,0.001892
2025-04-14 14:00:00,0.000793
2025-04-14 15:00:00,0.000061
2025-04-14 16:00:00,0.000061
2025-04-14 17:00:00,0.000031
2025-04-14 18:00:00,0.000122
2025-04-14 19:00:00,0.000000
2025-04-14 20:00:00,0.000031
2025-04-14 21:00:00,0.000000
2025-04-14 22:00:00,0.000488
2025-04-14 23:00:00,0.003113
2025-04-15 00:00:00,0.011169
2025-04-15 01:00:00,0.018616
2025-04-15 02:00:00,0.013428
2025-04-15 03:00:00,0.008362
2025-04-15 04:00:00,0.009644
2025-04-15 05:00:00,0.010498
2025-04-15 06:00:00,0.015320
2025-04-15 07:00:00,0.151062
2025-04-15 08:00:00,0.072327
2025-04-15 09:00:00,0.089233
2025-04-15 10:00:00,0.115356
2025-04-15 11:00:00,0.077087
2025-04-15 12:00:00,0.034241
2025-04-15 13:00:00,0.011353
2025-04-15 14:00:00,0.008301
2025-04-15 15:00:00,0.007874
2025-04-15 16:00:00,0.005127
2025-04-15 17:00:00,0.003296
2025-04-15 18:00:00,0.002380
2025-04-15 19:00:00,0.002502
2025-04-15 20:00:00,0.005188
2025-04-15 21:00:00,0.008148
2025-04-15 22:00:00,0.005829
2025-04-15 23:00:00,0.005432
2025-04-16 00:00:00,0.005646
2025-04-16 01:00:00,0.006012
2025-04-16 02:00:00,0.005371
2025-04-16 03:00:00,0.004333
2025-04-16 04:00:00,0.003723
2025-04-16 05:00:00,0.070496
2025-04-16 06:00:00,0.190125
2025-04-16 07:00:00,0.171570
2025-04-16 08:00:00,0.102539
2025-04-16 09:00:00,0.067200
2025-04-16 10:00:00,0.123718
2025-04-16 11:00:00,0.114014
2025-04-16 12:00:00,0.080505
2025-04-16 13:00:00,0.080383
2025-04-16 14:00:00,0.020935
2025-04-16 15:00:00,0.021301
2025-04-16 16:00:00,0.006836
2025-04-16 17:00:00,0.001465
2025-04-16 18:00:00,0.000671
2025-04-16 19:00:00,0.000488
2025-04-16 20:00:00,0.000549
2025-04-16 21:00:00,0.000305
2025-04-16 22:00:00,0.000000
2025-04-16 23:00:00,0.000061
2025-04-17 00:00:00,0.000153
2025-04-17 01:00:00,0.001465
2025-04-17 02:00:00,0.000031
2025-04-17 03:00:00,0.004272
2025-04-17 04:00:00,0.014771
2025-04-17 05:00:00,0.001862
2025-04-17 06:00:00,0.000275
2025-04-17 07:00:00,0.000092
2025-04-17 08:00:00,0.075043
2025-04-17 09:00:00,0.051636
2025-04-17 10:00:00,0.027405
2025-04-17 11:00:00,0.075806
2025-04-17 12:00:00,0.007446
2025-04-17 13:00:00,0.005920
2025-04-17 14:00:00,0.003479
2025-04-17 15:00:00,0.001160
2025-04-17 16:00:00,0.000366
2025-04-17 17:00:00,0.000092
2025-04-17 18:00:00,0.000000
2025-04-17 19:00:00,0.000000
2025-04-17 20:00:00,0.000000
2025-04-17 21:00:00,0.000000
2025-04-17 22:00:00,0.000000
2025-04-17 23:00:00,0.000000
2025-04-18 00:00:00,0.000000
2025-04-18 01:00:00,0.000000
2025-04-18 02:00:00,0.000000
2025-04-18 03:00:00,0.000000
2025-04-18 04:00:00,0.000000
2025-04-18 05:00:00,0.000000
2025-04-18 06:00:00,0.000000
2025-04-18 07:00:00,0.000000
2025-04-18 08:00:00,0.000000
2025-04-18 09:00:00,0.001099
2025-04-18 10:00:00,0.001251
2025-04-18 11:00:00,0.001282
2025-04-18 12:00:00,0.002380
2025-04-18 13:00:00,0.024780
2025-04-18 14:00:00,0.023743
2025-04-18 15:00:00,0.052612
2025-04-18 16:00:00,0.001587
2025-04-18 17:00:00,0.006592
2025-04-18 18:00:00,0.001099
2025-04-18 19:00:00,0.000061
2025-04-18 20:00:00,0.000122
2025-04-18 21:00:00,0.000000
2025-04-18 22:00:00,0.000000
2025-04-18 23:00:00,0.000000
2025-04-19 00:00:00,0.000000
2025-04-19 01:00:00,0.000000
2025-04-19 02:00:00,0.000000
2025-04-19 03:00:00,0.000000
2025-04-19 04:00:00,0.000000
2025-04-19 05:00:00,0.000000
2025-04-19 06:00:00,0.001923
2025-04-19 07:00:00,0.034790
2025-04-19 08:00:00,0.098694
2025-04-19 09:00:00,0.048004
2025-04-19 10:00:00,0.082886
2025-04-19 11:00:00,0.095154
2025-04-19 12:00:00,0.006165
2025-04-19 13:00:00,0.000122
2025-04-19 14:00:00,0.000000
2025-04-19 15:00:00,0.000000
2025-04-19 16:00:00,0.000000
2025-04-19 17:00:00,0.000000
2025-04-19 18:00:00,0.000000
2025-04-19 19:00:00,0.000000
2025-04-19 20:00:00,0.000000
2025-04-19 21:00:00,0.000000
2025-04-19 22:00:00,0.000000
2025-04-19 23:00:00,0.000000
2025-04-20 00:00:00,0.000000
2025-04-20 01:00:00,0.000000
2025-04-20 02:00:00,0.000000
2025-04-20 03:00:00,0.000000
2025-04-20 04:00:00,0.000000
2025-04-20 05:00:00,0.000000
2025-04-20 06:00:00,0.022766
2025-04-20 07:00:00,0.080109
2025-04-20 08:00:00,0.133301
2025-04-20 09:00:00,0.172180
2025-04-20 10:00:00,0.038116
2025-04-20 11:00:00,0.070435
2025-04-20 12:00:00,0.036743
2025-04-20 13:00:00,0.001984
2025-04-20 14:00:00,0.000671
2025-04-20 15:00:00,0.005798
2025-04-20 16:00:00,0.007019
2025-04-20 17:00:00,0.011047
2025-04-20 18:00:00,0.007385
2025-04-20 19:00:00,0.006226
2025-04-20 20:00:00,0.007721
2025-04-20 21:00:00,0.009094
2025-04-20 22:00:00,0.005890
2025-04-20 23:00:00,0.003448
2025-04-21 00:00:00,0.001709
2025-04-21 01:00:00,0.001312
2025-04-21 02:00:00,0.001282
2025-04-21 03:00:00,0.000977
2025-04-21 04:00:00,0.000610
2025-04-21 05:00:00,0.000122
2025-04-21 06:00:00,0.012360
2025-04-21 07:00:00,0.011261
2025-04-21 08:00:00,0.000458
2025-04-21 09:00:00,0.000000
2025-04-21 10:00:00,0.000000
2025-04-21 11:00:00,0.000000
2025-04-21 12:00:00,0.000000
2025-04-21 13:00:00,0.000000
2025-04-21 14:00:00,0.000000
2025-04-21 15:00:00,0.000000
2025-04-21 16:00:00,0.000000
2025-04-21 17:00:00,0.000000
2025-04-21 18:00:00,0.000000
2025-04-21 19:00:00,0.000000
2025-04-21 20:00:00,0.000000
2025-04-21 21:00:00,0.000000
2025-04-21 22:00:00,0.000000
2025-04-21 23:00:00,0.000000
2025-04-22 00:00:00,0.000000
2025-04-22 01:00:00,0.000000
2025-04-22 02:00:00,0.000000
2025-04-22 03:00:00,0.000000
2025-04-22 04:00:00,0.000000
2025-04-22 05:00:00,0.000000
2025-04-22 06:00:00,0.000000
2025-04-22 07:00:00,0.000000
2025-04-22 08:00:00,0.000000
2025-04-22 09:00:00,0.000000
2025-04-22 10:00:00,0.000000
2025-04-22 11:00:00,0.000000
2025-04-22 12:00:00,0.000000
2025-04-22 13:00:00,0.000000
2025-04-22 14:00:00,0.000000
2025-04-22 15:00:00,0.000000
2025-04-22 16:00:00,0.000000
2025-04-22 17:00:00,0.000000
2025-04-22 18:00:00,0.000000
2025-04-22 19:00:00,0.000000
2025-04-22 20:00:00,0.000000
2025-04-22 21:00:00,0.000000
2025-04-22 22:00:00,0.000000
2025-04-22 23:00:00,0.000000
2025-04-23 00:00:00,0.000000
2025-04-23 01:00:00,0.000000
2025-04-23 02:00:00,0.000000
2025-04-23 03:00:00,0.000000
2025-04-23 04:00:00,0.000000
2025-04-23 05:00:00,0.000000
2025-04-23 06:00:00,0.000000
2025-04-23 07:00:00,0.000000
2025-04-23 08:00:00,0.000000
2025-04-23 09:00:00,0.000000
2025-04-23 10:00:00,0.000000
2025-04-23 11:00:00,0.000000
2025-04-23 12:00:00,0.000000
2025-04-23 13:00:00,0.000000
2025-04-23 14:00:00,0.000000
2025-04-23 15:00:00,0.000000
2025-04-23 16:00:00,0.000000
2025-04-23 17:00:00,0.000000
2025-04-23 18:00:00,0.000000
2025-04-23 19:00:00,0.000000
2025-04-23 20:00:00,0.000000
2025-04-23 21:00:00,0.000000
2025-04-23 22:00:00,0.000000
2025-04-23 23:00:00,0.000000
2025-04-24 00:00:00,0.000000
2025-04-24 01:00:00,0.000000
2025-04-24 02:00:00,0.000000
2025-04-24 03:00:00,0.000000
2025-04-24 04:00:00,0.000000
2025-04-24 05:00:00,0.000000
2025-04-24 06:00:00,0.000000
2025-04-24 07:00:00,0.000000
2025-04-24 08:00:00,0.000000
2025-04-24 09:00:00,0.000000
2025-04-24 10:00:00,0.000000
2025-04-24 11:00:00,0.000000
2025-04-24 12:00:00,0.000000
2025-04-24 13:00:00,0.000000
2025-04-24 14:00:00,0.000000
2025-04-24 15:00:00,0.000000
2025-04-24 16:00:00,0.000000
2025-04-24 17:00:00,0.000793
2025-04-24 18:00:00,0.003265
2025-04-24 19:00:00,0.003906
2025-04-24 20:00:00,0.005249
2025-04-24 21:00:00,0.005188
2025-04-24 22:00:00,0.005035
2025-04-24 23:00:00,0.003235
2025-04-25 00:00:00,0.001709
2025-04-25 01:00:00,0.000549
2025-04-25 02:00:00,0.000153
2025-04-25 03:00:00,0.000031
2025-04-25 04:00:00,0.000000
2025-04-25 05:00:00,0.000000
2025-04-25 06:00:00,0.000000
2025-04-25 07:00:00,0.000000
2025-04-25 08:00:00,0.000000
2025-04-25 09:00:00,0.000000
2025-04-25 10:00:00,0.000000
2025-04-25 11:00:00,0.000061
2025-04-25 12:00:00,0.000000
2025-04-25 13:00:00,0.000000
2025-04-25 14:00:00,0.000000
2025-04-25 15:00:00,0.000000
2025-04-25 16:00:00,0.000000
2025-04-25 17:00:00,0.000000
2025-04-25 18:00:00,0.000000
2025-04-25 19:00:00,0.000000
2025-04-25 20:00:00,0.000000
2025-04-25 21:00:00,0.000000
2025-04-25 22:00:00,0.003662
2025-04-25 23:00:00,0.000793
2025-04-26 00:00:00,0.000061
2025-04-26 01:00:00,0.000000
2025-04-26 02:00:00,0.003998
2025-04-26 03:00:00,0.001373
2025-04-26 04:00:00,0.000000
2025-04-26 05:00:00,0.000000
2025-04-26 06:00:00,0.000000
2025-04-26 07:00:00,0.000061
2025-04-26 08:00:00,0.000061
2025-04-26 09:00:00,0.006836
2025-04-26 10:00:00,0.004150
2025-04-26 11:00:00,0.009033
2025-04-26 12:00:00,0.001282
2025-04-26 13:00:00,0.000305
2025-04-26 14:00:00,0.000000
2025-04-26 15:00:00,0.000000
2025-04-26 16:00:00,0.000183
2025-04-26 17:00:00,0.000610
2025-04-26 18:00:00,0.000305
2025-04-26 19:00:00,0.000427
2025-04-26 20:00:00,0.001709
2025-04-26 21:00:00,0.002380
2025-04-26 22:00:00,0.000244
2025-04-26 23:00:00,0.004089
2025-04-27 00:00:00,0.000305
2025-04-27 01:00:00,0.000000
2025-04-27 02:00:00,0.000000
2025-04-27 03:00:00,0.000031
2025-04-27 04:00:00,0.000000
2025-04-27 05:00:00,0.000000
2025-04-27 06:00:00,0.000000
2025-04-27 07:00:00,0.001038
2025-04-27 08:00:00,0.000122
2025-04-27 09:00:00,0.000427
2025-04-27 10:00:00,0.000122
2025-04-27 11:00:00,0.000061
2025-04-27 12:00:00,0.000549
2025-04-27 13:00:00,0.000793
2025-04-27 14:00:00,0.000427
2025-04-27 15:00:00,0.000244
2025-04-27 16:00:00,0.000000
2025-04-27 17:00:00,0.000000
2025-04-27 18:00:00,0.000000
2025-04-27 19:00:00,0.000000
2025-04-27 20:00:00,0.000000
2025-04-27 21:00:00,0.000000
2025-04-27 22:00:00,0.002808
2025-04-27 23:00:00,0.004822
2025-04-28 00:00:00,0.002106
2025-04-28 01:00:00,0.000000
2025-04-28 02:00:00,0.000000
2025-04-28 03:00:00,0.000000
2025-04-28 04:00:00,0.000000
2025-04-28 05:00:00,0.000000
2025-04-28 06:00:00,0.000000
2025-04-28 07:00:00,0.002319
2025-04-28 08:00:00,0.004120
2025-04-28 09:00:00,0.002075
2025-04-28 10:00:00,0.008240
2025-04-28 11:00:00,0.007629
2025-04-28 12:00:00,0.007507
2025-04-28 13:00:00,0.002258
2025-04-28 14:00:00,0.001373
2025-04-28 15:00:00,0.000793
2025-04-28 16:00:00,0.000488
2025-04-28 17:00:00,0.000183
2025-04-28 18:00:00,0.000061
2025-04-28 19:00:00,0.000000
2025-04-28 20:00:00,0.000000
2025-04-28 21:00:00,0.000000
2025-04-28 22:00:00,0.000000
2025-04-28 23:00:00,0.000000
2025-04-29 00:00:00,0.000000
2025-04-29 01:00:00,0.000000
2025-04-29 02:00:00,0.000000
2025-04-29 03:00:00,0.000000
2025-04-29 04:00:00,0.000000
2025-04-29 05:00:00,0.000000
2025-04-29 06:00:00,0.000000
2025-04-29 07:00:00,0.000000
2025-04-29 08:00:00,0.000000
2025-04-29 09:00:00,0.021851
2025-04-29 10:00:00,0.030273
2025-04-29 11:00:00,0.015747
2025-04-29 12:00:00,0.008179
2025-04-29 13:00:00,0.004944
2025-04-29 14:00:00,0.002563
2025-04-29 15:00:00,0.001038
2025-04-29 16:00:00,0.000366
2025-04-29 17:00:00,0.000183
2025-04-29 18:00:00,0.000061
2025-04-29 19:00:00,0.000061
2025-04-29 20:00:00,0.000000
2025-04-29 21:00:00,0.000000
2025-04-29 22:00:00,0.000000
2025-04-29 23:00:00,0.000000
2025-04-30 00:00:00,0.000000
2025-04-30 01:00:00,0.000000
2025-04-30 02:00:00,0.000000
2025-04-30 03:00:00,0.000000
2025-04-30 04:00:00,0.000000
2025-04-30 05:00:00,0.000000
2025-04-30 06:00:00,0.015503
2025-04-30 07:00:00,0.038727
2025-04-30 08:00:00,0.038879
2025-04-30 09:00:00,0.036407
2025-04-30 10:00:00,0.035980
2025-04-30 11:00:00,0.012268
2025-04-30 12:00:00,0.000183
2025-04-30 13:00:00,0.000000
2025-04-30 14:00:00,0.000366
2025-04-30 15:00:00,0.004547
2025-04-30 16:00:00,0.001801
2025-04-30 17:00:00,0.001282
2025-04-30 18:00:00,0.001526
2025-04-30 19:00:00,0.000946
2025-04-30 20:00:00,0.000427
2025-04-30 21:00:00,0.000183
2025-04-30 22:00:00,0.000000
2025-04-30 23:00:00,0.000000
2025-05-01 00:00:00,0.000000
2025-05-01 01:00:00,0.000000
2025-05-01 02:00:00,0.000000
2025-05-01 03:00:00,0.000000
2025-05-01 04:00:00,0.000000
2025-05-01 05:00:00,0.054016
2025-05-01 06:00:00,0.036865
2025-05-01 07:00:00,0.036865
2025-05-01 08:00:00,0.053711
2025-05-01 09:00:00,0.053009
2025-05-01 10:00:00,0.045715
2025-05-01 11:00:00,0.122101
2025-05-01 12:00:00,0.054321
2025-05-01 13:00:00,0.035583
2025-05-01 14:00:00,0.025146
2025-05-01 15:00:00,0.012512
2025-05-01 16:00:00,0.002136
2025-05-01 17:00:00,0.000549
2025-05-01 18:00:00,0.000610
2025-05-01 19:00:00,0.000488
2025-05-01 20:00:00,0.000183
2025-05-01 21:00:00,0.000122
2025-05-01 22:00:00,0.002075
2025-05-01 23:00:00,0.060547
2025-05-02 00:00:00,0.068146
2025-05-02 01:00:00,0.050354
2025-05-02 02:00:00,0.084045
2025-05-02 03:00:00,0.003235
2025-05-02 04:00:00,0.001953
2025-05-02 05:00:00,0.005493
2025-05-02 06:00:00,0.000061
2025-05-02 07:00:00,0.000000
2025-05-02 08:00:00,0.000000
2025-05-02 09:00:00,0.002380
2025-05-02 10:00:00,0.011047
2025-05-02 11:00:00,0.000916
2025-05-02 12:00:00,0.003601
2025-05-02 13:00:00,0.006287
2025-05-02 14:00:00,0.001556
2025-05-02 15:00:00,0.000031
2025-05-02 16:00:00,0.000275
2025-05-02 17:00:00,0.001099
2025-05-02 18:00:00,0.002563
2025-05-02 19:00:00,0.006714
2025-05-02 20:00:00,0.005798
2025-05-02 21:00:00,0.002686
2025-05-02 22:00:00,0.003601
2025-05-02 23:00:00,0.009125
2025-05-03 00:00:00,0.013702
2025-05-03 01:00:00,0.015472
2025-05-03 02:00:00,0.014618
2025-05-03 03:00:00,0.013702
2025-05-03 04:00:00,0.016907
2025-05-03 05:00:00,0.008423
2025-05-03 06:00:00,0.008331
2025-05-03 07:00:00,0.016022
2025-05-03 08:00:00,0.018616
2025-05-03 09:00:00,0.015717
2025-05-03 10:00:00,0.013397
2025-05-03 11:00:00,0.013855
2025-05-03 12:00:00,0.046997
2025-05-03 13:00:00,0.054626
2025-05-03 14:00:00,0.046783
2025-05-03 15:00:00,0.026489
2025-05-03 16:00:00,0.000305
2025-05-03 17:00:00,0.000061
2025-05-03 18:00:00,0.000000
2025-05-03 19:00:00,0.000122
2025-05-03 20:00:00,0.000244
2025-05-03 21:00:00,0.000488
2025-05-03 22:00:00,0.000000
2025-05-03 23:00:00,0.000214
2025-05-04 00:00:00,0.002441
2025-05-04 01:00:00,0.001038
2025-05-04 02:00:00,0.001190
2025-05-04 03:00:00,0.001709
2025-05-04 04:00:00,0.000916
2025-05-04 05:00:00,0.000031
2025-05-04 06:00:00,0.000305
2025-05-04 07:00:00,0.007355
2025-05-04 08:00:00,0.018433
2025-05-04 09:00:00,0.022461
2025-05-04 10:00:00,0.027863
2025-05-04 11:00:00,0.041931
2025-05-04 12:00:00,0.013123
2025-05-04 13:00:00,0.005310
2025-05-04 14:00:00,0.003967
2025-05-04 15:00:00,0.038330
2025-05-04 16:00:00,0.067993
2025-05-04 17:00:00,0.029236
2025-05-04 18:00:00,0.018127
2025-05-04 19:00:00,0.020264
2025-05-04 20:00:00,0.008728
2025-05-04 21:00:00,0.007812
2025-05-04 22:00:00,0.013855
2025-05-04 23:00:00,0.012390
2025-05-05 00:00:00,0.002625
2025-05-05 01:00:00,0.005127
2025-05-05 02:00:00,0.009247
2025-05-05 03:00:00,0.031677
2025-05-05 04:00:00,0.018982
2025-05-05 05:00:00,0.024719
2025-05-05 06:00:00,0.025879
2025-05-05 07:00:00,0.023560
2025-05-05 08:00:00,0.034973
2025-05-05 09:00:00,0.049988
2025-05-05 10:00:00,0.016357
2025-05-05 11:00:00,0.049988
2025-05-05 12:00:00,0.006042
2025-05-05 13:00:00,0.002197
2025-05-05 14:00:00,0.002197
2025-05-05 15:00:00,0.001282
2025-05-05 16:00:00,0.001282
2025-05-05 17:00:00,0.001465
2025-05-05 18:00:00,0.001709
2025-05-05 19:00:00,0.002197
2025-05-05 20:00:00,0.002197
2025-05-05 21:00:00,0.002563
2025-05-05 22:00:00,0.001221
2025-05-05 23:00:00,0.001831
2025-05-06 00:00:00,0.002502
2025-05-06 01:00:00,0.002319
2025-05-06 02:00:00,0.007416
2025-05-06 03:00:00,0.014771
2025-05-06 04:00:00,0.024536
2025-05-06 05:00:00,0.022858
2025-05-06 06:00:00,0.006470
2025-05-06 07:00:00,0.006958
2025-05-06 08:00:00,0.007141
2025-05-06 09:00:00,0.009399
2025-05-06 10:00:00,0.197754
2025-05-06 11:00:00,0.031128
2025-05-06 12:00:00,0.031555
2025-05-06 13:00:00,0.004395
2025-05-06 14:00:00,0.001770
2025-05-06 15:00:00,0.003845
2025-05-06 16:00:00,0.009033
2025-05-06 17:00:00,0.008423
2025-05-06 18:00:00,0.004578
2025-05-06 19:00:00,0.005127
2025-05-06 20:00:00,0.042175
2025-05-06 21:00:00,0.142395
2025-05-06 22:00:00,0.014404
2025-05-06 23:00:00,0.001160
2025-05-07 00:00:00,0.002563
2025-05-07 01:00:00,0.003784
2025-05-07 02:00:00,0.009094
2025-05-07 03:00:00,0.003662
2025-05-07 04:00:00,0.002930
2025-05-07 05:00:00,0.009644
2025-05-07 06:00:00,0.019592
2025-05-07 07:00:00,0.028198
2025-05-07 08:00:00,0.186401
2025-05-07 09:00:00,0.264648
2025-05-07 10:00:00,0.104126
2025-05-07 11:00:00,0.096619
2025-05-07 12:00:00,0.058655
2025-05-07 13:00:00,0.054260
2025-05-07 14:00:00,0.081726
2025-05-07 15:00:00,0.059326
2025-05-07 16:00:00,0.049927
2025-05-07 17:00:00,0.039368
2025-05-07 18:00:00,0.044617
2025-05-07 19:00:00,0.042511
2025-05-07 20:00:00,0.036438
2025-05-07 21:00:00,0.037964
2025-05-07 22:00:00,0.054993
2025-05-07 23:00:00,0.074707
2025-05-08 00:00:00,0.118347
2025-05-08 01:00:00,0.113983
2025-05-08 02:00:00,0.085266
2025-05-08 03:00:00,0.042938
2025-05-08 04:00:00,0.042603
2025-05-08 05:00:00,0.025635
2025-05-08 06:00:00,0.011047
2025-05-08 07:00:00,0.024048
2025-05-08 08:00:00,0.154602
2025-05-08 09:00:00,0.100464
2025-05-08 10:00:00,0.184601
2025-05-08 11:00:00,0.107941
2025-05-08 12:00:00,0.119934
2025-05-08 13:00:00,0.124451
2025-05-08 14:00:00,0.095093
2025-05-08 15:00:00,0.059326
2025-05-08 16:00:00,0.080078
2025-05-08 17:00:00,0.074524
2025-05-08 18:00:00,0.068726
2025-05-08 19:00:00,0.079132
2025-05-08 20:00:00,0.085693
2025-05-08 21:00:00,0.104156
2025-05-08 22:00:00,0.041260
2025-05-08 23:00:00,0.057556
2025-05-09 00:00:00,0.043518
2025-05-09 01:00:00,0.031738
2025-05-09 02:00:00,0.035583
2025-05-09 03:00:00,0.015747
2025-05-09 04:00:00,0.006531
2025-05-09 05:00:00,0.006531
2025-05-09 06:00:00,0.005798
2025-05-09 07:00:00,0.014526
2025-05-09 08:00:00,0.232483
2025-05-09 09:00:00,0.318970
2025-05-09 10:00:00,0.128845
2025-05-09 11:00:00,0.124939
2025-05-09 12:00:00,0.057129
2025-05-09 13:00:00,0.053040
2025-05-09 14:00:00,0.035797
2025-05-09 15:00:00,0.026123
2025-05-09 16:00:00,0.033600
2025-05-09 17:00:00,0.019775
2025-05-09 18:00:00,0.007202
2025-05-09 19:00:00,0.006439
2025-05-09 20:00:00,0.007935
2025-05-09 21:00:00,0.009827
2025-05-09 22:00:00,0.021912
2025-05-09 23:00:00,0.020477
2025-05-10 00:00:00,0.008667
2025-05-10 01:00:00,0.005219
2025-05-10 02:00:00,0.004333
2025-05-10 03:00:00,0.003296
2025-05-10 04:00:00,0.006897
2025-05-10 05:00:00,0.009460
2025-05-10 06:00:00,0.086792
2025-05-10 07:00:00,0.129883
2025-05-10 08:00:00,0.253845
2025-05-10 09:00:00,0.102905
2025-05-10 10:00:00,0.108948
2025-05-10 11:00:00,0.059143
2025-05-10 12:00:00,0.045654
2025-05-10 13:00:00,0.062012
2025-05-10 14:00:00,0.057983
2025-05-10 15:00:00,0.038208
2025-05-10 16:00:00,0.041382
2025-05-10 17:00:00,0.026917
2025-05-10 18:00:00,0.012695
2025-05-10 19:00:00,0.008972
2025-05-10 20:00:00,0.003357
2025-05-10 21:00:00,0.000732
2025-05-10 22:00:00,0.000061
2025-05-10 23:00:00,0.000061
2025-05-11 00:00:00,0.000031
2025-05-11 01:00:00,0.000000
2025-05-11 02:00:00,0.000000
2025-05-11 03:00:00,0.000031
2025-05-11 04:00:00,0.001160
2025-05-11 05:00:00,0.010193
2025-05-11 06:00:00,0.010010
2025-05-11 07:00:00,0.009460
2025-05-11 08:00:00,0.004883
2025-05-11 09:00:00,0.002136
2025-05-11 10:00:00,0.039429
2025-05-11 11:00:00,0.028412
2025-05-11 12:00:00,0.015869
2025-05-11 13:00:00,0.035767
2025-05-11 14:00:00,0.083923
2025-05-11 15:00:00,0.087280
2025-05-11 16:00:00,0.074890
2025-05-11 17:00:00,0.040833
2025-05-11 18:00:00,0.028564
2025-05-11 19:00:00,0.024963
2025-05-11 20:00:00,0.032990
2025-05-11 21:00:00,0.034546
2025-05-11 22:00:00,0.002319
2025-05-11 23:00:00,0.000122
2025-05-12 00:00:00,0.000244
2025-05-12 01:00:00,0.000122
2025-05-12 02:00:00,0.000061
2025-05-12 03:00:00,0.000031
2025-05-12 04:00:00,0.000000
2025-05-12 05:00:00,0.000000
2025-05-12 06:00:00,0.002716
2025-05-12 07:00:00,0.006409
2025-05-12 08:00:00,0.012817
2025-05-12 09:00:00,0.022095
2025-05-12 10:00:00,0.022491
2025-05-12 11:00:00,0.004150
2025-05-12 12:00:00,0.067444
2025-05-12 13:00:00,0.096832
2025-05-12 14:00:00,0.152008
2025-05-12 15:00:00,0.070251
2025-05-12 16:00:00,0.034241
2025-05-12 17:00:00,0.002747
2025-05-12 18:00:00,0.002838
2025-05-12 19:00:00,0.000366
2025-05-12 20:00:00,0.000122
2025-05-12 21:00:00,0.000214
2025-05-12 22:00:00,0.000488
2025-05-12 23:00:00,0.000000
2025-05-13 00:00:00,0.000000
2025-05-13 01:00:00,0.000000
2025-05-13 02:00:00,0.000061
2025-05-13 03:00:00,0.000061
2025-05-13 04:00:00,0.000061
2025-05-13 05:00:00,0.000000
2025-05-13 06:00:00,0.000916
2025-05-13 07:00:00,0.004150
2025-05-13 08:00:00,0.008057
2025-05-13 09:00:00,0.022430
2025-05-13 10:00:00,0.136200
2025-05-13 11:00:00,0.299561
2025-05-13 12:00:00,0.126129
2025-05-13 13:00:00,0.133789
2025-05-13 14:00:00,0.138977
2025-05-13 15:00:00,0.128174
2025-05-13 16:00:00,0.091370
2025-05-13 17:00:00,0.051575
2025-05-13 18:00:00,0.025879
2025-05-13 19:00:00,0.008057
2025-05-13 20:00:00,0.000793
2025-05-13 21:00:00,0.000122
2025-05-13 22:00:00,0.000061
2025-05-13 23:00:00,0.000000
2025-05-14 00:00:00,0.000000
2025-05-14 01:00:00,0.000000
2025-05-14 02:00:00,0.000000
2025-05-14 03:00:00,0.000000
2025-05-14 04:00:00,0.000000
2025-05-14 05:00:00,0.000000
2025-05-14 06:00:00,0.000427
2025-05-14 07:00:00,0.000793
2025-05-14 08:00:00,0.013275
2025-05-14 09:00:00,0.016296
2025-05-14 10:00:00,0.118286
2025-05-14 11:00:00,0.057007
2025-05-14 12:00:00,0.007080
2025-05-14 13:00:00,0.000977
2025-05-14 14:00:00,0.000244
2025-05-14 15:00:00,0.000366
2025-05-14 16:00:00,0.000183
2025-05-14 17:00:00,0.000061
2025-05-14 18:00:00,0.000000
2025-05-14 19:00:00,0.000000
2025-05-14 20:00:00,0.000000
2025-05-14 21:00:00,0.000000
2025-05-14 22:00:00,0.000000
2025-05-14 23:00:00,0.000000
2025-05-15 00:00:00,0.000000
2025-05-15 01:00:00,0.000000
2025-05-15 02:00:00,0.000000
2025-05-15 03:00:00,0.000000
2025-05-15 04:00:00,0.000000
2025-05-15 05:00:00,0.000000
2025-05-15 06:00:00,0.000000
2025-05-15 07:00:00,0.000641
2025-05-15 08:00:00,0.001190
2025-05-15 09:00:00,0.001801
2025-05-15 10:00:00,0.000061
2025-05-15 11:00:00,0.000122
2025-05-15 12:00:00,0.000122
2025-05-15 13:00:00,0.000061
2025-05-15 14:00:00,0.000000
2025-05-15 15:00:00,0.000000
2025-05-15 16:00:00,0.000000
2025-05-15 17:00:00,0.000061
2025-05-15 18:00:00,0.000000
2025-05-15 19:00:00,0.000000
2025-05-15 20:00:00,0.000000
2025-05-15 21:00:00,0.000061
2025-05-15 22:00:00,0.022522
2025-05-15 23:00:00,0.002258
2025-05-16 00:00:00,0.002258
2025-05-16 01:00:00,0.008118
2025-05-16 02:00:00,0.004944
2025-05-16 03:00:00,0.004395
2025-05-16 04:00:00,0.001404
2025-05-16 05:00:00,0.000305
2025-05-16 06:00:00,0.002747
2025-05-16 07:00:00,0.025818
2025-05-16 08:00:00,0.018066
2025-05-16 09:00:00,0.014709
2025-05-16 10:00:00,0.113129
2025-05-16 11:00:00,0.035736
2025-05-16 12:00:00,0.084961
2025-05-16 13:00:00,0.024048
2025-05-16 14:00:00,0.011414
2025-05-16 15:00:00,0.003174
2025-05-16 16:00:00,0.000183
2025-05-16 17:00:00,0.000000
2025-05-16 18:00:00,0.000183
2025-05-16 19:00:00,0.000488
2025-05-16 20:00:00,0.002136
2025-05-16 21:00:00,0.010376
2025-05-16 22:00:00,0.008362
2025-05-16 23:00:00,0.014862
2025-05-17 00:00:00,0.018005
2025-05-17 01:00:00,0.019928
2025-05-17 02:00:00,0.013733
2025-05-17 03:00:00,0.023804
2025-05-17 04:00:00,0.022949
2025-05-17 05:00:00,0.018127
2025-05-17 06:00:00,0.015594
2025-05-17 07:00:00,0.011871
2025-05-17 08:00:00,0.008423
2025-05-17 09:00:00,0.036194
2025-05-17 10:00:00,0.100647
2025-05-17 11:00:00,0.066711
2025-05-17 12:00:00,0.040649
2025-05-17 13:00:00,0.067261
2025-05-17 14:00:00,0.045715
2025-05-17 15:00:00,0.029724
2025-05-17 16:00:00,0.022034
2025-05-17 17:00:00,0.016663
2025-05-17 18:00:00,0.008362
2025-05-17 19:00:00,0.002319
2025-05-17 20:00:00,0.001709
2025-05-17 21:00:00,0.000793
2025-05-17 22:00:00,0.022247
2025-05-17 23:00:00,0.020050
2025-05-18 00:00:00,0.011749
2025-05-18 01:00:00,0.005249
2025-05-18 02:00:00,0.002380
2025-05-18 03:00:00,0.009430
2025-05-18 04:00:00,0.016235
2025-05-18 05:00:00,0.007019
2025-05-18 06:00:00,0.001801
2025-05-18 07:00:00,0.010254
2025-05-18 08:00:00,0.032135
2025-05-18 09:00:00,0.052246
2025-05-18 10:00:00,0.025146
2025-05-18 11:00:00,0.034790
2025-05-18 12:00:00,0.034668
2025-05-18 13:00:00,0.011749
2025-05-18 14:00:00,0.004944
2025-05-18 15:00:00,0.001648
2025-05-18 16:00:00,0.000427
2025-05-18 17:00:00,0.000336
2025-05-18 18:00:00,0.000153
2025-05-18 19:00:00,0.000061
2025-05-18 20:00:00,0.000000
2025-05-18 21:00:00,0.000000
2025-05-18 22:00:00,0.085938
2025-05-18 23:00:00,0.038666
2025-05-19 00:00:00,0.056915
2025-05-19 01:00:00,0.068909
2025-05-19 02:00:00,0.058655
2025-05-19 03:00:00,0.036438
2025-05-19 04:00:00,0.019348
2025-05-19 05:00:00,0.005066
2025-05-19 06:00:00,0.001068
2025-05-19 07:00:00,0.000427
2025-05-19 08:00:00,0.004913
2025-05-19 09:00:00,0.023651
2025-05-19 10:00:00,0.008728
2025-05-19 11:00:00,0.007507
2025-05-19 12:00:00,0.018066
2025-05-19 13:00:00,0.032593
2025-05-19 14:00:00,0.003571
2025-05-19 15:00:00,0.002563
2025-05-19 16:00:00,0.000732
2025-05-19 17:00:00,0.000122
2025-05-19 18:00:00,0.000122
2025-05-19 19:00:00,0.000061
2025-05-19 20:00:00,0.000061
2025-05-19 21:00:00,0.000122
2025-05-19 22:00:00,0.025208
2025-05-19 23:00:00,0.006714
2025-05-20 00:00:00,0.000916
2025-05-20 01:00:00,0.000061
2025-05-20 02:00:00,0.000000
2025-05-20 03:00:00,0.000000
2025-05-20 04:00:00,0.000000
2025-05-20 05:00:00,0.000000
2025-05-20 06:00:00,0.000000
2025-05-20 07:00:00,0.000854
2025-05-20 08:00:00,0.002075
2025-05-20 09:00:00,0.004150
2025-05-20 10:00:00,0.035278
2025-05-20 11:00:00,0.062805
2025-05-20 12:00:00,0.052490
2025-05-20 13:00:00,0.008057
2025-05-20 14:00:00,0.010193
2025-05-20 15:00:00,0.000305
2025-05-20 16:00:00,0.000000
2025-05-20 17:00:00,0.000000
2025-05-20 18:00:00,0.000061
2025-05-20 19:00:00,0.000122
2025-05-20 20:00:00,0.000122
2025-05-20 21:00:00,0.000061
2025-05-20 22:00:00,0.053894
2025-05-20 23:00:00,0.014404
2025-05-21 00:00:00,0.000000
2025-05-21 01:00:00,0.018555
2025-05-21 02:00:00,0.079590
2025-05-21 03:00:00,0.002197
2025-05-21 04:00:00,0.000305
2025-05-21 05:00:00,0.000977
2025-05-21 06:00:00,0.001587
2025-05-21 07:00:00,0.002258
2025-05-21 08:00:00,0.014587
2025-05-21 09:00:00,0.011292
2025-05-21 10:00:00,0.004761
2025-05-21 11:00:00,0.003174
2025-05-21 12:00:00,0.002563
2025-05-21 13:00:00,0.005432
2025-05-21 14:00:00,0.003418
2025-05-21 15:00:00,0.000641
2025-05-21 16:00:00,0.000671
2025-05-21 17:00:00,0.000763
2025-05-21 18:00:00,0.000854
2025-05-21 19:00:00,0.000610
2025-05-21 20:00:00,0.000275
2025-05-21 21:00:00,0.000122
2025-05-21 22:00:00,0.000000
2025-05-21 23:00:00,0.000000
2025-05-22 00:00:00,0.000000
2025-05-22 01:00:00,0.023926
2025-05-22 02:00:00,0.057617
2025-05-22 03:00:00,0.054199
2025-05-22 04:00:00,0.025757
2025-05-22 05:00:00,0.042114
2025-05-22 06:00:00,0.038452
2025-05-22 07:00:00,0.010498
2025-05-22 08:00:00,0.002380
2025-05-22 09:00:00,0.001648
2025-05-22 10:00:00,0.050171
2025-05-22 11:00:00,0.040009
2025-05-22 12:00:00,0.031311
2025-05-22 13:00:00,0.017334
2025-05-22 14:00:00,0.005768
2025-05-22 15:00:00,0.002319
2025-05-22 16:00:00,0.001282
2025-05-22 17:00:00,0.000824
2025-05-22 18:00:00,0.000427
2025-05-22 19:00:00,0.000244
2025-05-22 20:00:00,0.000183
2025-05-22 21:00:00,0.000214
2025-05-22 22:00:00,0.000000
2025-05-22 23:00:00,0.000000
2025-05-23 00:00:00,0.000000
2025-05-23 01:00:00,0.000000
2025-05-23 02:00:00,0.000000
2025-05-23 03:00:00,0.000000
2025-05-23 04:00:00,0.000000
2025-05-23 05:00:00,0.000000
2025-05-23 06:00:00,0.000183
2025-05-23 07:00:00,0.000244
2025-05-23 08:00:00,0.020508
2025-05-23 09:00:00,0.039612
2025-05-23 10:00:00,0.011993
2025-05-23 11:00:00,0.004730
2025-05-23 12:00:00,0.002991
2025-05-23 13:00:00,0.002502
2025-05-23 14:00:00,0.003784
2025-05-23 15:00:00,0.004883
2025-05-23 16:00:00,0.004333
2025-05-23 17:00:00,0.004761
2025-05-23 18:00:00,0.006104
2025-05-23 19:00:00,0.006348
2025-05-23 20:00:00,0.006287
2025-05-23 21:00:00,0.006104
2025-05-23 22:00:00,0.003296
2025-05-23 23:00:00,0.005981
2025-05-24 00:00:00,0.026855
2025-05-24 01:00:00,0.013245
2025-05-24 02:00:00,0.000793
2025-05-24 03:00:00,0.000275
2025-05-24 04:00:00,0.012604
2025-05-24 05:00:00,0.059143
2025-05-24 06:00:00,0.090271
2025-05-24 07:00:00,0.081299
2025-05-24 08:00:00,0.055847
2025-05-24 09:00:00,0.055664
2025-05-24 10:00:00,0.010010
2025-05-24 11:00:00,0.019531
2025-05-24 12:00:00,0.029541
2025-05-24 13:00:00,0.066406
2025-05-24 14:00:00,0.079529
2025-05-24 15:00:00,0.090759
2025-05-24 16:00:00,0.097229
2025-05-24 17:00:00,0.094666
2025-05-24 18:00:00,0.078918
2025-05-24 19:00:00,0.060913
2025-05-24 20:00:00,0.050598
2025-05-24 21:00:00,0.044067
2025-05-24 22:00:00,0.022217
2025-05-24 23:00:00,0.023743
2025-05-25 00:00:00,0.026031
2025-05-25 01:00:00,0.001648
2025-05-25 02:00:00,0.008789
2025-05-25 03:00:00,0.042664
2025-05-25 04:00:00,0.118774
2025-05-25 05:00:00,0.179626
2025-05-25 06:00:00,0.167847
2025-05-25 07:00:00,0.051025
2025-05-25 08:00:00,0.049133
2025-05-25 09:00:00,0.067139
2025-05-25 10:00:00,0.154694
2025-05-25 11:00:00,0.158447
2025-05-25 12:00:00,0.084808
2025-05-25 13:00:00,0.027069
2025-05-25 14:00:00,0.033508
2025-05-25 15:00:00,0.017395
2025-05-25 16:00:00,0.010529
2025-05-25 17:00:00,0.009491
2025-05-25 18:00:00,0.008453
2025-05-25 19:00:00,0.006592
2025-05-25 20:00:00,0.017944
2025-05-25 21:00:00,0.215942
2025-05-25 22:00:00,0.107788
2025-05-25 23:00:00,0.176575
2025-05-26 00:00:00,0.165466
2025-05-26 01:00:00,0.125122
2025-05-26 02:00:00,0.133728
2025-05-26 03:00:00,0.122864
2025-05-26 04:00:00,0.098145
2025-05-26 05:00:00,0.135590
2025-05-26 06:00:00,0.095886
2025-05-26 07:00:00,0.048889
2025-05-26 08:00:00,0.021790
2025-05-26 09:00:00,0.032776
2025-05-26 10:00:00,0.050781
2025-05-26 11:00:00,0.045471
2025-05-26 12:00:00,0.004639
2025-05-26 13:00:00,0.001434
2025-05-26 14:00:00,0.000946
2025-05-26 15:00:00,0.000397
2025-05-26 16:00:00,0.000183
2025-05-26 17:00:00,0.000122
2025-05-26 18:00:00,0.000122
2025-05-26 19:00:00,0.000183
2025-05-26 20:00:00,0.000244
2025-05-26 21:00:00,0.000244
2025-05-26 22:00:00,0.000122
2025-05-26 23:00:00,0.000305
2025-05-27 00:00:00,0.000793
2025-05-27 01:00:00,0.002197
2025-05-27 02:00:00,0.003265
2025-05-27 03:00:00,0.008301
2025-05-27 04:00:00,0.101501
2025-05-27 05:00:00,0.085693
2025-05-27 06:00:00,0.100342
2025-05-27 07:00:00,0.074402
2025-05-27 08:00:00,0.095642
2025-05-27 09:00:00,0.111755
2025-05-27 10:00:00,0.086914
2025-05-27 11:00:00,0.065002
2025-05-27 12:00:00,0.030518
2025-05-27 13:00:00,0.005798
2025-05-27 14:00:00,0.002716
2025-05-27 15:00:00,0.002136
2025-05-27 16:00:00,0.001892
2025-05-27 17:00:00,0.002930
2025-05-27 18:00:00,0.003845
2025-05-27 19:00:00,0.004089
2025-05-27 20:00:00,0.003265
2025-05-27 21:00:00,0.002106
2025-05-27 22:00:00,0.000183
2025-05-27 23:00:00,0.000061
2025-05-28 00:00:00,0.000031
2025-05-28 01:00:00,0.000031
2025-05-28 02:00:00,0.000061
2025-05-28 03:00:00,0.000092
2025-05-28 04:00:00,0.035522
2025-05-28 05:00:00,0.042877
2025-05-28 06:00:00,0.053528
2025-05-28 07:00:00,0.071564
2025-05-28 08:00:00,0.083618
2025-05-28 09:00:00,0.033264
2025-05-28 10:00:00,0.017090
2025-05-28 11:00:00,0.009705
2025-05-28 12:00:00,0.002075
2025-05-28 13:00:00,0.007996
2025-05-28 14:00:00,0.041077
2025-05-28 15:00:00,0.100891
2025-05-28 16:00:00,0.126404
2025-05-28 17:00:00,0.082855
2025-05-28 18:00:00,0.046234
2025-05-28 19:00:00,0.023682
2025-05-28 20:00:00,0.009644
2025-05-28 21:00:00,0.004211
2025-05-28 22:00:00,0.000885
2025-05-28 23:00:00,0.000214
2025-05-29 00:00:00,0.000031
2025-05-29 01:00:00,0.000061
2025-05-29 02:00:00,0.000153
2025-05-29 03:00:00,0.000061
2025-05-29 04:00:00,0.000458
2025-05-29 05:00:00,0.037781
2025-05-29 06:00:00,0.107086
2025-05-29 07:00:00,0.074615
2025-05-29 08:00:00,0.090698
2025-05-29 09:00:00,0.028442
2025-05-29 10:00:00,0.141785
2025-05-29 11:00:00,0.098785
2025-05-29 12:00:00,0.042664
2025-05-29 13:00:00,0.070465
2025-05-29 14:00:00,0.031006
2025-05-29 15:00:00,0.043762
2025-05-29 16:00:00,0.031494
2025-05-29 17:00:00,0.022156
2025-05-29 18:00:00,0.015869
2025-05-29 19:00:00,0.011475
2025-05-29 20:00:00,0.006287
2025-05-29 21:00:00,0.004120
2025-05-29 22:00:00,0.009125
2025-05-29 23:00:00,0.001190
2025-05-30 00:00:00,0.000977
2025-05-30 01:00:00,0.000885
2025-05-30 02:00:00,0.001007
2025-05-30 03:00:00,0.013916
2025-05-30 04:00:00,0.012939
2025-05-30 05:00:00,0.005554
2025-05-30 06:00:00,0.003052
2025-05-30 07:00:00,0.006836
2025-05-30 08:00:00,0.035156
2025-05-30 09:00:00,0.086426
2025-05-30 10:00:00,0.050171
2025-05-30 11:00:00,0.090759
2025-05-30 12:00:00,0.088959
2025-05-30 13:00:00,0.084991
2025-05-30 14:00:00,0.084473
2025-05-30 15:00:00,0.074371
2025-05-30 16:00:00,0.050995
2025-05-30 17:00:00,0.042175
2025-05-30 18:00:00,0.064758
2025-05-30 19:00:00,0.086426
2025-05-30 20:00:00,0.059692
2025-05-30 21:00:00,0.037964
2025-05-30 22:00:00,0.067871
2025-05-30 23:00:00,0.054260
2025-05-31 00:00:00,0.045166
2025-05-31 01:00:00,0.042725
2025-05-31 02:00:00,0.030701
2025-05-31 03:00:00,0.013947
2025-05-31 04:00:00,0.008606
2025-05-31 05:00:00,0.015198
2025-05-31 06:00:00,0.021057
2025-05-31 07:00:00,0.029572
2025-05-31 08:00:00,0.024506
2025-05-31 09:00:00,0.022339
2025-05-31 10:00:00,0.219513
2025-05-31 11:00:00,0.234741
2025-05-31 12:00:00,0.111633
2025-05-31 13:00:00,0.173218
2025-05-31 14:00:00,0.198425
2025-05-31 15:00:00,0.116028
2025-05-31 16:00:00,0.065674
2025-05-31 17:00:00,0.065613
2025-05-31 18:00:00,0.063538
2025-05-31 19:00:00,0.065491
2025-05-31 20:00:00,0.044861
2025-05-31 21:00:00,0.050049
2025-05-31 22:00:00,0.277130
2025-05-31 23:00:00,0.080963
2025-06-01 00:00:00,0.038330
2025-06-01 01:00:00,0.028259
2025-06-01 02:00:00,0.030243
2025-06-01 03:00:00,0.020325
2025-06-01 04:00:00,0.028809
2025-06-01 05:00:00,0.061646
2025-06-01 06:00:00,0.080597
2025-06-01 07:00:00,0.071808
2025-06-01 08:00:00,0.053497
2025-06-01 09:00:00,0.069489
2025-06-01 10:00:00,0.048218
2025-06-01 11:00:00,0.040588
2025-06-01 12:00:00,0.089783
2025-06-01 13:00:00,0.114136
2025-06-01 14:00:00,0.100159
2025-06-01 15:00:00,0.080383
2025-06-01 16:00:00,0.043030
2025-06-01 17:00:00,0.052307
2025-06-01 18:00:00,0.065247
2025-06-01 19:00:00,0.151917
2025-06-01 20:00:00,0.280945
2025-06-01 21:00:00,0.145081
2025-06-01 22:00:00,0.100830
2025-06-01 23:00:00,0.069153
2025-06-02 00:00:00,0.035309
2025-06-02 01:00:00,0.015778
2025-06-02 02:00:00,0.007172
2025-06-02 03:00:00,0.003265
2025-06-02 04:00:00,0.005920
2025-06-02 05:00:00,0.010559
2025-06-02 06:00:00,0.036194
2025-06-02 07:00:00,0.040466
2025-06-02 08:00:00,0.037354
2025-06-02 09:00:00,0.029541
2025-06-02 10:00:00,0.031281
2025-06-02 11:00:00,0.138763
2025-06-02 12:00:00,0.037292
2025-06-02 13:00:00,0.139679
2025-06-02 14:00:00,0.105652
2025-06-02 15:00:00,0.104980
2025-06-02 16:00:00,0.066284
2025-06-02 17:00:00,0.051331
2025-06-02 18:00:00,0.145294
2025-06-02 19:00:00,0.090851
2025-06-02 20:00:00,0.046509
2025-06-02 21:00:00,0.020630
2025-06-02 22:00:00,0.038269
2025-06-02 23:00:00,0.020782
2025-06-03 00:00:00,0.011108
2025-06-03 01:00:00,0.017822
2025-06-03 02:00:00,0.007782
2025-06-03 03:00:00,0.001587
2025-06-03 04:00:00,0.037415
2025-06-03 05:00:00,0.017456
2025-06-03 06:00:00,0.075867
2025-06-03 07:00:00,0.008667
2025-06-03 08:00:00,0.020752
2025-06-03 09:00:00,0.016907
2025-06-03 10:00:00,0.018402
2025-06-03 11:00:00,0.011536
2025-06-03 12:00:00,0.006592
2025-06-03 13:00:00,0.006531
2025-06-03 14:00:00,0.052063
2025-06-03 15:00:00,0.012939
2025-06-03 16:00:00,0.001587
2025-06-03 17:00:00,0.005859
2025-06-03 18:00:00,0.012207
2025-06-03 19:00:00,0.002808
2025-06-03 20:00:00,0.003479
2025-06-03 21:00:00,0.039673
2025-06-03 22:00:00,0.008606
2025-06-03 23:00:00,0.012268
2025-06-04 00:00:00,0.020264
2025-06-04 01:00:00,0.011719
2025-06-04 02:00:00,0.018127
2025-06-04 03:00:00,0.021484
2025-06-04 04:00:00,0.001465
2025-06-04 05:00:00,0.003540
2025-06-04 06:00:00,0.012543
2025-06-04 07:00:00,0.013916
2025-06-04 08:00:00,0.012115
2025-06-04 09:00:00,0.016998
2025-06-04 10:00:00,0.013031
2025-06-04 11:00:00,0.007660
2025-06-04 12:00:00,0.002350
2025-06-04 13:00:00,0.005219
2025-06-04 14:00:00,0.011658
2025-06-04 15:00:00,0.019592
2025-06-04 16:00:00,0.019043
2025-06-04 17:00:00,0.019043
2025-06-04 18:00:00,0.020691
2025-06-04 19:00:00,0.018311
2025-06-04 20:00:00,0.026306
2025-06-04 21:00:00,0.014954
2025-06-04 22:00:00,0.022461
2025-06-04 23:00:00,0.026489
2025-06-05 00:00:00,0.029999
2025-06-05 01:00:00,0.032043
2025-06-05 02:00:00,0.028076
2025-06-05 03:00:00,0.015411
2025-06-05 04:00:00,0.005829
2025-06-05 05:00:00,0.009766
2025-06-05 06:00:00,0.013763
2025-06-05 07:00:00,0.008759
2025-06-05 08:00:00,0.006592
2025-06-05 09:00:00,0.009827
2025-06-05 10:00:00,0.079224
2025-06-05 11:00:00,0.121216
2025-06-05 12:00:00,0.077454
2025-06-05 13:00:00,0.061646
2025-06-05 14:00:00,0.052673
2025-06-05 15:00:00,0.049622
2025-06-05 16:00:00,0.047852
2025-06-05 17:00:00,0.042603
2025-06-05 18:00:00,0.032227
2025-06-05 19:00:00,0.020996
2025-06-05 20:00:00,0.015076
2025-06-05 21:00:00,0.022339
2025-06-05 22:00:00,0.026428
2025-06-05 23:00:00,0.033875
2025-06-06 00:00:00,0.022430
2025-06-06 01:00:00,0.011749
2025-06-06 02:00:00,0.005707
2025-06-06 03:00:00,0.002869
2025-06-06 04:00:00,0.001404
2025-06-06 05:00:00,0.136444
2025-06-06 06:00:00,0.110596
2025-06-06 07:00:00,0.103394
2025-06-06 08:00:00,0.073914
2025-06-06 09:00:00,0.094910
2025-06-06 10:00:00,0.086365
2025-06-06 11:00:00,0.062805
2025-06-06 12:00:00,0.123718
2025-06-06 13:00:00,0.039276
2025-06-06 14:00:00,0.007843
2025-06-06 15:00:00,0.001495
2025-06-06 16:00:00,0.000366
2025-06-06 17:00:00,0.000122
2025-06-06 18:00:00,0.000061
2025-06-06 19:00:00,0.000000
2025-06-06 20:00:00,0.000000
2025-06-06 21:00:00,0.000000
2025-06-06 22:00:00,0.000000
2025-06-06 23:00:00,0.000000
2025-06-07 00:00:00,0.000000
2025-06-07 01:00:00,0.000000
2025-06-07 02:00:00,0.000000
2025-06-07 03:00:00,0.000000
2025-06-07 04:00:00,0.025635
2025-06-07 05:00:00,0.018188
2025-06-07 06:00:00,0.017944
2025-06-07 07:00:00,0.018372
2025-06-07 08:00:00,0.018311
2025-06-07 09:00:00,0.015991
2025-06-07 10:00:00,0.066650
2025-06-07 11:00:00,0.044373
2025-06-07 12:00:00,0.014954
2025-06-07 13:00:00,0.007385
2025-06-07 14:00:00,0.006287
2025-06-07 15:00:00,0.005493
2025-06-07 16:00:00,0.002747
2025-06-07 17:00:00,0.001465
2025-06-07 18:00:00,0.000854
2025-06-07 19:00:00,0.000366
2025-06-07 20:00:00,0.000122
2025-06-07 21:00:00,0.000061
2025-06-07 22:00:00,0.000000
2025-06-07 23:00:00,0.000000
2025-06-08 00:00:00,0.000000
2025-06-08 01:00:00,0.000000
2025-06-08 02:00:00,0.000000
2025-06-08 03:00:00,0.000061
2025-06-08 04:00:00,0.000214
2025-06-08 05:00:00,0.000183
2025-06-08 06:00:00,0.040588
2025-06-08 07:00:00,0.056946
2025-06-08 08:00:00,0.039368
2025-06-08 09:00:00,0.046387
2025-06-08 10:00:00,0.013367
2025-06-08 11:00:00,0.071198
2025-06-08 12:00:00,0.012848
2025-06-08 13:00:00,0.002686
2025-06-08 14:00:00,0.001251
2025-06-08 15:00:00,0.000793
2025-06-08 16:00:00,0.000336
2025-06-08 17:00:00,0.000122
2025-06-08 18:00:00,0.000092
2025-06-08 19:00:00,0.000061
2025-06-08 20:00:00,0.000000
2025-06-08 21:00:00,0.000000
2025-06-08 22:00:00,0.000000
2025-06-08 23:00:00,0.000000
2025-06-09 00:00:00,0.000000
2025-06-09 01:00:00,0.000000
2025-06-09 02:00:00,0.000000
2025-06-09 03:00:00,0.000000
2025-06-09 04:00:00,0.000000
2025-06-09 05:00:00,0.000000
2025-06-09 06:00:00,0.000000
2025-06-09 07:00:00,0.000366
2025-06-09 08:00:00,0.001770
2025-06-09 09:00:00,0.000824
2025-06-09 10:00:00,0.046875
2025-06-09 11:00:00,0.020233
2025-06-09 12:00:00,0.003906
2025-06-09 13:00:00,0.000488
2025-06-09 14:00:00,0.000244
2025-06-09 15:00:00,0.000183
2025-06-09 16:00:00,0.000122
2025-06-09 17:00:00,0.000061
2025-06-09 18:00:00,0.000000
2025-06-09 19:00:00,0.000000
2025-06-09 20:00:00,0.000000
2025-06-09 21:00:00,0.000000
2025-06-09 22:00:00,0.000000
2025-06-09 23:00:00,0.000000
2025-06-10 00:00:00,0.000000
2025-06-10 01:00:00,0.000000
2025-06-10 02:00:00,0.000000
2025-06-10 03:00:00,0.000000
2025-06-10 04:00:00,0.000000
2025-06-10 05:00:00,0.000000
2025-06-10 06:00:00,0.000000
2025-06-10 07:00:00,0.000000
2025-06-10 08:00:00,0.000000
2025-06-10 09:00:00,0.000000
2025-06-10 10:00:00,0.000000
2025-06-10 11:00:00,0.000000
2025-06-10 12:00:00,0.000061
2025-06-10 13:00:00,0.000092
2025-06-10 14:00:00,0.000061
2025-06-10 15:00:00,0.000061
2025-06-10 16:00:00,0.000183
2025-06-10 17:00:00,0.000549
2025-06-10 18:00:00,0.000977
2025-06-10 19:00:00,0.001404
2025-06-10 20:00:00,0.001709
2025-06-10 21:00:00,0.001953
2025-06-10 22:00:00,0.000793
2025-06-10 23:00:00,0.000824
2025-06-11 00:00:00,0.000793
2025-06-11 01:00:00,0.000854
2025-06-11 02:00:00,0.001099
2025-06-11 03:00:00,0.001404
2025-06-11 04:00:00,0.001526
2025-06-11 05:00:00,0.001282
2025-06-11 06:00:00,0.000732
2025-06-11 07:00:00,0.000122
2025-06-11 08:00:00,0.000031
2025-06-11 09:00:00,0.009155
2025-06-11 10:00:00,0.006287
2025-06-11 11:00:00,0.004639
2025-06-11 12:00:00,0.003601
2025-06-11 13:00:00,0.003662
2025-06-11 14:00:00,0.004425
2025-06-11 15:00:00,0.004639
2025-06-11 16:00:00,0.005035
2025-06-11 17:00:00,0.006042
2025-06-11 18:00:00,0.006470
2025-06-11 19:00:00,0.006287
2025-06-11 20:00:00,0.006104
2025-06-11 21:00:00,0.006042
2025-06-11 22:00:00,0.003845
2025-06-11 23:00:00,0.003571
2025-06-12 00:00:00,0.003448
2025-06-12 01:00:00,0.003357
2025-06-12 02:00:00,0.003113
2025-06-12 03:00:00,0.002533
2025-06-12 04:00:00,0.002014
2025-06-12 05:00:00,0.001617
2025-06-12 06:00:00,0.001251
2025-06-12 07:00:00,0.008820
2025-06-12 08:00:00,0.052551
2025-06-12 09:00:00,0.081909
2025-06-12 10:00:00,0.111786
2025-06-12 11:00:00,0.220245
2025-06-12 12:00:00,0.257172
2025-06-12 13:00:00,0.236786
2025-06-12 14:00:00,0.150879
2025-06-12 15:00:00,0.135071
2025-06-12 16:00:00,0.095825
2025-06-12 17:00:00,0.040405
2025-06-12 18:00:00,0.022888
2025-06-12 19:00:00,0.018555
2025-06-12 20:00:00,0.016785
2025-06-12 21:00:00,0.016632
2025-06-12 22:00:00,0.017273
2025-06-12 23:00:00,0.012268
2025-06-13 00:00:00,0.009521
2025-06-13 01:00:00,0.008423
2025-06-13 02:00:00,0.007507
2025-06-13 03:00:00,0.006165
2025-06-13 04:00:00,0.004700
2025-06-13 05:00:00,0.004639
2025-06-13 06:00:00,0.041870
2025-06-13 07:00:00,0.181580
2025-06-13 08:00:00,0.066284
2025-06-13 09:00:00,0.031921
2025-06-13 10:00:00,0.019592
2025-06-13 11:00:00,0.025208
2025-06-13 12:00:00,0.026184
2025-06-13 13:00:00,0.008118
2025-06-13 14:00:00,0.009033
2025-06-13 15:00:00,0.005859
2025-06-13 16:00:00,0.005615
2025-06-13 17:00:00,0.004791
2025-06-13 18:00:00,0.004089
2025-06-13 19:00:00,0.005432
2025-06-13 20:00:00,0.007568
2025-06-13 21:00:00,0.009827
2025-06-13 22:00:00,0.010101
2025-06-13 23:00:00,0.010193
2025-06-14 00:00:00,0.009064
2025-06-14 01:00:00,0.007202
2025-06-14 02:00:00,0.005310
2025-06-14 03:00:00,0.003296
2025-06-14 04:00:00,0.002014
2025-06-14 05:00:00,0.001587
2025-06-14 06:00:00,0.004578
2025-06-14 07:00:00,0.006927
2025-06-14 08:00:00,0.008942
2025-06-14 09:00:00,0.038422
2025-06-14 10:00:00,0.052856
2025-06-14 11:00:00,0.038879
2025-06-14 12:00:00,0.031738
2025-06-14 13:00:00,0.007935
2025-06-14 14:00:00,0.006897
2025-06-14 15:00:00,0.027405
2025-06-14 16:00:00,0.043884
2025-06-14 17:00:00,0.036621
2025-06-14 18:00:00,0.026306
2025-06-14 19:00:00,0.022827
2025-06-14 20:00:00,0.024048
2025-06-14 21:00:00,0.025085
2025-06-14 22:00:00,0.043701
2025-06-14 23:00:00,0.043457
2025-06-15 00:00:00,0.211395
2025-06-15 01:00:00,0.143494
2025-06-15 02:00:00,0.285828
2025-06-15 03:00:00,0.222656
2025-06-15 04:00:00,0.019165
2025-06-15 05:00:00,0.021942
2025-06-15 06:00:00,0.013184
2025-06-15 07:00:00,0.011566
2025-06-15 08:00:00,0.051147
2025-06-15 09:00:00,0.064789
2025-06-15 10:00:00,0.113892
2025-06-15 11:00:00,0.099854
2025-06-15 12:00:00,0.116699
2025-06-15 13:00:00,0.117371
2025-06-15 14:00:00,0.138245
2025-06-15 15:00:00,0.172485
2025-06-15 16:00:00,0.162598
2025-06-15 17:00:00,0.077820
2025-06-15 18:00:00,0.091431
2025-06-15 19:00:00,0.219849
2025-06-15 20:00:00,0.029907
2025-06-15 21:00:00,0.010986
2025-06-15 22:00:00,0.018555
2025-06-15 23:00:00,0.030914
2025-06-16 00:00:00,0.110321
2025-06-16 01:00:00,0.160431
2025-06-16 02:00:00,0.095795
2025-06-16 03:00:00,0.008026
2025-06-16 04:00:00,0.139740
2025-06-16 05:00:00,0.282806
2025-06-16 06:00:00,0.169708
2025-06-16 07:00:00,0.153198
2025-06-16 08:00:00,0.192169
2025-06-16 09:00:00,0.190765
2025-06-16 10:00:00,0.016296
2025-06-16 11:00:00,0.044800
2025-06-16 12:00:00,0.052673
2025-06-16 13:00:00,0.012268
2025-06-16 14:00:00,0.007111
2025-06-16 15:00:00,0.010315
2025-06-16 16:00:00,0.029907
2025-06-16 17:00:00,0.020447
2025-06-16 18:00:00,0.029907
2025-06-16 19:00:00,0.075928
2025-06-16 20:00:00,0.102234
2025-06-16 21:00:00,0.083923
2025-06-16 22:00:00,0.011292
2025-06-16 23:00:00,0.047974
2025-06-17 00:00:00,0.147766
2025-06-17 01:00:00,0.050873
2025-06-17 02:00:00,0.005310
2025-06-17 03:00:00,0.000488
2025-06-17 04:00:00,0.003540
2025-06-17 05:00:00,0.049072
2025-06-17 06:00:00,0.053101
2025-06-17 07:00:00,0.088257
2025-06-17 08:00:00,0.250427
2025-06-17 09:00:00,0.208435
2025-06-17 10:00:00,0.207794
2025-06-17 11:00:00,0.195190
2025-06-17 12:00:00,0.211792
2025-06-17 13:00:00,0.253815
2025-06-17 14:00:00,0.313080
2025-06-17 15:00:00,0.338989
2025-06-17 16:00:00,0.295227
2025-06-17 17:00:00,0.106079
2025-06-17 18:00:00,0.071716
2025-06-17 19:00:00,0.212341
2025-06-17 20:00:00,0.396606
2025-06-17 21:00:00,0.186707
2025-06-17 22:00:00,0.135925
2025-06-17 23:00:00,0.088501
2025-06-18 00:00:00,0.019775
2025-06-18 01:00:00,0.079681
2025-06-18 02:00:00,0.083954
2025-06-18 03:00:00,0.123047
2025-06-18 04:00:00,0.180847
2025-06-18 05:00:00,0.185425
2025-06-18 06:00:00,0.080444
2025-06-18 07:00:00,0.041077
2025-06-18 08:00:00,0.057861
2025-06-18 09:00:00,0.050903
2025-06-18 10:00:00,0.066589
2025-06-18 11:00:00,0.067627
2025-06-18 12:00:00,0.129822
2025-06-18 13:00:00,0.093567
2025-06-18 14:00:00,0.091095
2025-06-18 15:00:00,0.114685
2025-06-18 16:00:00,0.138885
2025-06-18 17:00:00,0.117279
2025-06-18 18:00:00,0.103333
2025-06-18 19:00:00,0.094055
2025-06-18 20:00:00,0.093384
2025-06-18 21:00:00,0.054688
2025-06-18 22:00:00,0.101746
2025-06-18 23:00:00,0.104736
2025-06-19 00:00:00,0.117126
2025-06-19 01:00:00,0.068970
2025-06-19 02:00:00,0.021210
2025-06-19 03:00:00,0.046936
2025-06-19 04:00:00,0.088867
2025-06-19 05:00:00,0.258118
2025-06-19 06:00:00,0.291382
2025-06-19 07:00:00,0.201324
2025-06-19 08:00:00,0.461700
2025-06-19 09:00:00,0.079376
2025-06-19 10:00:00,0.008789
2025-06-19 11:00:00,0.039032
2025-06-19 12:00:00,0.008240
2025-06-19 13:00:00,0.008667
2025-06-19 14:00:00,0.015076
2025-06-19 15:00:00,0.023041
2025-06-19 16:00:00,0.003448
2025-06-19 17:00:00,0.011017
2025-06-19 18:00:00,0.032410
2025-06-19 19:00:00,0.042664
2025-06-19 20:00:00,0.044464
2025-06-19 21:00:00,0.063629
2025-06-19 22:00:00,0.117676
2025-06-19 23:00:00,0.174744
2025-06-20 00:00:00,0.196930
2025-06-20 01:00:00,0.200195
2025-06-20 02:00:00,0.131989
2025-06-20 03:00:00,0.149780
2025-06-20 04:00:00,0.185669
2025-06-20 05:00:00,0.169006
2025-06-20 06:00:00,0.177979
2025-06-20 07:00:00,0.124390
2025-06-20 08:00:00,0.146362
2025-06-20 09:00:00,0.099426
2025-06-20 10:00:00,0.092896
2025-06-20 11:00:00,0.035675
2025-06-20 12:00:00,0.005768
2025-06-20 13:00:00,0.016785
2025-06-20 14:00:00,0.003021
2025-06-20 15:00:00,0.000671
2025-06-20 16:00:00,0.001129
2025-06-20 17:00:00,0.002319
2025-06-20 18:00:00,0.001251
2025-06-20 19:00:00,0.002625
2025-06-20 20:00:00,0.002380
2025-06-20 21:00:00,0.003906
2025-06-20 22:00:00,0.072632
2025-06-20 23:00:00,0.051697
2025-06-21 00:00:00,0.028442
2025-06-21 01:00:00,0.015015
2025-06-21 02:00:00,0.069702
2025-06-21 03:00:00,0.053711
2025-06-21 04:00:00,0.059357
2025-06-21 05:00:00,0.083496
2025-06-21 06:00:00,0.105408
2025-06-21 07:00:00,0.107635
2025-06-21 08:00:00,0.156982
2025-06-21 09:00:00,0.132660
2025-06-21 10:00:00,0.125427
2025-06-21 11:00:00,0.146973
2025-06-21 12:00:00,0.109253
2025-06-21 13:00:00,0.083771
2025-06-21 14:00:00,0.092224
2025-06-21 15:00:00,0.034363
2025-06-21 16:00:00,0.025818
2025-06-21 17:00:00,0.016785
2025-06-21 18:00:00,0.012207
2025-06-21 19:00:00,0.028442
2025-06-21 20:00:00,0.049316
2025-06-21 21:00:00,0.057953
2025-06-21 22:00:00,0.038544
2025-06-21 23:00:00,0.032471
2025-06-22 00:00:00,0.045044
2025-06-22 01:00:00,0.046692
2025-06-22 02:00:00,0.052704
2025-06-22 03:00:00,0.055176
2025-06-22 04:00:00,0.083984
2025-06-22 05:00:00,0.064728
2025-06-22 06:00:00,0.159790
2025-06-22 07:00:00,0.203857
2025-06-22 08:00:00,0.103699
2025-06-22 09:00:00,0.100159
2025-06-22 10:00:00,0.090088
2025-06-22 11:00:00,0.105347
2025-06-22 12:00:00,0.101440
2025-06-22 13:00:00,0.065491
2025-06-22 14:00:00,0.056946
2025-06-22 15:00:00,0.047913
2025-06-22 16:00:00,0.040405
2025-06-22 17:00:00,0.039062
2025-06-22 18:00:00,0.053284
2025-06-22 19:00:00,0.057953
2025-06-22 20:00:00,0.037659
2025-06-22 21:00:00,0.029541
2025-06-22 22:00:00,0.258179
2025-06-22 23:00:00,0.183136
2025-06-23 00:00:00,0.089172
2025-06-23 01:00:00,0.071899
2025-06-23 02:00:00,0.113892
2025-06-23 03:00:00,0.124817
2025-06-23 04:00:00,0.066711
2025-06-23 05:00:00,0.068237
2025-06-23 06:00:00,0.297607
2025-06-23 07:00:00,0.186401
2025-06-23 08:00:00,0.172455
2025-06-23 09:00:00,0.165253
2025-06-23 10:00:00,0.168518
2025-06-23 11:00:00,0.237366
2025-06-23 12:00:00,0.180389
2025-06-23 13:00:00,0.170471
2025-06-23 14:00:00,0.132690
2025-06-23 15:00:00,0.098938
2025-06-23 16:00:00,0.102539
2025-06-23 17:00:00,0.125854
2025-06-23 18:00:00,0.145935
2025-06-23 19:00:00,0.225098
2025-06-23 20:00:00,0.264465
2025-06-23 21:00:00,0.218536
2025-06-23 22:00:00,0.225616
2025-06-23 23:00:00,0.234589
2025-06-24 00:00:00,0.121887
2025-06-24 01:00:00,0.126892
2025-06-24 02:00:00,0.094879
2025-06-24 03:00:00,0.068665
2025-06-24 04:00:00,0.062134
2025-06-24 05:00:00,0.070526
2025-06-24 06:00:00,0.147919
2025-06-24 07:00:00,0.063232
2025-06-24 08:00:00,0.082489
2025-06-24 09:00:00,0.064697
2025-06-24 10:00:00,0.093445
2025-06-24 11:00:00,0.175293
2025-06-24 12:00:00,0.284241
2025-06-24 13:00:00,0.120850
2025-06-24 14:00:00,0.162964
2025-06-24 15:00:00,0.170105
2025-06-24 16:00:00,0.156433
2025-06-24 17:00:00,0.088104
2025-06-24 18:00:00,0.090759
2025-06-24 19:00:00,0.114105
2025-06-24 20:00:00,0.160095
2025-06-24 21:00:00,0.151245
2025-06-24 22:00:00,0.107605
2025-06-24 23:00:00,0.141174
2025-06-25 00:00:00,0.086731
2025-06-25 01:00:00,0.107178
2025-06-25 02:00:00,0.274506
2025-06-25 03:00:00,0.134033
2025-06-25 04:00:00,0.129761
2025-06-25 05:00:00,0.116333
2025-06-25 06:00:00,0.069244
2025-06-25 07:00:00,0.089355
2025-06-25 08:00:00,0.085938
2025-06-25 09:00:00,0.062592
2025-06-25 10:00:00,0.068756
2025-06-25 11:00:00,0.081512
2025-06-25 12:00:00,0.036011
2025-06-25 13:00:00,0.090546
2025-06-25 14:00:00,0.066895
2025-06-25 15:00:00,0.046906
2025-06-25 16:00:00,0.046814
2025-06-25 17:00:00,0.043091
2025-06-25 18:00:00,0.012817
2025-06-25 19:00:00,0.009827
2025-06-25 20:00:00,0.018433
2025-06-25 21:00:00,0.055115
2025-06-25 22:00:00,0.059570
2025-06-25 23:00:00,0.057159
2025-06-26 00:00:00,0.018402
2025-06-26 01:00:00,0.020996
2025-06-26 02:00:00,0.079193
2025-06-26 03:00:00,0.076477
2025-06-26 04:00:00,0.082275
2025-06-26 05:00:00,0.086761
2025-06-26 06:00:00,0.090088
2025-06-26 07:00:00,0.134460
2025-06-26 08:00:00,0.169373
2025-06-26 09:00:00,0.114990
2025-06-26 10:00:00,0.093933
2025-06-26 11:00:00,0.177795
2025-06-26 12:00:00,0.027405
2025-06-26 13:00:00,0.018921
2025-06-26 14:00:00,0.025146
2025-06-26 15:00:00,0.043121
2025-06-26 16:00:00,0.038147
2025-06-26 17:00:00,0.018127
2025-06-26 18:00:00,0.010620
2025-06-26 19:00:00,0.014709
2025-06-26 20:00:00,0.016754
2025-06-26 21:00:00,0.013000
2025-06-26 22:00:00,0.017883
2025-06-26 23:00:00,0.022583
2025-06-27 00:00:00,0.028381
2025-06-27 01:00:00,0.020447
2025-06-27 02:00:00,0.016052
2025-06-27 03:00:00,0.096497
2025-06-27 04:00:00,0.105713
2025-06-27 05:00:00,0.129822
2025-06-27 06:00:00,0.124512
2025-06-27 07:00:00,0.147522
2025-06-27 08:00:00,0.150330
2025-06-27 09:00:00,0.155151
2025-06-27 10:00:00,0.116516
2025-06-27 11:00:00,0.116394
2025-06-27 12:00:00,0.143951
2025-06-27 13:00:00,0.055511
2025-06-27 14:00:00,0.069366
2025-06-27 15:00:00,0.055664
2025-06-27 16:00:00,0.028320
2025-06-27 17:00:00,0.030457
2025-06-27 18:00:00,0.028198
2025-06-27 19:00:00,0.024231
2025-06-27 20:00:00,0.057068
2025-06-27 21:00:00,0.109253
2025-06-27 22:00:00,0.120178
2025-06-27 23:00:00,0.198120
2025-06-28 00:00:00,0.157532
2025-06-28 01:00:00,0.098633
2025-06-28 02:00:00,0.057739
2025-06-28 03:00:00,0.036133
2025-06-28 04:00:00,0.108887
2025-06-28 05:00:00,0.124939
2025-06-28 06:00:00,0.161316
2025-06-28 07:00:00,0.194885
2025-06-28 08:00:00,0.319275
2025-06-28 09:00:00,0.227112
2025-06-28 10:00:00,0.214203
2025-06-28 11:00:00,0.244568
2025-06-28 12:00:00,0.284180
2025-06-28 13:00:00,0.153931
2025-06-28 14:00:00,0.040955
2025-06-28 15:00:00,0.058044
2025-06-28 16:00:00,0.066986
2025-06-28 17:00:00,0.008148
2025-06-28 18:00:00,0.012451
2025-06-28 19:00:00,0.049225
2025-06-28 20:00:00,0.072601
2025-06-28 21:00:00,0.186279
2025-06-28 22:00:00,0.189545
2025-06-28 23:00:00,0.101349
2025-06-29 00:00:00,0.036194
2025-06-29 01:00:00,0.014404
2025-06-29 02:00:00,0.016479
2025-06-29 03:00:00,0.003845
2025-06-29 04:00:00,0.018250
2025-06-29 05:00:00,0.057007
2025-06-29 06:00:00,0.100525
2025-06-29 07:00:00,0.116241
2025-06-29 08:00:00,0.135437
2025-06-29 09:00:00,0.025696
2025-06-29 10:00:00,0.039246
2025-06-29 11:00:00,0.037842
2025-06-29 12:00:00,0.080566
2025-06-29 13:00:00,0.070129
2025-06-29 14:00:00,0.067383
2025-06-29 15:00:00,0.027130
2025-06-29 16:00:00,0.029816
2025-06-29 17:00:00,0.023590
2025-06-29 18:00:00,0.033966
2025-06-29 19:00:00,0.075439
2025-06-29 20:00:00,0.113312
2025-06-29 21:00:00,0.121155
2025-06-29 22:00:00,0.157715
2025-06-29 23:00:00,0.141479
2025-06-30 00:00:00,0.102509
2025-06-30 01:00:00,0.163727
2025-06-30 02:00:00,0.164490
2025-06-30 03:00:00,0.132019
2025-06-30 04:00:00,0.277313
2025-06-30 05:00:00,0.285583
2025-06-30 06:00:00,0.312042
2025-06-30 07:00:00,0.324219
2025-06-30 08:00:00,0.299835
2025-06-30 09:00:00,0.326050
2025-06-30 10:00:00,0.280823
2025-06-30 11:00:00,0.229248
2025-06-30 12:00:00,0.202301
2025-06-30 13:00:00,0.101074
2025-06-30 14:00:00,0.068970
2025-06-30 15:00:00,0.150330
2025-06-30 16:00:00,0.189575
2025-06-30 17:00:00,0.186829
2025-06-30 18:00:00,0.194824
2025-06-30 19:00:00,0.218506
2025-06-30 20:00:00,0.233948
2025-06-30 21:00:00,0.249695
2025-06-30 22:00:00,0.246155
2025-06-30 23:00:00,0.193848
2025-07-01 00:00:00,0.243225
2025-07-01 01:00:00,0.280457
2025-07-01 02:00:00,0.271179
2025-07-01 03:00:00,0.238770
2025-07-01 04:00:00,0.252258
2025-07-01 05:00:00,0.185730
2025-07-01 06:00:00,0.245026
2025-07-01 07:00:00,0.227936
2025-07-01 08:00:00,0.145844
2025-07-01 09:00:00,0.142822
2025-07-01 10:00:00,0.063202
2025-07-01 11:00:00,0.139526
2025-07-01 12:00:00,0.081421
2025-07-01 13:00:00,0.017761
2025-07-01 14:00:00,0.017029
2025-07-01 15:00:00,0.024292
2025-07-01 16:00:00,0.023560
2025-07-01 17:00:00,0.020203
2025-07-01 18:00:00,0.029358
2025-07-01 19:00:00,0.054016
2025-07-01 20:00:00,0.059937
2025-07-01 21:00:00,0.050476
2025-07-01 22:00:00,0.054871
2025-07-01 23:00:00,0.054626
2025-07-02 00:00:00,0.013641
2025-07-02 01:00:00,0.011353
2025-07-02 02:00:00,0.011353
2025-07-02 03:00:00,0.019836
2025-07-02 04:00:00,0.043823
2025-07-02 05:00:00,0.092896
2025-07-02 06:00:00,0.059082
2025-07-02 07:00:00,0.087646
2025-07-02 08:00:00,0.094971
2025-07-02 09:00:00,0.077087
2025-07-02 10:00:00,0.036194
2025-07-02 11:00:00,0.006226
2025-07-02 12:00:00,0.006744
2025-07-02 13:00:00,0.013916
2025-07-02 14:00:00,0.021576
2025-07-02 15:00:00,0.028870
2025-07-02 16:00:00,0.025513
2025-07-02 17:00:00,0.059845
2025-07-02 18:00:00,0.199890
2025-07-02 19:00:00,0.086487
2025-07-02 20:00:00,0.089020
2025-07-02 21:00:00,0.096954
2025-07-02 22:00:00,0.119934
2025-07-02 23:00:00,0.084595
2025-07-03 00:00:00,0.138763
2025-07-03 01:00:00,0.221069
2025-07-03 02:00:00,0.175476
2025-07-03 03:00:00,0.108459
2025-07-03 04:00:00,0.220398
2025-07-03 05:00:00,0.132935
2025-07-03 06:00:00,0.235596
2025-07-03 07:00:00,0.111084
2025-07-03 08:00:00,0.128906
2025-07-03 09:00:00,0.102051
2025-07-03 10:00:00,0.374817
2025-07-03 11:00:00,0.089722
2025-07-03 12:00:00,0.093018
2025-07-03 13:00:00,0.096069
2025-07-03 14:00:00,0.093781
2025-07-03 15:00:00,0.136932
2025-07-03 16:00:00,0.192810
2025-07-03 17:00:00,0.168640
2025-07-03 18:00:00,0.079559
2025-07-03 19:00:00,0.059937
2025-07-03 20:00:00,0.066406
2025-07-03 21:00:00,0.058929
2025-07-03 22:00:00,0.057678
2025-07-03 23:00:00,0.060059
2025-07-04 00:00:00,0.029755
2025-07-04 01:00:00,0.014221
2025-07-04 02:00:00,0.078064
2025-07-04 03:00:00,0.074982
2025-07-04 04:00:00,0.084839
2025-07-04 05:00:00,0.092041
2025-07-04 06:00:00,0.124634
2025-07-04 07:00:00,0.097595
2025-07-04 08:00:00,0.122803
2025-07-04 09:00:00,0.126984
2025-07-04 10:00:00,0.118896
2025-07-04 11:00:00,0.132019
2025-07-04 12:00:00,0.174164
2025-07-04 13:00:00,0.134979
2025-07-04 14:00:00,0.157043
2025-07-04 15:00:00,0.082886
2025-07-04 16:00:00,0.027802
2025-07-04 17:00:00,0.033081
2025-07-04 18:00:00,0.039551
2025-07-04 19:00:00,0.022583
2025-07-04 20:00:00,0.064362
2025-07-04 21:00:00,0.227234
2025-07-04 22:00:00,0.243225
2025-07-04 23:00:00,0.153412
2025-07-05 00:00:00,0.021973
2025-07-05 01:00:00,0.174377
2025-07-05 02:00:00,0.179413
2025-07-05 03:00:00,0.159424
2025-07-05 04:00:00,0.064056
2025-07-05 05:00:00,0.077026
2025-07-05 06:00:00,0.128967
2025-07-05 07:00:00,0.289551
2025-07-05 08:00:00,0.107635
2025-07-05 09:00:00,0.130676
2025-07-05 10:00:00,0.039825
2025-07-05 11:00:00,0.063324
2025-07-05 12:00:00,0.213867
2025-07-05 13:00:00,0.300995
2025-07-05 14:00:00,0.250916
2025-07-05 15:00:00,0.071259
2025-07-05 16:00:00,0.064178
2025-07-05 17:00:00,0.196167
2025-07-05 18:00:00,0.211487
2025-07-05 19:00:00,0.196289
2025-07-05 20:00:00,0.135864
2025-07-05 21:00:00,0.039642
2025-07-05 22:00:00,0.063019
2025-07-05 23:00:00,0.063507
2025-07-06 00:00:00,0.006042
2025-07-06 01:00:00,0.008636
2025-07-06 02:00:00,0.078613
2025-07-06 03:00:00,0.126953
2025-07-06 04:00:00,0.044739
2025-07-06 05:00:00,0.101501
2025-07-06 06:00:00,0.090027
2025-07-06 07:00:00,0.114746
2025-07-06 08:00:00,0.239624
2025-07-06 09:00:00,0.189880
2025-07-06 10:00:00,0.137939
2025-07-06 11:00:00,0.117859
2025-07-06 12:00:00,0.052856
2025-07-06 13:00:00,0.123810
2025-07-06 14:00:00,0.137543
2025-07-06 15:00:00,0.143433
2025-07-06 16:00:00,0.139648
2025-07-06 17:00:00,0.120972
2025-07-06 18:00:00,0.099854
2025-07-06 19:00:00,0.086334
2025-07-06 20:00:00,0.070923
2025-07-06 21:00:00,0.074768
2025-07-06 22:00:00,0.063660
2025-07-06 23:00:00,0.199585
2025-07-07 00:00:00,0.157440
2025-07-07 01:00:00,0.129974
2025-07-07 02:00:00,0.162048
2025-07-07 03:00:00,0.204773
2025-07-07 04:00:00,0.235657
2025-07-07 05:00:00,0.307739
2025-07-07 06:00:00,0.138763
2025-07-07 07:00:00,0.052673
2025-07-07 08:00:00,0.100952
2025-07-07 09:00:00,0.101501
2025-07-07 10:00:00,0.119934
2025-07-07 11:00:00,0.128510
2025-07-07 12:00:00,0.086548
2025-07-07 13:00:00,0.140808
2025-07-07 14:00:00,0.142426
2025-07-07 15:00:00,0.128967
2025-07-07 16:00:00,0.122040
2025-07-07 17:00:00,0.121277
2025-07-07 18:00:00,0.116302
2025-07-07 19:00:00,0.150940
2025-07-07 20:00:00,0.144989
2025-07-07 21:00:00,0.118652
2025-07-07 22:00:00,0.054688
2025-07-07 23:00:00,0.030273
2025-07-08 00:00:00,0.028259
2025-07-08 01:00:00,0.025879
2025-07-08 02:00:00,0.023071
2025-07-08 03:00:00,0.028503
2025-07-08 04:00:00,0.045471
2025-07-08 05:00:00,0.115051
2025-07-08 06:00:00,0.137939
2025-07-08 07:00:00,0.083801
2025-07-08 08:00:00,0.128601
2025-07-08 09:00:00,0.094666
2025-07-08 10:00:00,0.068512
2025-07-08 11:00:00,0.051483
2025-07-08 12:00:00,0.143097
2025-07-08 13:00:00,0.153839
2025-07-08 14:00:00,0.144257
2025-07-08 15:00:00,0.187195
2025-07-08 16:00:00,0.097778
2025-07-08 17:00:00,0.065308
2025-07-08 18:00:00,0.063934
2025-07-08 19:00:00,0.050354
2025-07-08 20:00:00,0.039764
2025-07-08 21:00:00,0.026672
2025-07-08 22:00:00,0.020508
2025-07-08 23:00:00,0.090240
2025-07-09 00:00:00,0.165466
2025-07-09 01:00:00,0.251556
2025-07-09 02:00:00,0.128601
2025-07-09 03:00:00,0.049072
2025-07-09 04:00:00,0.039307
2025-07-09 05:00:00,0.038055
2025-07-09 06:00:00,0.078613
2025-07-09 07:00:00,0.088531
2025-07-09 08:00:00,0.066132
2025-07-09 09:00:00,0.048645
2025-07-09 10:00:00,0.033264
2025-07-09 11:00:00,0.047943
2025-07-09 12:00:00,0.273651
2025-07-09 13:00:00,0.103760
2025-07-09 14:00:00,0.043091
2025-07-09 15:00:00,0.124115
2025-07-09 16:00:00,0.079681
2025-07-09 17:00:00,0.057587
2025-07-09 18:00:00,0.058716
2025-07-09 19:00:00,0.170532
2025-07-09 20:00:00,0.102753
2025-07-09 21:00:00,0.063721
2025-07-09 22:00:00,0.267242
2025-07-09 23:00:00,0.194092
2025-07-10 00:00:00,0.045959
2025-07-10 01:00:00,0.070557
2025-07-10 02:00:00,0.155945
2025-07-10 03:00:00,0.202179
2025-07-10 04:00:00,0.280365
2025-07-10 05:00:00,0.258789
2025-07-10 06:00:00,0.082367
2025-07-10 07:00:00,0.546753
2025-07-10 08:00:00,0.297577
2025-07-10 09:00:00,0.254333
2025-07-10 10:00:00,0.084778
2025-07-10 11:00:00,0.069824
2025-07-10 12:00:00,0.099182
2025-07-10 13:00:00,0.034271
2025-07-10 14:00:00,0.029541
2025-07-10 15:00:00,0.014709
2025-07-10 16:00:00,0.029724
2025-07-10 17:00:00,0.011841
2025-07-10 18:00:00,0.005920
2025-07-10 19:00:00,0.254333
2025-07-10 20:00:00,0.005554
2025-07-10 21:00:00,0.008606
2025-07-10 22:00:00,0.040924
2025-07-10 23:00:00,0.098724
2025-07-11 00:00:00,0.162048
2025-07-11 01:00:00,0.171692
2025-07-11 02:00:00,0.194580
2025-07-11 03:00:00,0.173706
2025-07-11 04:00:00,0.118408
2025-07-11 05:00:00,0.067322
2025-07-11 06:00:00,0.044891
2025-07-11 07:00:00,0.070709
2025-07-11 08:00:00,0.156738
2025-07-11 09:00:00,0.049316
2025-07-11 10:00:00,0.134766
2025-07-11 11:00:00,0.128723
2025-07-11 12:00:00,0.199066
2025-07-11 13:00:00,0.185089
2025-07-11 14:00:00,0.142456
2025-07-11 15:00:00,0.064301
2025-07-11 16:00:00,0.116516
2025-07-11 17:00:00,0.075378
2025-07-11 18:00:00,0.056824
2025-07-11 19:00:00,0.061188
2025-07-11 20:00:00,0.059174
2025-07-11 21:00:00,0.043854
2025-07-11 22:00:00,0.181244
2025-07-11 23:00:00,0.056091
2025-07-12 00:00:00,0.090912
2025-07-12 01:00:00,0.111481
2025-07-12 02:00:00,0.045990
2025-07-12 03:00:00,0.017975
2025-07-12 04:00:00,0.021820
2025-07-12 05:00:00,0.028015
2025-07-12 06:00:00,0.038116
2025-07-12 07:00:00,0.057922
2025-07-12 08:00:00,0.045044
2025-07-12 09:00:00,0.051575
2025-07-12 10:00:00,0.047241
2025-07-12 11:00:00,0.214905
2025-07-12 12:00:00,0.178497
2025-07-12 13:00:00,0.095001
2025-07-12 14:00:00,0.114807
2025-07-12 15:00:00,0.021484
2025-07-12 16:00:00,0.005432
2025-07-12 17:00:00,0.014709
2025-07-12 18:00:00,0.004578
2025-07-12 19:00:00,0.004333
2025-07-12 20:00:00,0.017761
2025-07-12 21:00:00,0.044067
2025-07-12 22:00:00,0.065063
2025-07-12 23:00:00,0.077362
2025-07-13 00:00:00,0.052551
2025-07-13 01:00:00,0.050232
2025-07-13 02:00:00,0.044800
2025-07-13 03:00:00,0.026978
2025-07-13 04:00:00,0.017853
2025-07-13 05:00:00,0.019165
2025-07-13 06:00:00,0.152649
2025-07-13 07:00:00,0.067413
2025-07-13 08:00:00,0.180664
2025-07-13 09:00:00,0.129761
2025-07-13 10:00:00,0.005371
2025-07-13 11:00:00,0.029114
2025-07-13 12:00:00,0.121460
2025-07-13 13:00:00,0.167969
2025-07-13 14:00:00,0.252197
2025-07-13 15:00:00,0.083130
2025-07-13 16:00:00,0.080566
2025-07-13 17:00:00,0.083252
2025-07-13 18:00:00,0.040588
2025-07-13 19:00:00,0.050781
2025-07-13 20:00:00,0.068481
2025-07-13 21:00:00,0.181763
2025-07-13 22:00:00,0.330444
2025-07-13 23:00:00,0.305237
2025-07-14 00:00:00,0.254486
2025-07-14 01:00:00,0.443420
2025-07-14 02:00:00,0.647705
2025-07-14 03:00:00,0.528442
2025-07-14 04:00:00,0.283875
2025-07-14 05:00:00,0.158356
2025-07-14 06:00:00,0.156006
2025-07-14 07:00:00,0.169556
2025-07-14 08:00:00,0.137817
2025-07-14 09:00:00,0.151733
2025-07-14 10:00:00,0.177368
2025-07-14 11:00:00,0.114288
2025-07-14 12:00:00,0.314178
2025-07-14 13:00:00,0.332825
2025-07-14 14:00:00,0.269806
2025-07-14 15:00:00,0.196808
2025-07-14 16:00:00,0.126526
2025-07-14 17:00:00,0.070679
2025-07-14 18:00:00,0.051727
2025-07-14 19:00:00,0.080811
2025-07-14 20:00:00,0.097321
2025-07-14 21:00:00,0.298828
2025-07-14 22:00:00,0.288483
2025-07-14 23:00:00,0.312805
2025-07-15 00:00:00,0.204468
2025-07-15 01:00:00,0.141632
2025-07-15 02:00:00,0.042633
2025-07-15 03:00:00,0.036621
2025-07-15 04:00:00,0.049927
2025-07-15 05:00:00,0.091675
2025-07-15 06:00:00,0.087769
2025-07-15 07:00:00,0.154755
2025-07-15 08:00:00,0.181335
2025-07-15 09:00:00,0.202240
2025-07-15 10:00:00,0.213318
2025-07-15 11:00:00,0.116241
2025-07-15 12:00:00,0.170654
2025-07-15 13:00:00,0.094574
2025-07-15 14:00:00,0.093689
2025-07-15 15:00:00,0.190704
2025-07-15 16:00:00,0.210358
2025-07-15 17:00:00,0.171509
2025-07-15 18:00:00,0.130432
2025-07-15 19:00:00,0.063904
2025-07-15 20:00:00,0.106812
2025-07-15 21:00:00,0.150757
2025-07-15 22:00:00,0.664368
2025-07-15 23:00:00,0.756836
2025-07-16 00:00:00,0.477661
2025-07-16 01:00:00,0.359283
2025-07-16 02:00:00,0.266052
2025-07-16 03:00:00,0.428162
2025-07-16 04:00:00,0.262726
2025-07-16 05:00:00,0.224976
2025-07-16 06:00:00,0.308899
2025-07-16 07:00:00,0.262634
2025-07-16 08:00:00,0.117737
2025-07-16 09:00:00,0.073303
2025-07-16 10:00:00,0.139771
2025-07-16 11:00:00,0.096436
2025-07-16 12:00:00,0.069702
2025-07-16 13:00:00,0.041443
2025-07-16 14:00:00,0.038574
2025-07-16 15:00:00,0.023865
2025-07-16 16:00:00,0.009583
2025-07-16 17:00:00,0.013855
2025-07-16 18:00:00,0.036987
2025-07-16 19:00:00,0.032684
2025-07-16 20:00:00,0.054382
2025-07-16 21:00:00,0.128876
2025-07-16 22:00:00,0.123474
2025-07-16 23:00:00,0.156860
2025-07-17 00:00:00,0.150208
2025-07-17 01:00:00,0.214111
2025-07-17 02:00:00,0.368591
2025-07-17 03:00:00,0.451721
2025-07-17 04:00:00,0.446198
2025-07-17 05:00:00,0.293945
2025-07-17 06:00:00,0.117615
2025-07-17 07:00:00,0.262329
2025-07-17 08:00:00,0.033081
2025-07-17 09:00:00,0.037903
2025-07-17 10:00:00,0.000702
2025-07-17 11:00:00,0.020294
2025-07-17 12:00:00,0.071686
2025-07-17 13:00:00,0.102234
2025-07-17 14:00:00,0.200439
2025-07-17 15:00:00,0.089294
2025-07-17 16:00:00,0.127869
2025-07-17 17:00:00,0.156250
2025-07-17 18:00:00,0.065613
2025-07-17 19:00:00,0.035828
2025-07-17 20:00:00,0.030396
2025-07-17 21:00:00,0.017029
2025-07-17 22:00:00,0.008728
2025-07-17 23:00:00,0.058136
2025-07-18 00:00:00,0.023468
2025-07-18 01:00:00,0.017639
2025-07-18 02:00:00,0.061310
2025-07-18 03:00:00,0.064545
2025-07-18 04:00:00,0.074249
2025-07-18 05:00:00,0.148987
2025-07-18 06:00:00,0.149048
2025-07-18 07:00:00,0.108093
2025-07-18 08:00:00,0.067505
2025-07-18 09:00:00,0.064697
2025-07-18 10:00:00,0.343628
2025-07-18 11:00:00,0.263916
2025-07-18 12:00:00,0.306824
2025-07-18 13:00:00,0.368591
2025-07-18 14:00:00,0.479797
2025-07-18 15:00:00,0.393982
2025-07-18 16:00:00,0.107361
2025-07-18 17:00:00,0.025909
2025-07-18 18:00:00,0.029480
2025-07-18 19:00:00,0.056152
2025-07-18 20:00:00,0.078461
2025-07-18 21:00:00,0.087372
2025-07-18 22:00:00,0.064941
2025-07-18 23:00:00,0.047058
2025-07-19 00:00:00,0.032043
2025-07-19 01:00:00,0.016266
2025-07-19 02:00:00,0.005096
2025-07-19 03:00:00,0.002472
2025-07-19 04:00:00,0.014343
2025-07-19 05:00:00,0.034119
2025-07-19 06:00:00,0.046814
2025-07-19 07:00:00,0.086029
2025-07-19 08:00:00,0.064758
2025-07-19 09:00:00,0.053650
2025-07-19 10:00:00,0.068420
2025-07-19 11:00:00,0.056580
2025-07-19 12:00:00,0.048950
2025-07-19 13:00:00,0.024017
2025-07-19 14:00:00,0.017639
2025-07-19 15:00:00,0.011292
2025-07-19 16:00:00,0.005249
2025-07-19 17:00:00,0.002808
2025-07-19 18:00:00,0.002197
2025-07-19 19:00:00,0.001556
2025-07-19 20:00:00,0.000824
2025-07-19 21:00:00,0.000488
2025-07-19 22:00:00,0.000061
2025-07-19 23:00:00,0.000214
2025-07-20 00:00:00,0.000366
2025-07-20 01:00:00,0.000549
2025-07-20 02:00:00,0.000488
2025-07-20 03:00:00,0.000427
2025-07-20 04:00:00,0.000244
2025-07-20 05:00:00,0.000092
2025-07-20 06:00:00,0.025787
2025-07-20 07:00:00,0.033936
2025-07-20 08:00:00,0.090271
2025-07-20 09:00:00,0.105011
2025-07-20 10:00:00,0.074738
2025-07-20 11:00:00,0.054108
2025-07-20 12:00:00,0.022888
2025-07-20 13:00:00,0.007751
2025-07-20 14:00:00,0.002502
2025-07-20 15:00:00,0.001678
2025-07-20 16:00:00,0.001587
2025-07-20 17:00:00,0.002502
2025-07-20 18:00:00,0.006348
2025-07-20 19:00:00,0.007843
2025-07-20 20:00:00,0.012726
2025-07-20 21:00:00,0.029510
2025-07-20 22:00:00,0.055115
2025-07-20 23:00:00,0.088867
2025-07-21 00:00:00,0.111115
2025-07-21 01:00:00,0.139282
2025-07-21 02:00:00,0.178223
2025-07-21 03:00:00,0.187622
2025-07-21 04:00:00,0.096832
2025-07-21 05:00:00,0.079132
2025-07-21 06:00:00,0.098572
2025-07-21 07:00:00,0.109985
2025-07-21 08:00:00,0.076355
2025-07-21 09:00:00,0.044464
2025-07-21 10:00:00,0.028198
2025-07-21 11:00:00,0.050842
2025-07-21 12:00:00,0.058868
2025-07-21 13:00:00,0.055847
2025-07-21 14:00:00,0.007996
2025-07-21 15:00:00,0.012634
2025-07-21 16:00:00,0.004822
2025-07-21 17:00:00,0.001953
2025-07-21 18:00:00,0.035767
2025-07-21 19:00:00,0.114319
2025-07-21 20:00:00,0.095276
2025-07-21 21:00:00,0.134613
2025-07-21 22:00:00,0.129211
2025-07-21 23:00:00,0.148010
2025-07-22 00:00:00,0.143951
2025-07-22 01:00:00,0.132782
2025-07-22 02:00:00,0.153748
2025-07-22 03:00:00,0.120392
2025-07-22 04:00:00,0.038696
2025-07-22 05:00:00,0.076904
2025-07-22 06:00:00,0.149994
2025-07-22 07:00:00,0.192261
2025-07-22 08:00:00,0.115173
2025-07-22 09:00:00,0.097595
2025-07-22 10:00:00,0.206116
2025-07-22 11:00:00,0.326599
2025-07-22 12:00:00,0.224121
2025-07-22 13:00:00,0.159363
2025-07-22 14:00:00,0.127075
2025-07-22 15:00:00,0.063416
2025-07-22 16:00:00,0.054016
2025-07-22 17:00:00,0.070801
2025-07-22 18:00:00,0.129883
2025-07-22 19:00:00,0.135254
2025-07-22 20:00:00,0.163635
2025-07-22 21:00:00,0.185120
2025-07-22 22:00:00,0.340942
2025-07-22 23:00:00,0.231110
2025-07-23 00:00:00,0.427460
2025-07-23 01:00:00,0.609497
2025-07-23 02:00:00,0.536774
2025-07-23 03:00:00,0.504822
2025-07-23 04:00:00,0.447815
2025-07-23 05:00:00,0.432709
2025-07-23 06:00:00,0.477234
2025-07-23 07:00:00,0.475189
2025-07-23 08:00:00,0.283478
2025-07-23 09:00:00,0.159302
2025-07-23 10:00:00,0.268799
2025-07-23 11:00:00,0.442627
2025-07-23 12:00:00,0.059509
2025-07-23 13:00:00,0.092651
2025-07-23 14:00:00,0.089539
2025-07-23 15:00:00,0.101746
2025-07-23 16:00:00,0.128845
2025-07-23 17:00:00,0.123535
2025-07-23 18:00:00,0.114502
2025-07-23 19:00:00,0.113464
2025-07-23 20:00:00,0.118042
2025-07-23 21:00:00,0.140991
2025-07-23 22:00:00,0.280365
2025-07-23 23:00:00,0.181030
2025-07-24 00:00:00,0.171600
2025-07-24 01:00:00,0.115479
2025-07-24 02:00:00,0.074768
2025-07-24 03:00:00,0.056152
2025-07-24 04:00:00,0.058716
2025-07-24 05:00:00,0.049805
2025-07-24 06:00:00,0.050598
2025-07-24 07:00:00,0.046326
2025-07-24 08:00:00,0.092529
2025-07-24 09:00:00,0.088074
2025-07-24 10:00:00,0.067688
2025-07-24 11:00:00,0.073792
2025-07-24 12:00:00,0.061218
2025-07-24 13:00:00,0.034363
2025-07-24 14:00:00,0.033936
2025-07-24 15:00:00,0.046387
2025-07-24 16:00:00,0.043579
2025-07-24 17:00:00,0.039764
2025-07-24 18:00:00,0.037415
2025-07-24 19:00:00,0.036530
2025-07-24 20:00:00,0.037598
2025-07-24 21:00:00,0.040527
2025-07-24 22:00:00,0.050262
2025-07-24 23:00:00,0.065643
2025-07-25 00:00:00,0.074524
2025-07-25 01:00:00,0.081909
2025-07-25 02:00:00,0.069031
2025-07-25 03:00:00,0.053772
2025-07-25 04:00:00,0.036926
2025-07-25 05:00:00,0.050476
2025-07-25 06:00:00,0.053040
2025-07-25 07:00:00,0.065796
2025-07-25 08:00:00,0.063568
2025-07-25 09:00:00,0.054138
2025-07-25 10:00:00,0.034058
2025-07-25 11:00:00,0.079437
2025-07-25 12:00:00,0.074402
2025-07-25 13:00:00,0.071716
2025-07-25 14:00:00,0.114929
2025-07-25 15:00:00,0.224487
2025-07-25 16:00:00,0.274902
2025-07-25 17:00:00,0.192322
2025-07-25 18:00:00,0.085083
2025-07-25 19:00:00,0.050476
2025-07-25 20:00:00,0.026855
2025-07-25 21:00:00,0.053497
2025-07-25 22:00:00,0.149658
2025-07-25 23:00:00,0.110352
2025-07-26 00:00:00,0.104614
2025-07-26 01:00:00,0.229980
2025-07-26 02:00:00,0.249329
2025-07-26 03:00:00,0.376923
2025-07-26 04:00:00,0.210571
2025-07-26 05:00:00,0.018860
2025-07-26 06:00:00,0.028320
2025-07-26 07:00:00,0.018005
2025-07-26 08:00:00,0.024231
2025-07-26 09:00:00,0.012390
2025-07-26 10:00:00,0.026733
2025-07-26 11:00:00,0.010498
2025-07-26 12:00:00,0.040466
2025-07-26 13:00:00,0.076233
2025-07-26 14:00:00,0.088898
2025-07-26 15:00:00,0.063873
2025-07-26 16:00:00,0.049316
2025-07-26 17:00:00,0.039642
2025-07-26 18:00:00,0.034454
2025-07-26 19:00:00,0.048767
2025-07-26 20:00:00,0.061615
2025-07-26 21:00:00,0.081055
2025-07-26 22:00:00,0.037842
2025-07-26 23:00:00,0.038635
2025-07-27 00:00:00,0.050354
2025-07-27 01:00:00,0.104309
2025-07-27 02:00:00,0.081665
2025-07-27 03:00:00,0.059814
2025-07-27 04:00:00,0.075012
2025-07-27 05:00:00,0.049042
2025-07-27 06:00:00,0.051300
2025-07-27 07:00:00,0.056244
2025-07-27 08:00:00,0.069092
2025-07-27 09:00:00,0.073547
2025-07-27 10:00:00,0.057709
2025-07-27 11:00:00,0.056763
2025-07-27 12:00:00,0.046082
2025-07-27 13:00:00,0.037476
2025-07-27 14:00:00,0.030609
2025-07-27 15:00:00,0.029022
2025-07-27 16:00:00,0.025391
2025-07-27 17:00:00,0.015381
2025-07-27 18:00:00,0.007629
2025-07-27 19:00:00,0.007568
2025-07-27 20:00:00,0.010529
2025-07-27 21:00:00,0.013885
2025-07-27 22:00:00,0.028351
2025-07-27 23:00:00,0.056213
2025-07-28 00:00:00,0.066803
2025-07-28 01:00:00,0.063385
2025-07-28 02:00:00,0.077179
2025-07-28 03:00:00,0.068756
2025-07-28 04:00:00,0.041229
2025-07-28 05:00:00,0.089355
2025-07-28 06:00:00,0.124268
2025-07-28 07:00:00,0.119446
2025-07-28 08:00:00,0.076721
2025-07-28 09:00:00,0.058228
2025-07-28 10:00:00,0.080933
2025-07-28 11:00:00,0.120911
2025-07-28 12:00:00,0.080109
2025-07-28 13:00:00,0.117249
2025-07-28 14:00:00,0.158447
2025-07-28 15:00:00,0.187500
2025-07-28 16:00:00,0.127930
2025-07-28 17:00:00,0.160889
2025-07-28 18:00:00,0.199951
2025-07-28 19:00:00,0.238037
2025-07-28 20:00:00,0.131409
2025-07-28 21:00:00,0.154114
2025-07-28 22:00:00,0.210938
2025-07-28 23:00:00,0.249390
2025-07-29 00:00:00,0.272644
2025-07-29 01:00:00,0.295044
2025-07-29 02:00:00,0.429779
2025-07-29 03:00:00,0.493042
2025-07-29 04:00:00,0.475067
2025-07-29 05:00:00,0.548279
2025-07-29 06:00:00,0.336517
2025-07-29 07:00:00,0.290436
2025-07-29 08:00:00,0.210785
2025-07-29 09:00:00,0.115723
2025-07-29 10:00:00,0.438721
2025-07-29 11:00:00,0.355774
2025-07-29 12:00:00,0.355530
2025-07-29 13:00:00,0.180756
2025-07-29 14:00:00,0.027802
2025-07-29 15:00:00,0.150208
2025-07-29 16:00:00,0.434509
2025-07-29 17:00:00,0.503662
2025-07-29 18:00:00,0.301453
2025-07-29 19:00:00,0.255920
2025-07-29 20:00:00,0.362488
2025-07-29 21:00:00,0.277893
2025-07-29 22:00:00,0.306946
2025-07-29 23:00:00,0.407532
2025-07-30 00:00:00,0.384399
2025-07-30 01:00:00,0.388428
2025-07-30 02:00:00,0.231140
2025-07-30 03:00:00,0.158203
2025-07-30 04:00:00,0.133636
2025-07-30 05:00:00,0.176636
2025-07-30 06:00:00,0.236206
2025-07-30 07:00:00,0.444397
2025-07-30 08:00:00,0.405609
2025-07-30 09:00:00,0.414948
2025-07-30 10:00:00,0.231323
2025-07-30 11:00:00,0.517761
2025-07-30 12:00:00,0.167206
2025-07-30 13:00:00,0.012207
2025-07-30 14:00:00,0.010803
2025-07-30 15:00:00,0.048706
2025-07-30 16:00:00,0.169312
2025-07-30 17:00:00,0.256958
2025-07-30 18:00:00,0.228821
2025-07-30 19:00:00,0.261902
2025-07-30 20:00:00,0.309143
2025-07-30 21:00:00,0.312805
2025-07-30 22:00:00,0.425110
2025-07-30 23:00:00,0.326965
2025-07-31 00:00:00,0.219849
2025-07-31 01:00:00,0.302979
2025-07-31 02:00:00,0.185425
2025-07-31 03:00:00,0.217285
2025-07-31 04:00:00,0.192139
2025-07-31 05:00:00,0.169800
2025-07-31 06:00:00,0.170044
2025-07-31 07:00:00,0.266174
2025-07-31 08:00:00,0.373352
2025-07-31 09:00:00,0.594421
2025-07-31 10:00:00,0.323608
2025-07-31 11:00:00,0.071350
2025-07-31 12:00:00,0.102661
2025-07-31 13:00:00,0.177490
2025-07-31 14:00:00,0.330688
2025-07-31 15:00:00,0.247925
2025-07-31 16:00:00,0.154053
2025-07-31 17:00:00,0.152161
2025-07-31 18:00:00,0.268860
2025-07-31 19:00:00,0.371338
2025-07-31 20:00:00,0.511963
2025-07-31 21:00:00,0.867798
2025-07-31 22:00:00,0.806122
2025-07-31 23:00:00,0.902771
2025-08-01 00:00:00,0.945038
2025-08-01 01:00:00,0.900360
2025-08-01 02:00:00,0.493408
2025-08-01 03:00:00,0.398773
2025-08-01 04:00:00,0.156158
2025-08-01 05:00:00,0.110413
2025-08-01 06:00:00,0.235596
2025-08-01 07:00:00,0.168762
2025-08-01 08:00:00,0.181793
2025-08-01 09:00:00,0.191589
2025-08-01 10:00:00,0.061859
2025-08-01 11:00:00,0.101196
2025-08-01 12:00:00,0.141418
2025-08-01 13:00:00,0.083801
2025-08-01 14:00:00,0.129395
2025-08-01 15:00:00,0.098816
2025-08-01 16:00:00,0.086548
2025-08-01 17:00:00,0.067810
2025-08-01 18:00:00,0.102783
2025-08-01 19:00:00,0.118347
2025-08-01 20:00:00,0.176758
2025-08-01 21:00:00,0.196442
2025-08-01 22:00:00,0.228149
2025-08-01 23:00:00,0.265747
2025-08-02 00:00:00,0.298981
2025-08-02 01:00:00,0.286682
2025-08-02 02:00:00,0.172516
2025-08-02 03:00:00,0.126556
2025-08-02 04:00:00,0.180389
2025-08-02 05:00:00,0.183044
2025-08-02 06:00:00,0.193390
2025-08-02 07:00:00,0.152222
2025-08-02 08:00:00,0.176453
2025-08-02 09:00:00,0.130798
2025-08-02 10:00:00,0.135529
2025-08-02 11:00:00,0.202087
2025-08-02 12:00:00,0.174255
2025-08-02 13:00:00,0.095947
2025-08-02 14:00:00,0.041382
2025-08-02 15:00:00,0.175049
2025-08-02 16:00:00,0.188293
2025-08-02 17:00:00,0.168762
2025-08-02 18:00:00,0.169189
2025-08-02 19:00:00,0.192200
2025-08-02 20:00:00,0.253357
2025-08-02 21:00:00,0.170959
2025-08-02 22:00:00,0.181824
2025-08-02 23:00:00,0.171692
2025-08-03 00:00:00,0.219604
2025-08-03 01:00:00,0.190247
2025-08-03 02:00:00,0.214722
2025-08-03 03:00:00,0.155151
2025-08-03 04:00:00,0.087524
2025-08-03 05:00:00,0.044128
2025-08-03 06:00:00,0.072021
2025-08-03 07:00:00,0.109619
2025-08-03 08:00:00,0.102325
2025-08-03 09:00:00,0.078400
2025-08-03 10:00:00,0.075378
2025-08-03 11:00:00,0.038788
2025-08-03 12:00:00,0.037292
2025-08-03 13:00:00,0.036072
2025-08-03 14:00:00,0.049561
2025-08-03 15:00:00,0.110962
2025-08-03 16:00:00,0.178772
2025-08-03 17:00:00,0.195740
2025-08-03 18:00:00,0.154388
2025-08-03 19:00:00,0.097229
2025-08-03 20:00:00,0.088623
2025-08-03 21:00:00,0.061493
2025-08-03 22:00:00,0.044373
2025-08-03 23:00:00,0.040283
2025-08-04 00:00:00,0.041962
2025-08-04 01:00:00,0.087952
2025-08-04 02:00:00,0.179810
2025-08-04 03:00:00,0.182587
2025-08-04 04:00:00,0.126862
2025-08-04 05:00:00,0.100250
2025-08-04 06:00:00,0.185089
2025-08-04 07:00:00,0.029266
2025-08-04 08:00:00,0.007141
2025-08-04 09:00:00,0.143982
2025-08-04 10:00:00,0.153290
2025-08-04 11:00:00,0.019440
2025-08-04 12:00:00,0.082703
2025-08-04 13:00:00,0.043396
2025-08-04 14:00:00,0.145935
2025-08-04 15:00:00,0.250793
2025-08-04 16:00:00,0.272888
2025-08-04 17:00:00,0.438110
2025-08-04 18:00:00,0.308533
2025-08-04 19:00:00,0.165222
2025-08-04 20:00:00,0.600555
2025-08-04 21:00:00,0.596405
2025-08-04 22:00:00,0.225281
2025-08-04 23:00:00,0.210449
2025-08-05 00:00:00,0.150726
2025-08-05 01:00:00,0.101532
2025-08-05 02:00:00,0.089752
2025-08-05 03:00:00,0.164368
2025-08-05 04:00:00,0.147705
2025-08-05 05:00:00,0.087708
2025-08-05 06:00:00,0.148010
2025-08-05 07:00:00,0.177643
2025-08-05 08:00:00,0.141663
2025-08-05 09:00:00,0.104706
2025-08-05 10:00:00,0.076874
2025-08-05 11:00:00,0.100098
2025-08-05 12:00:00,0.313293
2025-08-05 13:00:00,0.188934
2025-08-05 14:00:00,0.211670
2025-08-05 15:00:00,0.230988
2025-08-05 16:00:00,0.340790
2025-08-05 17:00:00,0.294067
2025-08-05 18:00:00,0.276886
2025-08-05 19:00:00,0.272095
2025-08-05 20:00:00,0.269287
2025-08-05 21:00:00,0.203766
2025-08-05 22:00:00,0.063965
2025-08-05 23:00:00,0.088074
2025-08-06 00:00:00,0.117218
2025-08-06 01:00:00,0.129761
2025-08-06 02:00:00,0.173615
2025-08-06 03:00:00,0.164978
2025-08-06 04:00:00,0.101593
2025-08-06 05:00:00,0.051666
2025-08-06 06:00:00,0.029541
2025-08-06 07:00:00,0.022278
2025-08-06 08:00:00,0.033264
2025-08-06 09:00:00,0.072205
2025-08-06 10:00:00,0.166504
2025-08-06 11:00:00,0.081726
2025-08-06 12:00:00,0.068451
2025-08-06 13:00:00,0.053589
2025-08-06 14:00:00,0.054749
2025-08-06 15:00:00,0.064758
2025-08-06 16:00:00,0.054565
2025-08-06 17:00:00,0.072083
2025-08-06 18:00:00,0.088013
2025-08-06 19:00:00,0.094177
2025-08-06 20:00:00,0.076660
2025-08-06 21:00:00,0.058044
2025-08-06 22:00:00,0.080444
2025-08-06 23:00:00,0.061340
2025-08-07 00:00:00,0.035950
2025-08-07 01:00:00,0.022278
2025-08-07 02:00:00,0.023621
2025-08-07 03:00:00,0.024323
2025-08-07 04:00:00,0.020966
2025-08-07 05:00:00,0.015808
2025-08-07 06:00:00,0.065399
2025-08-07 07:00:00,0.082336
2025-08-07 08:00:00,0.102142
2025-08-07 09:00:00,0.088898
2025-08-07 10:00:00,0.206085
2025-08-07 11:00:00,0.109192
2025-08-07 12:00:00,0.130188
2025-08-07 13:00:00,0.116089
2025-08-07 14:00:00,0.059875
2025-08-07 15:00:00,0.053162
2025-08-07 16:00:00,0.047272
2025-08-07 17:00:00,0.027374
2025-08-07 18:00:00,0.014252
2025-08-07 19:00:00,0.010040
2025-08-07 20:00:00,0.009094
2025-08-07 21:00:00,0.009521
2025-08-07 22:00:00,0.008179
2025-08-07 23:00:00,0.013062
2025-08-08 00:00:00,0.013947
2025-08-08 01:00:00,0.009399
2025-08-08 02:00:00,0.007446
2025-08-08 03:00:00,0.008179
2025-08-08 04:00:00,0.010010
2025-08-08 05:00:00,0.010376
2025-08-08 06:00:00,0.008484
2025-08-08 07:00:00,0.004120
2025-08-08 08:00:00,0.017120
2025-08-08 09:00:00,0.048950
2025-08-08 10:00:00,0.055634
2025-08-08 11:00:00,0.079926
2025-08-08 12:00:00,0.067017
2025-08-08 13:00:00,0.037292
2025-08-08 14:00:00,0.041504
2025-08-08 15:00:00,0.029236
2025-08-08 16:00:00,0.025299
2025-08-08 17:00:00,0.018677
2025-08-08 18:00:00,0.033081
2025-08-08 19:00:00,0.033142
2025-08-08 20:00:00,0.022308
2025-08-08 21:00:00,0.055145
2025-08-08 22:00:00,0.087585
2025-08-08 23:00:00,0.090698
2025-08-09 00:00:00,0.216217
2025-08-09 01:00:00,0.290497
2025-08-09 02:00:00,0.412354
2025-08-09 03:00:00,0.607300
2025-08-09 04:00:00,0.639099
2025-08-09 05:00:00,0.806641
2025-08-09 06:00:00,0.966858
2025-08-09 07:00:00,1.165527
2025-08-09 08:00:00,1.073242
2025-08-09 09:00:00,0.993042
2025-08-09 10:00:00,0.945435
2025-08-09 11:00:00,1.210266
2025-08-09 12:00:00,1.239929
2025-08-09 13:00:00,0.799011
2025-08-09 14:00:00,0.257507
2025-08-09 15:00:00,0.102814
2025-08-09 16:00:00,0.283508
2025-08-09 17:00:00,0.460144
2025-08-09 18:00:00,0.435181
2025-08-09 19:00:00,0.543762
2025-08-09 20:00:00,0.452087
2025-08-09 21:00:00,0.496277
2025-08-09 22:00:00,0.373657
2025-08-09 23:00:00,0.573242
2025-08-10 00:00:00,0.476471
2025-08-10 01:00:00,0.266541
2025-08-10 02:00:00,0.180298
2025-08-10 03:00:00,0.174500
2025-08-10 04:00:00,0.115295
2025-08-10 05:00:00,0.159546
2025-08-10 06:00:00,0.220337
2025-08-10 07:00:00,0.186798
2025-08-10 08:00:00,0.129639
2025-08-10 09:00:00,0.122375
2025-08-10 10:00:00,0.114594
2025-08-10 11:00:00,0.098022
2025-08-10 12:00:00,0.091858
2025-08-10 13:00:00,0.105103
2025-08-10 14:00:00,0.116394
2025-08-10 15:00:00,0.130249
2025-08-10 16:00:00,0.157440
2025-08-10 17:00:00,0.122070
2025-08-10 18:00:00,0.092377
2025-08-10 19:00:00,0.093262
2025-08-10 20:00:00,0.136047
2025-08-10 21:00:00,0.234314
2025-08-10 22:00:00,0.379974
2025-08-10 23:00:00,0.274597
2025-08-11 00:00:00,0.394165
2025-08-11 01:00:00,0.390045
2025-08-11 02:00:00,0.395477
2025-08-11 03:00:00,0.346649
2025-08-11 04:00:00,0.247742
2025-08-11 05:00:00,0.162292
2025-08-11 06:00:00,0.182068
2025-08-11 07:00:00,0.110779
2025-08-11 08:00:00,0.066040
2025-08-11 09:00:00,0.065918
2025-08-11 10:00:00,0.203003
2025-08-11 11:00:00,0.372192
2025-08-11 12:00:00,0.188019
2025-08-11 13:00:00,0.024200
2025-08-11 14:00:00,0.145660
2025-08-11 15:00:00,0.100037
2025-08-11 16:00:00,0.006012
2025-08-11 17:00:00,0.062439
2025-08-11 18:00:00,0.173096
2025-08-11 19:00:00,0.067383
2025-08-11 20:00:00,0.019836
2025-08-11 21:00:00,0.058289
2025-08-11 22:00:00,0.101471
2025-08-11 23:00:00,0.268433
2025-08-12 00:00:00,0.301178
2025-08-12 01:00:00,0.335876
2025-08-12 02:00:00,0.374786
2025-08-12 03:00:00,0.326385
2025-08-12 04:00:00,0.153259
2025-08-12 05:00:00,0.064178
2025-08-12 06:00:00,0.023163
2025-08-12 07:00:00,0.018646
2025-08-12 08:00:00,0.021118
2025-08-12 09:00:00,0.025177
2025-08-12 10:00:00,0.007629
2025-08-12 11:00:00,0.005249
2025-08-12 12:00:00,0.004028
2025-08-12 13:00:00,0.002686
2025-08-12 14:00:00,0.005829
2025-08-12 15:00:00,0.009460
2025-08-12 16:00:00,0.005798
2025-08-12 17:00:00,0.007324
2025-08-12 18:00:00,0.005066
2025-08-12 19:00:00,0.008118
2025-08-12 20:00:00,0.017883
2025-08-12 21:00:00,0.031921
2025-08-12 22:00:00,0.066345
2025-08-12 23:00:00,0.046814
2025-08-13 00:00:00,0.045654
2025-08-13 01:00:00,0.038147
2025-08-13 02:00:00,0.034668
2025-08-13 03:00:00,0.026550
2025-08-13 04:00:00,0.014740
2025-08-13 05:00:00,0.002502
2025-08-13 06:00:00,0.060181
2025-08-13 07:00:00,0.106018
2025-08-13 08:00:00,0.017517
2025-08-13 09:00:00,0.019958
2025-08-13 10:00:00,0.023682
2025-08-13 11:00:00,0.028564
2025-08-13 12:00:00,0.055237
2025-08-13 13:00:00,0.042450
2025-08-13 14:00:00,0.031982
2025-08-13 15:00:00,0.030090
2025-08-13 16:00:00,0.034790
2025-08-13 17:00:00,0.030334
2025-08-13 18:00:00,0.022430
2025-08-13 19:00:00,0.016846
2025-08-13 20:00:00,0.027161
2025-08-13 21:00:00,0.019287
2025-08-13 22:00:00,0.036072
2025-08-13 23:00:00,0.025391
2025-08-14 00:00:00,0.006592
2025-08-14 01:00:00,0.038971
2025-08-14 02:00:00,0.219604
2025-08-14 03:00:00,0.480835
2025-08-14 04:00:00,0.224426
2025-08-14 05:00:00,0.059570
2025-08-14 06:00:00,0.207916
2025-08-14 07:00:00,0.094391
2025-08-14 08:00:00,0.087677
2025-08-14 09:00:00,0.037750
2025-08-14 10:00:00,0.051331
2025-08-14 11:00:00,0.042633
2025-08-14 12:00:00,0.054474
2025-08-14 13:00:00,0.091217
2025-08-14 14:00:00,0.110931
2025-08-14 15:00:00,0.072021
2025-08-14 16:00:00,0.043152
2025-08-14 17:00:00,0.017029
2025-08-14 18:00:00,0.018188
2025-08-14 19:00:00,0.012451
2025-08-14 20:00:00,0.027039
2025-08-14 21:00:00,0.042542
2025-08-14 22:00:00,0.079681
2025-08-14 23:00:00,0.154541
2025-08-15 00:00:00,0.295441
2025-08-15 01:00:00,0.175873
2025-08-15 02:00:00,0.140961
2025-08-15 03:00:00,0.212952
2025-08-15 04:00:00,0.250000
2025-08-15 05:00:00,0.151886
2025-08-15 06:00:00,0.079437
2025-08-15 07:00:00,0.070557
2025-08-15 08:00:00,0.082367
2025-08-15 09:00:00,0.082092
2025-08-15 10:00:00,0.150391
2025-08-15 11:00:00,0.140869
2025-08-15 12:00:00,0.141724
2025-08-15 13:00:00,0.138489
2025-08-15 14:00:00,0.107361
2025-08-15 15:00:00,0.109711
2025-08-15 16:00:00,0.125153
2025-08-15 17:00:00,0.116119
2025-08-15 18:00:00,0.085785
2025-08-15 19:00:00,0.092651
2025-08-15 20:00:00,0.129059
2025-08-15 21:00:00,0.147461
2025-08-15 22:00:00,0.103333
2025-08-15 23:00:00,0.097046
2025-08-16 00:00:00,0.094055
2025-08-16 01:00:00,0.106476
2025-08-16 02:00:00,0.190582
2025-08-16 03:00:00,0.135315
2025-08-16 04:00:00,0.115356
2025-08-16 05:00:00,0.084656
2025-08-16 06:00:00,0.082275
2025-08-16 07:00:00,0.078735
2025-08-16 08:00:00,0.108276
2025-08-16 09:00:00,0.138519
2025-08-16 10:00:00,0.116760
2025-08-16 11:00:00,0.060516
2025-08-16 12:00:00,0.227844
2025-08-16 13:00:00,0.036896
2025-08-16 14:00:00,0.090515
2025-08-16 15:00:00,0.095581
2025-08-16 16:00:00,0.056458
2025-08-16 17:00:00,0.046814
2025-08-16 18:00:00,0.042908
2025-08-16 19:00:00,0.039429
2025-08-16 20:00:00,0.042358
2025-08-16 21:00:00,0.193359
2025-08-16 22:00:00,0.167908
2025-08-16 23:00:00,0.171326
2025-08-17 00:00:00,0.124268
2025-08-17 01:00:00,0.110840
2025-08-17 02:00:00,0.102600
2025-08-17 03:00:00,0.092285
2025-08-17 04:00:00,0.051147
2025-08-17 05:00:00,0.022064
2025-08-17 06:00:00,0.064697
2025-08-17 07:00:00,0.069092
2025-08-17 08:00:00,0.076111
2025-08-17 09:00:00,0.075256
2025-08-17 10:00:00,0.106018
2025-08-17 11:00:00,0.151062
2025-08-17 12:00:00,0.054413
2025-08-17 13:00:00,0.020996
2025-08-17 14:00:00,0.013885
2025-08-17 15:00:00,0.011841
2025-08-17 16:00:00,0.013336
2025-08-17 17:00:00,0.013123
2025-08-17 18:00:00,0.015930
2025-08-17 19:00:00,0.020752
2025-08-17 20:00:00,0.037842
2025-08-17 21:00:00,0.032257
2025-08-17 22:00:00,0.021271
2025-08-17 23:00:00,0.033813
2025-08-18 00:00:00,0.048431
2025-08-18 01:00:00,0.040497
2025-08-18 02:00:00,0.093658
2025-08-18 03:00:00,0.099762
2025-08-18 04:00:00,0.067749
2025-08-18 05:00:00,0.036926
2025-08-18 06:00:00,0.051331
2025-08-18 07:00:00,0.024811
2025-08-18 08:00:00,0.034576
2025-08-18 09:00:00,0.067322
2025-08-18 10:00:00,0.077698
2025-08-18 11:00:00,0.057343
2025-08-18 12:00:00,0.036896
2025-08-18 13:00:00,0.026398
2025-08-18 14:00:00,0.018494
2025-08-18 15:00:00,0.014832
2025-08-18 16:00:00,0.005920
2025-08-18 17:00:00,0.004852
2025-08-18 18:00:00,0.009521
2025-08-18 19:00:00,0.028076
2025-08-18 20:00:00,0.043610
2025-08-18 21:00:00,0.036438
2025-08-18 22:00:00,0.023865
2025-08-18 23:00:00,0.024048
2025-08-19 00:00:00,0.029114
2025-08-19 01:00:00,0.051819
2025-08-19 02:00:00,0.055115
2025-08-19 03:00:00,0.036621
2025-08-19 04:00:00,0.011414
2025-08-19 05:00:00,0.057983
2025-08-19 06:00:00,0.046021
2025-08-19 07:00:00,0.093262
2025-08-19 08:00:00,0.051392
2025-08-19 09:00:00,0.071655
2025-08-19 10:00:00,0.038513
2025-08-19 11:00:00,0.079529
2025-08-19 12:00:00,0.074158
2025-08-19 13:00:00,0.046448
2025-08-19 14:00:00,0.026917
2025-08-19 15:00:00,0.020630
2025-08-19 16:00:00,0.016479
2025-08-19 17:00:00,0.015930
2025-08-19 18:00:00,0.020264
2025-08-19 19:00:00,0.032471
2025-08-19 20:00:00,0.051605
2025-08-19 21:00:00,0.080597
2025-08-19 22:00:00,0.038696
2025-08-19 23:00:00,0.049866
2025-08-20 00:00:00,0.078094
2025-08-20 01:00:00,0.088898
2025-08-20 02:00:00,0.054199
2025-08-20 03:00:00,0.035156
2025-08-20 04:00:00,0.025452
2025-08-20 05:00:00,0.023407
2025-08-20 06:00:00,0.065125
2025-08-20 07:00:00,0.075073
2025-08-20 08:00:00,0.053467
2025-08-20 09:00:00,0.060303
2025-08-20 10:00:00,0.068787
2025-08-20 11:00:00,0.096741
2025-08-20 12:00:00,0.056824
2025-08-20 13:00:00,0.040222
2025-08-20 14:00:00,0.042969
2025-08-20 15:00:00,0.039612
2025-08-20 16:00:00,0.034821
2025-08-20 17:00:00,0.033020
2025-08-20 18:00:00,0.027283
2025-08-20 19:00:00,0.037598
2025-08-20 20:00:00,0.063721
2025-08-20 21:00:00,0.074707
2025-08-20 22:00:00,0.039551
2025-08-20 23:00:00,0.021240
2025-08-21 00:00:00,0.014954
2025-08-21 01:00:00,0.012024
2025-08-21 02:00:00,0.011261
2025-08-21 03:00:00,0.069519
2025-08-21 04:00:00,0.089264
2025-08-21 05:00:00,0.093201
2025-08-21 06:00:00,0.114075
2025-08-21 07:00:00,0.134644
2025-08-21 08:00:00,0.132812
2025-08-21 09:00:00,0.138123
2025-08-21 10:00:00,0.180481
2025-08-21 11:00:00,0.184814
2025-08-21 12:00:00,0.173523
2025-08-21 13:00:00,0.140808
2025-08-21 14:00:00,0.143494
2025-08-21 15:00:00,0.163635
2025-08-21 16:00:00,0.139771
2025-08-21 17:00:00,0.135681
2025-08-21 18:00:00,0.122894
2025-08-21 19:00:00,0.067871
2025-08-21 20:00:00,0.074280
2025-08-21 21:00:00,0.099609
2025-08-21 22:00:00,0.061127
2025-08-21 23:00:00,0.048096
2025-08-22 00:00:00,0.091400
2025-08-22 01:00:00,0.135437
2025-08-22 02:00:00,0.054718
2025-08-22 03:00:00,0.069519
2025-08-22 04:00:00,0.088379
2025-08-22 05:00:00,0.072632
2025-08-22 06:00:00,0.165527
2025-08-22 07:00:00,0.147400
2025-08-22 08:00:00,0.094696
2025-08-22 09:00:00,0.076691
2025-08-22 10:00:00,0.174805
2025-08-22 11:00:00,0.076080
2025-08-22 12:00:00,0.118011
2025-08-22 13:00:00,0.145172
2025-08-22 14:00:00,0.100464
2025-08-22 15:00:00,0.057831
2025-08-22 16:00:00,0.067505
2025-08-22 17:00:00,0.044189
2025-08-22 18:00:00,0.072693
2025-08-22 19:00:00,0.175049
2025-08-22 20:00:00,0.246521
2025-08-22 21:00:00,0.193665
2025-08-22 22:00:00,0.083130
2025-08-22 23:00:00,0.123260
2025-08-23 00:00:00,0.136902
2025-08-23 01:00:00,0.104675
2025-08-23 02:00:00,0.061005
2025-08-23 03:00:00,0.041473
2025-08-23 04:00:00,0.051208
2025-08-23 05:00:00,0.044586
2025-08-23 06:00:00,0.079041
2025-08-23 07:00:00,0.155579
2025-08-23 08:00:00,0.221252
2025-08-23 09:00:00,0.131866
2025-08-23 10:00:00,0.017883
2025-08-23 11:00:00,0.096924
2025-08-23 12:00:00,0.118744
2025-08-23 13:00:00,0.310303
2025-08-23 14:00:00,0.053162
2025-08-23 15:00:00,0.042725
2025-08-23 16:00:00,0.059021
2025-08-23 17:00:00,0.143738
2025-08-23 18:00:00,0.066681
2025-08-23 19:00:00,0.072449
2025-08-23 20:00:00,0.061340
2025-08-23 21:00:00,0.026367
2025-08-23 22:00:00,0.237915
2025-08-23 23:00:00,0.073608
2025-08-24 00:00:00,0.072815
2025-08-24 01:00:00,0.090668
2025-08-24 02:00:00,0.113586
2025-08-24 03:00:00,0.132599
2025-08-24 04:00:00,0.131958
2025-08-24 05:00:00,0.083435
2025-08-24 06:00:00,0.131775
2025-08-24 07:00:00,0.101532
2025-08-24 08:00:00,0.348816
2025-08-24 09:00:00,0.318146
2025-08-24 10:00:00,0.250702
2025-08-24 11:00:00,0.340240
2025-08-24 12:00:00,0.440247
2025-08-24 13:00:00,0.277893
2025-08-24 14:00:00,0.488037
2025-08-24 15:00:00,0.438354
2025-08-24 16:00:00,0.149536
2025-08-24 17:00:00,0.183960
2025-08-24 18:00:00,0.264587
2025-08-24 19:00:00,0.204285
2025-08-24 20:00:00,0.093384
2025-08-24 21:00:00,0.179932
2025-08-24 22:00:00,0.131348
2025-08-24 23:00:00,0.188782
2025-08-25 00:00:00,0.318359
2025-08-25 01:00:00,0.490906
2025-08-25 02:00:00,0.730896
2025-08-25 03:00:00,0.219238
2025-08-25 04:00:00,0.135254
2025-08-25 05:00:00,0.127075
2025-08-25 06:00:00,0.442078
2025-08-25 07:00:00,0.412537
2025-08-25 08:00:00,0.425232
2025-08-25 09:00:00,0.572205
2025-08-25 10:00:00,0.070923
2025-08-25 11:00:00,0.102539
2025-08-25 12:00:00,0.154114
2025-08-25 13:00:00,0.160278
2025-08-25 14:00:00,0.490540
2025-08-25 15:00:00,0.310425
2025-08-25 16:00:00,0.402222
2025-08-25 17:00:00,0.712891
2025-08-25 18:00:00,0.362793
2025-08-25 19:00:00,0.373291
2025-08-25 20:00:00,0.401001
2025-08-25 21:00:00,0.306213
2025-08-25 22:00:00,0.516724
2025-08-25 23:00:00,0.380310
2025-08-26 00:00:00,0.317871
2025-08-26 01:00:00,0.341370
2025-08-26 02:00:00,0.361908
2025-08-26 03:00:00,0.249054
2025-08-26 04:00:00,0.187134
2025-08-26 05:00:00,0.106445
2025-08-26 06:00:00,0.121338
2025-08-26 07:00:00,0.259003
2025-08-26 08:00:00,0.248352
2025-08-26 09:00:00,0.199585
2025-08-26 10:00:00,0.118347
2025-08-26 11:00:00,0.130554
2025-08-26 12:00:00,0.061249
2025-08-26 13:00:00,0.087006
2025-08-26 14:00:00,0.037872
2025-08-26 15:00:00,0.063507
2025-08-26 16:00:00,0.038513
2025-08-26 17:00:00,0.066315
2025-08-26 18:00:00,0.087708
2025-08-26 19:00:00,0.118652
2025-08-26 20:00:00,0.110718
2025-08-26 21:00:00,0.107819
2025-08-26 22:00:00,0.083923
2025-08-26 23:00:00,0.083313
2025-08-27 00:00:00,0.091949
2025-08-27 01:00:00,0.161285
2025-08-27 02:00:00,0.234436
2025-08-27 03:00:00,0.216064
2025-08-27 04:00:00,0.133881
2025-08-27 05:00:00,0.098694
2025-08-27 06:00:00,0.099731
2025-08-27 07:00:00,0.092163
2025-08-27 08:00:00,0.093506
2025-08-27 09:00:00,0.082031
2025-08-27 10:00:00,0.073120
2025-08-27 11:00:00,0.109406
2025-08-27 12:00:00,0.060852
2025-08-27 13:00:00,0.046265
2025-08-27 14:00:00,0.047791
2025-08-27 15:00:00,0.052490
2025-08-27 16:00:00,0.069702
2025-08-27 17:00:00,0.072266
2025-08-27 18:00:00,0.066467
2025-08-27 19:00:00,0.064087
2025-08-27 20:00:00,0.087646
2025-08-27 21:00:00,0.132843
2025-08-27 22:00:00,0.161438
2025-08-27 23:00:00,0.157104
2025-08-28 00:00:00,0.162262
2025-08-28 01:00:00,0.224762
2025-08-28 02:00:00,0.160034
2025-08-28 03:00:00,0.096497
2025-08-28 04:00:00,0.054749
2025-08-28 05:00:00,0.076416
2025-08-28 06:00:00,0.125671
2025-08-28 07:00:00,0.136047
2025-08-28 08:00:00,0.087067
2025-08-28 09:00:00,0.096863
2025-08-28 10:00:00,0.047485
2025-08-28 11:00:00,0.060059
2025-08-28 12:00:00,0.149200
2025-08-28 13:00:00,0.091827
2025-08-28 14:00:00,0.093292
2025-08-28 15:00:00,0.183167
2025-08-28 16:00:00,0.233215
2025-08-28 17:00:00,0.221466
2025-08-28 18:00:00,0.133301
2025-08-28 19:00:00,0.111664
2025-08-28 20:00:00,0.092102
2025-08-28 21:00:00,0.137756
2025-08-28 22:00:00,0.135132
2025-08-28 23:00:00,0.092041
2025-08-29 00:00:00,0.080078
2025-08-29 01:00:00,0.240479
2025-08-29 02:00:00,0.169464
2025-08-29 03:00:00,0.151459
2025-08-29 04:00:00,0.163269
2025-08-29 05:00:00,0.136169
2025-08-29 06:00:00,0.184326
2025-08-29 07:00:00,0.158569
2025-08-29 08:00:00,0.072601
2025-08-29 09:00:00,0.079468
2025-08-29 10:00:00,0.111755
2025-08-29 11:00:00,0.102478
2025-08-29 12:00:00,0.053711
2025-08-29 13:00:00,0.040771
2025-08-29 14:00:00,0.053894
2025-08-29 15:00:00,0.054260
2025-08-29 16:00:00,0.058411
2025-08-29 17:00:00,0.085571
2025-08-29 18:00:00,0.128113
2025-08-29 19:00:00,0.180054
2025-08-29 20:00:00,0.097778
2025-08-29 21:00:00,0.063293
2025-08-29 22:00:00,0.046448
2025-08-29 23:00:00,0.064484
2025-08-30 00:00:00,0.176147
2025-08-30 01:00:00,0.299683
2025-08-30 02:00:00,0.161194
2025-08-30 03:00:00,0.151337
2025-08-30 04:00:00,0.111176
2025-08-30 05:00:00,0.097046
2025-08-30 06:00:00,0.088562
2025-08-30 07:00:00,0.087799
2025-08-30 08:00:00,0.083496
2025-08-30 09:00:00,0.083771
2025-08-30 10:00:00,0.405701
2025-08-30 11:00:00,0.076782
2025-08-30 12:00:00,0.092896
2025-08-30 13:00:00,0.106476
2025-08-30 14:00:00,0.082062
2025-08-30 15:00:00,0.087952
2025-08-30 16:00:00,0.129364
2025-08-30 17:00:00,0.096558
2025-08-30 18:00:00,0.061523
2025-08-30 19:00:00,0.057190
2025-08-30 20:00:00,0.098145
2025-08-30 21:00:00,0.192261
2025-08-30 22:00:00,0.061523
2025-08-30 23:00:00,0.081360
2025-08-31 00:00:00,0.142944
2025-08-31 01:00:00,0.045502
2025-08-31 02:00:00,0.066040
2025-08-31 03:00:00,0.106201
2025-08-31 04:00:00,0.117157
2025-08-31 05:00:00,0.126648
2025-08-31 06:00:00,0.174835
2025-08-31 07:00:00,0.199890
2025-08-31 08:00:00,0.189148
2025-08-31 09:00:00,0.158569
2025-08-31 10:00:00,0.149353
2025-08-31 11:00:00,0.113342
2025-08-31 12:00:00,0.088928
2025-08-31 13:00:00,0.075623
2025-08-31 14:00:00,0.147034
2025-08-31 15:00:00,0.214478
2025-08-31 16:00:00,0.313293
2025-08-31 17:00:00,0.335602
2025-08-31 18:00:00,0.449646
2025-08-31 19:00:00,0.503845
2025-08-31 20:00:00,0.524780
2025-08-31 21:00:00,0.562073
2025-08-31 22:00:00,0.574707
2025-08-31 23:00:00,0.895020
2025-09-01 00:00:00,0.942993
2025-09-01 01:00:00,0.944336
2025-09-01 02:00:00,0.975311
2025-09-01 03:00:00,0.925293
2025-09-01 04:00:00,0.790405
2025-09-01 05:00:00,0.359833
2025-09-01 06:00:00,0.121521
2025-09-01 07:00:00,0.096436
2025-09-01 08:00:00,0.233124
2025-09-01 09:00:00,0.403046
2025-09-01 10:00:00,0.332977
2025-09-01 11:00:00,0.375671
2025-09-01 12:00:00,0.428833
2025-09-01 13:00:00,0.596344
2025-09-01 14:00:00,0.757111
2025-09-01 15:00:00,0.813232
2025-09-01 16:00:00,1.060120
2025-09-01 17:00:00,1.083252
2025-09-01 18:00:00,1.164703
2025-09-01 19:00:00,0.947266
2025-09-01 20:00:00,1.164124
2025-09-01 21:00:00,1.089050
2025-09-01 22:00:00,1.342957
2025-09-01 23:00:00,1.083618
2025-09-02 00:00:00,0.949432
2025-09-02 01:00:00,0.865143
2025-09-02 02:00:00,0.708740
2025-09-02 03:00:00,0.866974
2025-09-02 04:00:00,0.810852
2025-09-02 05:00:00,0.854279
2025-09-02 06:00:00,0.704865
2025-09-02 07:00:00,0.527588
2025-09-02 08:00:00,0.118164
2025-09-02 09:00:00,0.462677
2025-09-02 10:00:00,0.297333
2025-09-02 11:00:00,0.262939
2025-09-02 12:00:00,0.119354
2025-09-02 13:00:00,0.137299
2025-09-02 14:00:00,0.071259
2025-09-02 15:00:00,0.105896
2025-09-02 16:00:00,0.130066
2025-09-02 17:00:00,0.137146
2025-09-02 18:00:00,0.144836
2025-09-02 19:00:00,0.168427
2025-09-02 20:00:00,0.139618
2025-09-02 21:00:00,0.130463
2025-09-02 22:00:00,0.192444
2025-09-02 23:00:00,0.223816
2025-09-03 00:00:00,0.187225
2025-09-03 01:00:00,0.783997
2025-09-03 02:00:00,0.130890
2025-09-03 03:00:00,0.212067
2025-09-03 04:00:00,0.078369
2025-09-03 05:00:00,0.052246
2025-09-03 06:00:00,0.044830
2025-09-03 07:00:00,0.049866
2025-09-03 08:00:00,0.064606
2025-09-03 09:00:00,0.066162
2025-09-03 10:00:00,0.097443
2025-09-03 11:00:00,0.194122
2025-09-03 12:00:00,0.190613
2025-09-03 13:00:00,0.217926
2025-09-03 14:00:00,0.081116
2025-09-03 15:00:00,0.120209
2025-09-03 16:00:00,0.161621
2025-09-03 17:00:00,0.139221
2025-09-03 18:00:00,0.199158
2025-09-03 19:00:00,0.272400
2025-09-03 20:00:00,0.106323
2025-09-03 21:00:00,0.022339
2025-09-03 22:00:00,0.037842
2025-09-03 23:00:00,0.037354
2025-09-04 00:00:00,0.065125
2025-09-04 01:00:00,0.177673
2025-09-04 02:00:00,0.206787
2025-09-04 03:00:00,0.143555
2025-09-04 04:00:00,0.065308
2025-09-04 05:00:00,0.024872
2025-09-04 06:00:00,0.036804
2025-09-04 07:00:00,0.042175
2025-09-04 08:00:00,0.060730
2025-09-04 09:00:00,0.058838
2025-09-04 10:00:00,0.149597
2025-09-04 11:00:00,0.078430
2025-09-04 12:00:00,0.035034
2025-09-04 13:00:00,0.010559
2025-09-04 14:00:00,0.009216
2025-09-04 15:00:00,0.007263
2025-09-04 16:00:00,0.004333
2025-09-04 17:00:00,0.010681
2025-09-04 18:00:00,0.020996
2025-09-04 19:00:00,0.019287
2025-09-04 20:00:00,0.011841
2025-09-04 21:00:00,0.009094
2025-09-04 22:00:00,0.020569
2025-09-04 23:00:00,0.038422
2025-09-05 00:00:00,0.054657
2025-09-05 01:00:00,0.040375
2025-09-05 02:00:00,0.034668
2025-09-05 03:00:00,0.067200
2025-09-05 04:00:00,0.097229
2025-09-05 05:00:00,0.104248
2025-09-05 06:00:00,0.088959
2025-09-05 07:00:00,0.075073
2025-09-05 08:00:00,0.087189
2025-09-05 09:00:00,0.319489
2025-09-05 10:00:00,0.399841
2025-09-05 11:00:00,0.042419
2025-09-05 12:00:00,0.063843
2025-09-05 13:00:00,0.023560
2025-09-05 14:00:00,0.033325
2025-09-05 15:00:00,0.100464
2025-09-05 16:00:00,0.042664
2025-09-05 17:00:00,0.041199
2025-09-05 18:00:00,0.082153
2025-09-05 19:00:00,0.091431
2025-09-05 20:00:00,0.047607
2025-09-05 21:00:00,0.022797
2025-09-05 22:00:00,0.019531
2025-09-05 23:00:00,0.013214
2025-09-06 00:00:00,0.017975
2025-09-06 01:00:00,0.036469
2025-09-06 02:00:00,0.055664
2025-09-06 03:00:00,0.088501
2025-09-06 04:00:00,0.150757
2025-09-06 05:00:00,0.264771
2025-09-06 06:00:00,0.301086
2025-09-06 07:00:00,0.240875
2025-09-06 08:00:00,0.157166
2025-09-06 09:00:00,0.122528
2025-09-06 10:00:00,0.095825
2025-09-06 11:00:00,0.106232
2025-09-06 12:00:00,0.117157
2025-09-06 13:00:00,0.042572
2025-09-06 14:00:00,0.059845
2025-09-06 15:00:00,0.049927
2025-09-06 16:00:00,0.085114
2025-09-06 17:00:00,0.119446
2025-09-06 18:00:00,0.078796
2025-09-06 19:00:00,0.062134
2025-09-06 20:00:00,0.055420
2025-09-06 21:00:00,0.052399
2025-09-06 22:00:00,0.016998
2025-09-06 23:00:00,0.016785
2025-09-07 00:00:00,0.019409
2025-09-07 01:00:00,0.016724
2025-09-07 02:00:00,0.032379
2025-09-07 03:00:00,0.043396
2025-09-07 04:00:00,0.195801
2025-09-07 05:00:00,0.136841
2025-09-07 06:00:00,0.091675
2025-09-07 07:00:00,0.116516
2025-09-07 08:00:00,0.214142
2025-09-07 09:00:00,0.167969
2025-09-07 10:00:00,0.124969
2025-09-07 11:00:00,0.076202
2025-09-07 12:00:00,0.050964
2025-09-07 13:00:00,0.033997
2025-09-07 14:00:00,0.033051
2025-09-07 15:00:00,0.036377
2025-09-07 16:00:00,0.041870
2025-09-07 17:00:00,0.049683
2025-09-07 18:00:00,0.047485
2025-09-07 19:00:00,0.027191
2025-09-07 20:00:00,0.009949
2025-09-07 21:00:00,0.006653
2025-09-07 22:00:00,0.016113
2025-09-07 23:00:00,0.023010
2025-09-08 00:00:00,0.031860
2025-09-08 01:00:00,0.059357
2025-09-08 02:00:00,0.029419
2025-09-08 03:00:00,0.023438
2025-09-08 04:00:00,0.026672
2025-09-08 05:00:00,0.042511
2025-09-08 06:00:00,0.122253
2025-09-08 07:00:00,0.108368
2025-09-08 08:00:00,0.114929
2025-09-08 09:00:00,0.182495
2025-09-08 10:00:00,0.062561
2025-09-08 11:00:00,0.131592
2025-09-08 12:00:00,0.071350
2025-09-08 13:00:00,0.062195
2025-09-08 14:00:00,0.027405
2025-09-08 15:00:00,0.024689
2025-09-08 16:00:00,0.025146
2025-09-08 17:00:00,0.019897
2025-09-08 18:00:00,0.014099
2025-09-08 19:00:00,0.012878
2025-09-08 20:00:00,0.010956
2025-09-08 21:00:00,0.006836
2025-09-08 22:00:00,0.003601
2025-09-08 23:00:00,0.003235
2025-09-09 00:00:00,0.003601
2025-09-09 01:00:00,0.003967
2025-09-09 02:00:00,0.004395
2025-09-09 03:00:00,0.005676
2025-09-09 04:00:00,0.005859
2025-09-09 05:00:00,0.123108
2025-09-09 06:00:00,0.107239
2025-09-09 07:00:00,0.124634
2025-09-09 08:00:00,0.127808
2025-09-09 09:00:00,0.104065
2025-09-09 10:00:00,0.081116
2025-09-09 11:00:00,0.047363
2025-09-09 12:00:00,0.021484
2025-09-09 13:00:00,0.010406
2025-09-09 14:00:00,0.004547
2025-09-09 15:00:00,0.003082
2025-09-09 16:00:00,0.002380
2025-09-09 17:00:00,0.002991
2025-09-09 18:00:00,0.003540
2025-09-09 19:00:00,0.003723
2025-09-09 20:00:00,0.004761
2025-09-09 21:00:00,0.006470
2025-09-09 22:00:00,0.006042
2025-09-09 23:00:00,0.007507
2025-09-10 00:00:00,0.006836
2025-09-10 01:00:00,0.005981
2025-09-10 02:00:00,0.003784
2025-09-10 03:00:00,0.000244
2025-09-10 04:00:00,0.003113
2025-09-10 05:00:00,0.008911
2025-09-10 06:00:00,0.036133
2025-09-10 07:00:00,0.059937
2025-09-10 08:00:00,0.055054
2025-09-10 09:00:00,0.038330
2025-09-10 10:00:00,0.053711
2025-09-10 11:00:00,0.028137
2025-09-10 12:00:00,0.012268
2025-09-10 13:00:00,0.003784
2025-09-10 14:00:00,0.001282
2025-09-10 15:00:00,0.000610
2025-09-10 16:00:00,0.000305
2025-09-10 17:00:00,0.000244
2025-09-10 18:00:00,0.000244
2025-09-10 19:00:00,0.000305
2025-09-10 20:00:00,0.000427
2025-09-10 21:00:00,0.000549
2025-09-10 22:00:00,0.000214
2025-09-10 23:00:00,0.000305
2025-09-11 00:00:00,0.000549
2025-09-11 01:00:00,0.000793
2025-09-11 02:00:00,0.001526
2025-09-11 03:00:00,0.001709
2025-09-11 04:00:00,0.001404
2025-09-11 05:00:00,0.001343
2025-09-11 06:00:00,0.023315
2025-09-11 07:00:00,0.040344
2025-09-11 08:00:00,0.038513
2025-09-11 09:00:00,0.020386
2025-09-11 10:00:00,0.028564
2025-09-11 11:00:00,0.025757
2025-09-11 12:00:00,0.013000
2025-09-11 13:00:00,0.007996
2025-09-11 14:00:00,0.004333
2025-09-11 15:00:00,0.004669
2025-09-11 16:00:00,0.005127
2025-09-11 17:00:00,0.006165
2025-09-11 18:00:00,0.006104
2025-09-11 19:00:00,0.005249
2025-09-11 20:00:00,0.004700
2025-09-11 21:00:00,0.006287
2025-09-11 22:00:00,0.010376
2025-09-11 23:00:00,0.008850
2025-09-12 00:00:00,0.006744
2025-09-12 01:00:00,0.005371
2025-09-12 02:00:00,0.007111
2025-09-12 03:00:00,0.008636
2025-09-12 04:00:00,0.008972
2025-09-12 05:00:00,0.007202
2025-09-12 06:00:00,0.106445
2025-09-12 07:00:00,0.119446
2025-09-12 08:00:00,0.110229
2025-09-12 09:00:00,0.114624
2025-09-12 10:00:00,0.115051
2025-09-12 11:00:00,0.102692
2025-09-12 12:00:00,0.079224
2025-09-12 13:00:00,0.066406
2025-09-12 14:00:00,0.076324
2025-09-12 15:00:00,0.085052
2025-09-12 16:00:00,0.078827
2025-09-12 17:00:00,0.066650
2025-09-12 18:00:00,0.067993
2025-09-12 19:00:00,0.080292
2025-09-12 20:00:00,0.098053
2025-09-12 21:00:00,0.114075
2025-09-12 22:00:00,0.082764
2025-09-12 23:00:00,0.055206
2025-09-13 00:00:00,0.042664
2025-09-13 01:00:00,0.035217
2025-09-13 02:00:00,0.034271
2025-09-13 03:00:00,0.039520
2025-09-13 04:00:00,0.042603
2025-09-13 05:00:00,0.037994
2025-09-13 06:00:00,0.076447
2025-09-13 07:00:00,0.137024
2025-09-13 08:00:00,0.112061
2025-09-13 09:00:00,0.117981
2025-09-13 10:00:00,0.107391
2025-09-13 11:00:00,0.083191
2025-09-13 12:00:00,0.066498
2025-09-13 13:00:00,0.064972
2025-09-13 14:00:00,0.066559
2025-09-13 15:00:00,0.063171
2025-09-13 16:00:00,0.048462
2025-09-13 17:00:00,0.052795
2025-09-13 18:00:00,0.041473
2025-09-13 19:00:00,0.028656
2025-09-13 20:00:00,0.027832
2025-09-13 21:00:00,0.030884
2025-09-13 22:00:00,0.018341
2025-09-13 23:00:00,0.016846
2025-09-14 00:00:00,0.030945
2025-09-14 01:00:00,0.045990
2025-09-14 02:00:00,0.027527
2025-09-14 03:00:00,0.009888
2025-09-14 04:00:00,0.005493
2025-09-14 05:00:00,0.019897
2025-09-14 06:00:00,0.087341
2025-09-14 07:00:00,0.103027
2025-09-14 08:00:00,0.098969
2025-09-14 09:00:00,0.112183
2025-09-14 10:00:00,0.084534
2025-09-14 11:00:00,0.093384
2025-09-14 12:00:00,0.078613
2025-09-14 13:00:00,0.065552
2025-09-14 14:00:00,0.057739
2025-09-14 15:00:00,0.047791
2025-09-14 16:00:00,0.047058
2025-09-14 17:00:00,0.047302
2025-09-14 18:00:00,0.038116
2025-09-14 19:00:00,0.020691
2025-09-14 20:00:00,0.008484
2025-09-14 21:00:00,0.003265
2025-09-14 22:00:00,0.003204
2025-09-14 23:00:00,0.000763
2025-09-15 00:00:00,0.000305
2025-09-15 01:00:00,0.000793
2025-09-15 02:00:00,0.002380
2025-09-15 03:00:00,0.002502
2025-09-15 04:00:00,0.002136
2025-09-15 05:00:00,0.002747
2025-09-15 06:00:00,0.003143
2025-09-15 07:00:00,0.025391
2025-09-15 08:00:00,0.085876
2025-09-15 09:00:00,0.072021
2025-09-15 10:00:00,0.110291
2025-09-15 11:00:00,0.087769
2025-09-15 12:00:00,0.061707
2025-09-15 13:00:00,0.051941
2025-09-15 14:00:00,0.041809
2025-09-15 15:00:00,0.030334
2025-09-15 16:00:00,0.025024
2025-09-15 17:00:00,0.021484
2025-09-15 18:00:00,0.021484
2025-09-15 19:00:00,0.021729
2025-09-15 20:00:00,0.021332
2025-09-15 21:00:00,0.020233
2025-09-15 22:00:00,0.012665
2025-09-15 23:00:00,0.018127
2025-09-16 00:00:00,0.021362
2025-09-16 01:00:00,0.020325
2025-09-16 02:00:00,0.016907
2025-09-16 03:00:00,0.014191
2025-09-16 04:00:00,0.011139
2025-09-16 05:00:00,0.008850
2025-09-16 06:00:00,0.012024
2025-09-16 07:00:00,0.020447
2025-09-16 08:00:00,0.057495
2025-09-16 09:00:00,0.088989
2025-09-16 10:00:00,0.127930
2025-09-16 11:00:00,0.101135
2025-09-16 12:00:00,0.097107
2025-09-16 13:00:00,0.071899
2025-09-16 14:00:00,0.051453
2025-09-16 15:00:00,0.043549
2025-09-16 16:00:00,0.056061
2025-09-16 17:00:00,0.061249
2025-09-16 18:00:00,0.057251
2025-09-16 19:00:00,0.056976
2025-09-16 20:00:00,0.056427
2025-09-16 21:00:00,0.052032
2025-09-16 22:00:00,0.088562
2025-09-16 23:00:00,0.078766
2025-09-17 00:00:00,0.097839
2025-09-17 01:00:00,0.085815
2025-09-17 02:00:00,0.061096
2025-09-17 03:00:00,0.047913
2025-09-17 04:00:00,0.038696
2025-09-17 05:00:00,0.045837
2025-09-17 06:00:00,0.086548
2025-09-17 07:00:00,0.110870
2025-09-17 08:00:00,0.171417
2025-09-17 09:00:00,0.103577
2025-09-17 10:00:00,0.142273
2025-09-17 11:00:00,0.176910
2025-09-17 12:00:00,0.328186
2025-09-17 13:00:00,0.246490
2025-09-17 14:00:00,0.134613
2025-09-17 15:00:00,0.098785
2025-09-17 16:00:00,0.094604
2025-09-17 17:00:00,0.098511
2025-09-17 18:00:00,0.107574
2025-09-17 19:00:00,0.084320
2025-09-17 20:00:00,0.058167
2025-09-17 21:00:00,0.068848
2025-09-17 22:00:00,0.058624
2025-09-17 23:00:00,0.044739
2025-09-18 00:00:00,0.047211
2025-09-18 01:00:00,0.045502
2025-09-18 02:00:00,0.039154
2025-09-18 03:00:00,0.036438
2025-09-18 04:00:00,0.039307
2025-09-18 05:00:00,0.075256
2025-09-18 06:00:00,0.205200
2025-09-18 07:00:00,0.232849
2025-09-18 08:00:00,0.143463
2025-09-18 09:00:00,0.133209
2025-09-18 10:00:00,0.118225
2025-09-18 11:00:00,0.106476
2025-09-18 12:00:00,0.312347
2025-09-18 13:00:00,0.242950
2025-09-18 14:00:00,0.184479
2025-09-18 15:00:00,0.128662
2025-09-18 16:00:00,0.106812
2025-09-18 17:00:00,0.077209
2025-09-18 18:00:00,0.059937
2025-09-18 19:00:00,0.049622
2025-09-18 20:00:00,0.046814
2025-09-18 21:00:00,0.047607
2025-09-18 22:00:00,0.050385
2025-09-18 23:00:00,0.050476
2025-09-19 00:00:00,0.049408
2025-09-19 01:00:00,0.033936
2025-09-19 02:00:00,0.029907
2025-09-19 03:00:00,0.020721
2025-09-19 04:00:00,0.021149
2025-09-19 05:00:00,0.073303
2025-09-19 06:00:00,0.119568
2025-09-19 07:00:00,0.193542
2025-09-19 08:00:00,0.149841
2025-09-19 09:00:00,0.093597
2025-09-19 10:00:00,0.077209
2025-09-19 11:00:00,0.058105
2025-09-19 12:00:00,0.037354
2025-09-19 13:00:00,0.019714
2025-09-19 14:00:00,0.020966
2025-09-19 15:00:00,0.027039
2025-09-19 16:00:00,0.027222
2025-09-19 17:00:00,0.020874
2025-09-19 18:00:00,0.015686
2025-09-19 19:00:00,0.011475
2025-09-19 20:00:00,0.007935
2025-09-19 21:00:00,0.004883
2025-09-19 22:00:00,0.001465
2025-09-19 23:00:00,0.001221
2025-09-20 00:00:00,0.001190
2025-09-20 01:00:00,0.001068
2025-09-20 02:00:00,0.000885
2025-09-20 03:00:00,0.000641
2025-09-20 04:00:00,0.000427
2025-09-20 05:00:00,0.041656
2025-09-20 06:00:00,0.046570
2025-09-20 07:00:00,0.053619
2025-09-20 08:00:00,0.085266
2025-09-20 09:00:00,0.072144
2025-09-20 10:00:00,0.081970
2025-09-20 11:00:00,0.046875
2025-09-20 12:00:00,0.016418
2025-09-20 13:00:00,0.002563
2025-09-20 14:00:00,0.000427
2025-09-20 15:00:00,0.000183
2025-09-20 16:00:00,0.000061
2025-09-20 17:00:00,0.000000
2025-09-20 18:00:00,0.000000
2025-09-20 19:00:00,0.000000
2025-09-20 20:00:00,0.000000
2025-09-20 21:00:00,0.000000
2025-09-20 22:00:00,0.000000
2025-09-20 23:00:00,0.000000
2025-09-21 00:00:00,0.000000
2025-09-21 01:00:00,0.000000
2025-09-21 02:00:00,0.000000
2025-09-21 03:00:00,0.000000
2025-09-21 04:00:00,0.000000
2025-09-21 05:00:00,0.014191
2025-09-21 06:00:00,0.019409
2025-09-21 07:00:00,0.022552
2025-09-21 08:00:00,0.052124
2025-09-21 09:00:00,0.041229
2025-09-21 10:00:00,0.037659
2025-09-21 11:00:00,0.026611
2025-09-21 12:00:00,0.017273
2025-09-21 13:00:00,0.012329
2025-09-21 14:00:00,0.009277
2025-09-21 15:00:00,0.007751
2025-09-21 16:00:00,0.006226
2025-09-21 17:00:00,0.004730
2025-09-21 18:00:00,0.003723
2025-09-21 19:00:00,0.003052
2025-09-21 20:00:00,0.002441
2025-09-21 21:00:00,0.001892
2025-09-21 22:00:00,0.000031
2025-09-21 23:00:00,0.000000
2025-09-22 00:00:00,0.000000
2025-09-22 01:00:00,0.000000
2025-09-22 02:00:00,0.000000
2025-09-22 03:00:00,0.000000
2025-09-22 04:00:00,0.000000
2025-09-22 05:00:00,0.002991
2025-09-22 06:00:00,0.044434
2025-09-22 07:00:00,0.060486
2025-09-22 08:00:00,0.062653
2025-09-22 09:00:00,0.060089
2025-09-22 10:00:00,0.059052
2025-09-22 11:00:00,0.048126
2025-09-22 12:00:00,0.043640
2025-09-22 13:00:00,0.035278
2025-09-22 14:00:00,0.023987
2025-09-22 15:00:00,0.018555
2025-09-22 16:00:00,0.015625
2025-09-22 17:00:00,0.013184
2025-09-22 18:00:00,0.010193
2025-09-22 19:00:00,0.007629
2025-09-22 20:00:00,0.005859
2025-09-22 21:00:00,0.004272
2025-09-22 22:00:00,0.002014
2025-09-22 23:00:00,0.001465
2025-09-23 00:00:00,0.001099
2025-09-23 01:00:00,0.000793
2025-09-23 02:00:00,0.000580
2025-09-23 03:00:00,0.000366
2025-09-23 04:00:00,0.000244
2025-09-23 05:00:00,0.000183
2025-09-23 06:00:00,0.001892
2025-09-23 07:00:00,0.001312
2025-09-23 08:00:00,0.000336
2025-09-23 09:00:00,0.000061
2025-09-23 10:00:00,0.000031
2025-09-23 11:00:00,0.000031
2025-09-23 12:00:00,0.000031
2025-09-23 13:00:00,0.000000
2025-09-23 14:00:00,0.000000
2025-09-23 15:00:00,0.000000
2025-09-23 16:00:00,0.000000
2025-09-23 17:00:00,0.000000
2025-09-23 18:00:00,0.000000
2025-09-23 19:00:00,0.000000
2025-09-23 20:00:00,0.000000
2025-09-23 21:00:00,0.000000
2025-09-23 22:00:00,0.000000
2025-09-23 23:00:00,0.000000
2025-09-24 00:00:00,0.000000
2025-09-24 01:00:00,0.000000
2025-09-24 02:00:00,0.000000
2025-09-24 03:00:00,0.000000
2025-09-24 04:00:00,0.000000
2025-09-24 05:00:00,0.000000
2025-09-24 06:00:00,0.000000
2025-09-24 07:00:00,0.000000
2025-09-24 08:00:00,0.000000
2025-09-24 09:00:00,0.000000
2025-09-24 10:00:00,0.000000
2025-09-24 11:00:00,0.000000
2025-09-24 12:00:00,0.000000
2025-09-24 13:00:00,0.000000
2025-09-24 14:00:00,0.000000
2025-09-24 15:00:00,0.000000
2025-09-24 16:00:00,0.000000
2025-09-24 17:00:00,0.000000
2025-09-24 18:00:00,0.000000
2025-09-24 19:00:00,0.000000
2025-09-24 20:00:00,0.000000
2025-09-24 21:00:00,0.000000
2025-09-24 22:00:00,0.000000
2025-09-24 23:00:00,0.000000
2025-09-25 00:00:00,0.000000
2025-09-25 01:00:00,0.000000
2025-09-25 02:00:00,0.000000
2025-09-25 03:00:00,0.000000
2025-09-25 04:00:00,0.000061
2025-09-25 05:00:00,0.000061
2025-09-25 06:00:00,0.000061
2025-09-25 07:00:00,0.000061
2025-09-25 08:00:00,0.000061
2025-09-25 09:00:00,0.000061
2025-09-25 10:00:00,0.000000
2025-09-25 11:00:00,0.000000
2025-09-25 12:00:00,0.000000
2025-09-25 13:00:00,0.000000
2025-09-25 14:00:00,0.000000
2025-09-25 15:00:00,0.000000
2025-09-25 16:00:00,0.000000
2025-09-25 17:00:00,0.000000
2025-09-25 18:00:00,0.000000
2025-09-25 19:00:00,0.000000
2025-09-25 20:00:00,0.000000
2025-09-25 21:00:00,0.000000
2025-09-25 22:00:00,0.000000
2025-09-25 23:00:00,0.000000
2025-09-26 00:00:00,0.000000
2025-09-26 01:00:00,0.000000
2025-09-26 02:00:00,0.000000
2025-09-26 03:00:00,0.000000
2025-09-26 04:00:00,0.000000
2025-09-26 05:00:00,0.000000
2025-09-26 06:00:00,0.000000
2025-09-26 07:00:00,0.000000
2025-09-26 08:00:00,0.000000
2025-09-26 09:00:00,0.000000
2025-09-26 10:00:00,0.000000
2025-09-26 11:00:00,0.000000
2025-09-26 12:00:00,0.000000
2025-09-26 13:00:00,0.000000
2025-09-26 14:00:00,0.000000
2025-09-26 15:00:00,0.000000
2025-09-26 16:00:00,0.000000
2025-09-26 17:00:00,0.000000
2025-09-26 18:00:00,0.000000
2025-09-26 19:00:00,0.000000
2025-09-26 20:00:00,0.000000
2025-09-26 21:00:00,0.000000
2025-09-26 22:00:00,0.000000
2025-09-26 23:00:00,0.000000
2025-09-27 00:00:00,0.000000
2025-09-27 01:00:00,0.000000
2025-09-27 02:00:00,0.000000
2025-09-27 03:00:00,0.000061
2025-09-27 04:00:00,0.000122
2025-09-27 05:00:00,0.000305
2025-09-27 06:00:00,0.000275
2025-09-27 07:00:00,0.000122
2025-09-27 08:00:00,0.002014
2025-09-27 09:00:00,0.012421
2025-09-27 10:00:00,0.083374
2025-09-27 11:00:00,0.070435
2025-09-27 12:00:00,0.070404
2025-09-27 13:00:00,0.054382
2025-09-27 14:00:00,0.034210
2025-09-27 15:00:00,0.016235
2025-09-27 16:00:00,0.007477
2025-09-27 17:00:00,0.007477
2025-09-27 18:00:00,0.006714
2025-09-27 19:00:00,0.005981
2025-09-27 20:00:00,0.005676
2025-09-27 21:00:00,0.006439
2025-09-27 22:00:00,0.017456
2025-09-27 23:00:00,0.022949
2025-09-28 00:00:00,0.018860
2025-09-28 01:00:00,0.010925
2025-09-28 02:00:00,0.003784
2025-09-28 03:00:00,0.001404
2025-09-28 04:00:00,0.001465
2025-09-28 05:00:00,0.040985
2025-09-28 06:00:00,0.090088
2025-09-28 07:00:00,0.104858
2025-09-28 08:00:00,0.102173
2025-09-28 09:00:00,0.068848
2025-09-28 10:00:00,0.078674
2025-09-28 11:00:00,0.064148
2025-09-28 12:00:00,0.047546
2025-09-28 13:00:00,0.030121
2025-09-28 14:00:00,0.022705
2025-09-28 15:00:00,0.011475
2025-09-28 16:00:00,0.006409
2025-09-28 17:00:00,0.003906
2025-09-28 18:00:00,0.003845
2025-09-28 19:00:00,0.004944
2025-09-28 20:00:00,0.005554
2025-09-28 21:00:00,0.005798
2025-09-28 22:00:00,0.003998
2025-09-28 23:00:00,0.004456
2025-09-29 00:00:00,0.004547
2025-09-29 01:00:00,0.004089
2025-09-29 02:00:00,0.004089
2025-09-29 03:00:00,0.004700
2025-09-29 04:00:00,0.047485
2025-09-29 05:00:00,0.070435
2025-09-29 06:00:00,0.074829
2025-09-29 07:00:00,0.079102
2025-09-29 08:00:00,0.032043
2025-09-29 09:00:00,0.036346
2025-09-29 10:00:00,0.072815
2025-09-29 11:00:00,0.049866
2025-09-29 12:00:00,0.055054
2025-09-29 13:00:00,0.057617
2025-09-29 14:00:00,0.057007
2025-09-29 15:00:00,0.064270
2025-09-29 16:00:00,0.051331
2025-09-29 17:00:00,0.047668
2025-09-29 18:00:00,0.051880
2025-09-29 19:00:00,0.053040
2025-09-29 20:00:00,0.048462
2025-09-29 21:00:00,0.042114
2025-09-29 22:00:00,0.075989
2025-09-29 23:00:00,0.023499
2025-09-30 00:00:00,0.026001
2025-09-30 01:00:00,0.023132
2025-09-30 02:00:00,0.008850
2025-09-30 03:00:00,0.000488
2025-09-30 04:00:00,0.000610
2025-09-30 05:00:00,0.000610
2025-09-30 06:00:00,0.043274
2025-09-30 07:00:00,0.052429
2025-09-30 08:00:00,0.061493
2025-09-30 09:00:00,0.058167
2025-09-30 10:00:00,0.054443
2025-09-30 11:00:00,0.083313
2025-09-30 12:00:00,0.045166
2025-09-30 13:00:00,0.011414
2025-09-30 14:00:00,0.009521
2025-09-30 15:00:00,0.008392
2025-09-30 16:00:00,0.007477
2025-09-30 17:00:00,0.005615
2025-09-30 18:00:00,0.012787
2025-09-30 19:00:00,0.011414
2025-09-30 20:00:00,0.025391
2025-09-30 21:00:00,0.031067
2025-09-30 22:00:00,0.003326
2025-09-30 23:00:00,0.003540
2025-10-01 00:00:00,0.034058
2025-10-01 01:00:00,0.024109
2025-10-01 02:00:00,0.010620
2025-10-01 03:00:00,0.065063
2025-10-01 04:00:00,0.076843
2025-10-01 05:00:00,0.104492
2025-10-01 06:00:00,0.132019
2025-10-01 07:00:00,0.108032
2025-10-01 08:00:00,0.118225
2025-10-01 09:00:00,0.119324
2025-10-01 10:00:00,0.102661
2025-10-01 11:00:00,0.079468
2025-10-01 12:00:00,0.070007
2025-10-01 13:00:00,0.053589
2025-10-01 14:00:00,0.036591
2025-10-01 15:00:00,0.035919
2025-10-01 16:00:00,0.045624
2025-10-01 17:00:00,0.061584
2025-10-01 18:00:00,0.073975
2025-10-01 19:00:00,0.085632
2025-10-01 20:00:00,0.084167
2025-10-01 21:00:00,0.083557
2025-10-01 22:00:00,0.050354
2025-10-01 23:00:00,0.075562
2025-10-02 00:00:00,0.044495
2025-10-02 01:00:00,0.027832
2025-10-02 02:00:00,0.016541
2025-10-02 03:00:00,0.009705
2025-10-02 04:00:00,0.006531
2025-10-02 05:00:00,0.086304
2025-10-02 06:00:00,0.101868
2025-10-02 07:00:00,0.111389
2025-10-02 08:00:00,0.108826
2025-10-02 09:00:00,0.108887
2025-10-02 10:00:00,0.138550
2025-10-02 11:00:00,0.084961
2025-10-02 12:00:00,0.060913
2025-10-02 13:00:00,0.052979
2025-10-02 14:00:00,0.259644
2025-10-02 15:00:00,0.095154
2025-10-02 16:00:00,0.103333
2025-10-02 17:00:00,0.206573
2025-10-02 18:00:00,0.164429
2025-10-02 19:00:00,0.047424
2025-10-02 20:00:00,0.038757
2025-10-02 21:00:00,0.024719
2025-10-02 22:00:00,0.026276
2025-10-02 23:00:00,0.025665
2025-10-03 00:00:00,0.018066
2025-10-03 01:00:00,0.013062
2025-10-03 02:00:00,0.011871
2025-10-03 03:00:00,0.024597
2025-10-03 04:00:00,0.030212
2025-10-03 05:00:00,0.040649
2025-10-03 06:00:00,0.056030
2025-10-03 07:00:00,0.104034
2025-10-03 08:00:00,0.063965
2025-10-03 09:00:00,0.036255
2025-10-03 10:00:00,0.064270
2025-10-03 11:00:00,0.160614
2025-10-03 12:00:00,0.102356
2025-10-03 13:00:00,0.068848
2025-10-03 14:00:00,0.036865
2025-10-03 15:00:00,0.015930
2025-10-03 16:00:00,0.013489
2025-10-03 17:00:00,0.008820
2025-10-03 18:00:00,0.008789
2025-10-03 19:00:00,0.009399
2025-10-03 20:00:00,0.007751
2025-10-03 21:00:00,0.006042
2025-10-03 22:00:00,0.002167
2025-10-03 23:00:00,0.001648
2025-10-04 00:00:00,0.003754
2025-10-04 01:00:00,0.015930
2025-10-04 02:00:00,0.008118
2025-10-04 03:00:00,0.001068
2025-10-04 04:00:00,0.068939
2025-10-04 05:00:00,0.051941
2025-10-04 06:00:00,0.052612
2025-10-04 07:00:00,0.059753
2025-10-04 08:00:00,0.068115
2025-10-04 09:00:00,0.054169
2025-10-04 10:00:00,0.028503
2025-10-04 11:00:00,0.011627
2025-10-04 12:00:00,0.006897
2025-10-04 13:00:00,0.005157
2025-10-04 14:00:00,0.003296
2025-10-04 15:00:00,0.002991
2025-10-04 16:00:00,0.002472
2025-10-04 17:00:00,0.001099
2025-10-04 18:00:00,0.000671
2025-10-04 19:00:00,0.000488
2025-10-04 20:00:00,0.000366
2025-10-04 21:00:00,0.000366
2025-10-04 22:00:00,0.000000
2025-10-04 23:00:00,0.000000
2025-10-05 00:00:00,0.000000
2025-10-05 01:00:00,0.000000
2025-10-05 02:00:00,0.000000
2025-10-05 03:00:00,0.000183
2025-10-05 04:00:00,0.000732
2025-10-05 05:00:00,0.018677
2025-10-05 06:00:00,0.049072
2025-10-05 07:00:00,0.061340
2025-10-05 08:00:00,0.061188
2025-10-05 09:00:00,0.063232
2025-10-05 10:00:00,0.047882
2025-10-05 11:00:00,0.039124
2025-10-05 12:00:00,0.044037
2025-10-05 13:00:00,0.041870
2025-10-05 14:00:00,0.048828
2025-10-05 15:00:00,0.053406
2025-10-05 16:00:00,0.055969
2025-10-05 17:00:00,0.058044
2025-10-05 18:00:00,0.059937
2025-10-05 19:00:00,0.069031
2025-10-05 20:00:00,0.073547
2025-10-05 21:00:00,0.082001
2025-10-05 22:00:00,0.074463
2025-10-05 23:00:00,0.079529
2025-10-06 00:00:00,0.052643
2025-10-06 01:00:00,0.043091
2025-10-06 02:00:00,0.072601
2025-10-06 03:00:00,0.049652
2025-10-06 04:00:00,0.001740
2025-10-06 05:00:00,0.006927
2025-10-06 06:00:00,0.116150
2025-10-06 07:00:00,0.250854
2025-10-06 08:00:00,0.211548
2025-10-06 09:00:00,0.307617
2025-10-06 10:00:00,0.332764
2025-10-06 11:00:00,0.135620
2025-10-06 12:00:00,0.087097
2025-10-06 13:00:00,0.083252
2025-10-06 14:00:00,0.060577
2025-10-06 15:00:00,0.025085
2025-10-06 16:00:00,0.021423
2025-10-06 17:00:00,0.040802
2025-10-06 18:00:00,0.087280
2025-10-06 19:00:00,0.061218
2025-10-06 20:00:00,0.017212
2025-10-06 21:00:00,0.019958
2025-10-06 22:00:00,0.071411
2025-10-06 23:00:00,0.069305
2025-10-07 00:00:00,0.203552
2025-10-07 01:00:00,0.227631
2025-10-07 02:00:00,0.118683
2025-10-07 03:00:00,0.062134
2025-10-07 04:00:00,0.034729
2025-10-07 05:00:00,0.024811
2025-10-07 06:00:00,0.047668
2025-10-07 07:00:00,0.081543
2025-10-07 08:00:00,0.167786
2025-10-07 09:00:00,0.124756
2025-10-07 10:00:00,0.170959
2025-10-07 11:00:00,0.194336
2025-10-07 12:00:00,0.269958
2025-10-07 13:00:00,0.182251
2025-10-07 14:00:00,0.183899
2025-10-07 15:00:00,0.168152
2025-10-07 16:00:00,0.204987
2025-10-07 17:00:00,0.217377
2025-10-07 18:00:00,0.205902
2025-10-07 19:00:00,0.181305
2025-10-07 20:00:00,0.147095
2025-10-07 21:00:00,0.114624
2025-10-07 22:00:00,0.100891
2025-10-07 23:00:00,0.086182
2025-10-08 00:00:00,0.066284
2025-10-08 01:00:00,0.066833
2025-10-08 02:00:00,0.059235
2025-10-08 03:00:00,0.043884
2025-10-08 04:00:00,0.049988
2025-10-08 05:00:00,0.069000
2025-10-08 06:00:00,0.086975
2025-10-08 07:00:00,0.115112
2025-10-08 08:00:00,0.121399
2025-10-08 09:00:00,0.112610
2025-10-08 10:00:00,0.230865
2025-10-08 11:00:00,0.157959
2025-10-08 12:00:00,0.126160
2025-10-08 13:00:00,0.101166
2025-10-08 14:00:00,0.073303
2025-10-08 15:00:00,0.049347
2025-10-08 16:00:00,0.030518
2025-10-08 17:00:00,0.016663
2025-10-08 18:00:00,0.009735
2025-10-08 19:00:00,0.006836
2025-10-08 20:00:00,0.003784
2025-10-08 21:00:00,0.002380
2025-10-08 22:00:00,0.000824
2025-10-08 23:00:00,0.000610
2025-10-09 00:00:00,0.000671
2025-10-09 01:00:00,0.000641
2025-10-09 02:00:00,0.000488
2025-10-09 03:00:00,0.000671
2025-10-09 04:00:00,0.020416
2025-10-09 05:00:00,0.048828
2025-10-09 06:00:00,0.066772
2025-10-09 07:00:00,0.058807
2025-10-09 08:00:00,0.047424
2025-10-09 09:00:00,0.035400
2025-10-09 10:00:00,0.030426
2025-10-09 11:00:00,0.020081
2025-10-09 12:00:00,0.014893
2025-10-09 13:00:00,0.010529
2025-10-09 14:00:00,0.005066
2025-10-09 15:00:00,0.000610
2025-10-09 16:00:00,0.000122
2025-10-09 17:00:00,0.000031
2025-10-09 18:00:00,0.000000
2025-10-09 19:00:00,0.000000
2025-10-09 20:00:00,0.000000
2025-10-09 21:00:00,0.000000
2025-10-09 22:00:00,0.000000
2025-10-09 23:00:00,0.000000
2025-10-10 00:00:00,0.000000
2025-10-10 01:00:00,0.000000
2025-10-10 02:00:00,0.000000
2025-10-10 03:00:00,0.000000
2025-10-10 04:00:00,0.000000
2025-10-10 05:00:00,0.000000
2025-10-10 06:00:00,0.000671
2025-10-10 07:00:00,0.002686
2025-10-10 08:00:00,0.006592
2025-10-10 09:00:00,0.006165
2025-10-10 10:00:00,0.002655
2025-10-10 11:00:00,0.002380
2025-10-10 12:00:00,0.002930
2025-10-10 13:00:00,0.003479
2025-10-10 14:00:00,0.003540
2025-10-10 15:00:00,0.003418
2025-10-10 16:00:00,0.003662
2025-10-10 17:00:00,0.003418
2025-10-10 18:00:00,0.002930
2025-10-10 19:00:00,0.002380
2025-10-10 20:00:00,0.002014
2025-10-10 21:00:00,0.001831
2025-10-10 22:00:00,0.001404
2025-10-10 23:00:00,0.001099
2025-10-11 00:00:00,0.000793
2025-10-11 01:00:00,0.000549
2025-10-11 02:00:00,0.000366
2025-10-11 03:00:00,0.000244
2025-10-11 04:00:00,0.000183
2025-10-11 05:00:00,0.065430
2025-10-11 06:00:00,0.063354
2025-10-11 07:00:00,0.051514
2025-10-11 08:00:00,0.035950
2025-10-11 09:00:00,0.016907
2025-10-11 10:00:00,0.009369
2025-10-11 11:00:00,0.005707
2025-10-11 12:00:00,0.005127
2025-10-11 13:00:00,0.005951
2025-10-11 14:00:00,0.005219
2025-10-11 15:00:00,0.004059
2025-10-11 16:00:00,0.004211
2025-10-11 17:00:00,0.004150
2025-10-11 18:00:00,0.003632
2025-10-11 19:00:00,0.002960
2025-10-11 20:00:00,0.002411
2025-10-11 21:00:00,0.002014
2025-10-11 22:00:00,0.001343
2025-10-11 23:00:00,0.001251
2025-10-12 00:00:00,0.001282
2025-10-12 01:00:00,0.001404
2025-10-12 02:00:00,0.001099
2025-10-12 03:00:00,0.000732
2025-10-12 04:00:00,0.000336
2025-10-12 05:00:00,0.000275
2025-10-12 06:00:00,0.000244
2025-10-12 07:00:00,0.000275
2025-10-12 08:00:00,0.000793
2025-10-12 09:00:00,0.001709
2025-10-12 10:00:00,0.000977
2025-10-12 11:00:00,0.001221
2025-10-12 12:00:00,0.001343
2025-10-12 13:00:00,0.001404
2025-10-12 14:00:00,0.001404
2025-10-12 15:00:00,0.001160
2025-10-12 16:00:00,0.000793
2025-10-12 17:00:00,0.000610
2025-10-12 18:00:00,0.000488
2025-10-12 19:00:00,0.000366
2025-10-12 20:00:00,0.000305
2025-10-12 21:00:00,0.000244
2025-10-12 22:00:00,0.000061
2025-10-12 23:00:00,0.000061
2025-10-13 00:00:00,0.000031
2025-10-13 01:00:00,0.000000
2025-10-13 02:00:00,0.000000
2025-10-13 03:00:00,0.000000
2025-10-13 04:00:00,0.000000
2025-10-13 05:00:00,0.000000
2025-10-13 06:00:00,0.000061
2025-10-13 07:00:00,0.001038
2025-10-13 08:00:00,0.002563
2025-10-13 09:00:00,0.003601
2025-10-13 10:00:00,0.004456
2025-10-13 11:00:00,0.004059
2025-10-13 12:00:00,0.004059
2025-10-13 13:00:00,0.004059
2025-10-13 14:00:00,0.003601
2025-10-13 15:00:00,0.002747
2025-10-13 16:00:00,0.001678
2025-10-13 17:00:00,0.001282
2025-10-13 18:00:00,0.000885
2025-10-13 19:00:00,0.000610
2025-10-13 20:00:00,0.000458
2025-10-13 21:00:00,0.000305
2025-10-13 22:00:00,0.000000
2025-10-13 23:00:00,0.000000
2025-10-14 00:00:00,0.000000
2025-10-14 01:00:00,0.000000
2025-10-14 02:00:00,0.000000
2025-10-14 03:00:00,0.000000
2025-10-14 04:00:00,0.000000
2025-10-14 05:00:00,0.000000
2025-10-14 06:00:00,0.000000
2025-10-14 07:00:00,0.000000
2025-10-14 08:00:00,0.000000
2025-10-14 09:00:00,0.000000
2025-10-14 10:00:00,0.000031
2025-10-14 11:00:00,0.000000
2025-10-14 12:00:00,0.000031
2025-10-14 13:00:00,0.000122
2025-10-14 14:00:00,0.000122
2025-10-14 15:00:00,0.000122
2025-10-14 16:00:00,0.000183
2025-10-14 17:00:00,0.000244
2025-10-14 18:00:00,0.000336
2025-10-14 19:00:00,0.000549
2025-10-14 20:00:00,0.000824
2025-10-14 21:00:00,0.001160
2025-10-14 22:00:00,0.001526
2025-10-14 23:00:00,0.001740
2025-10-15 00:00:00,0.001770
2025-10-15 01:00:00,0.002075
2025-10-15 02:00:00,0.002228
2025-10-15 03:00:00,0.001129
2025-10-15 04:00:00,0.000549
2025-10-15 05:00:00,0.000458
2025-10-15 06:00:00,0.000305
2025-10-15 07:00:00,0.010590
2025-10-15 08:00:00,0.013306
2025-10-15 09:00:00,0.006500
2025-10-15 10:00:00,0.002594
2025-10-15 11:00:00,0.002502
2025-10-15 12:00:00,0.003174
2025-10-15 13:00:00,0.003357
2025-10-15 14:00:00,0.003479
2025-10-15 15:00:00,0.002319
2025-10-15 16:00:00,0.001282
2025-10-15 17:00:00,0.000610
2025-10-15 18:00:00,0.000183
2025-10-15 19:00:00,0.000153
2025-10-15 20:00:00,0.000061
2025-10-15 21:00:00,0.000000
2025-10-15 22:00:00,0.000000
2025-10-15 23:00:00,0.000031
2025-10-16 00:00:00,0.000031
2025-10-16 01:00:00,0.000031
2025-10-16 02:00:00,0.000000
2025-10-16 03:00:00,0.000000
2025-10-16 04:00:00,0.000000
2025-10-16 05:00:00,0.000000
2025-10-16 06:00:00,0.000000
2025-10-16 07:00:00,0.000000
2025-10-16 08:00:00,0.000000
2025-10-16 09:00:00,0.000000
2025-10-16 10:00:00,0.000000
2025-10-16 11:00:00,0.000000
2025-10-16 12:00:00,0.000000
2025-10-16 13:00:00,0.000000
2025-10-16 14:00:00,0.000000
2025-10-16 15:00:00,0.000000
2025-10-16 16:00:00,0.000000
2025-10-16 17:00:00,0.000000
2025-10-16 18:00:00,0.000000
2025-10-16 19:00:00,0.000000
2025-10-16 20:00:00,0.000000
2025-10-16 21:00:00,0.000000
2025-10-16 22:00:00,0.000000
2025-10-16 23:00:00,0.000000
2025-10-17 00:00:00,0.000000
2025-10-17 01:00:00,0.000000
2025-10-17 02:00:00,0.000000
2025-10-17 03:00:00,0.000000
2025-10-17 04:00:00,0.000000
2025-10-17 05:00:00,0.000000
2025-10-17 06:00:00,0.000000
2025-10-17 07:00:00,0.000336
2025-10-17 08:00:00,0.000793
2025-10-17 09:00:00,0.000488
2025-10-17 10:00:00,0.000122
2025-10-17 11:00:00,0.000183
2025-10-17 12:00:00,0.000122
2025-10-17 13:00:00,0.000061
2025-10-17 14:00:00,0.000031
2025-10-17 15:00:00,0.000000
2025-10-17 16:00:00,0.000000
2025-10-17 17:00:00,0.000000
2025-10-17 18:00:00,0.000000
2025-10-17 19:00:00,0.000000
2025-10-17 20:00:00,0.000000
2025-10-17 21:00:00,0.000061
2025-10-17 22:00:00,0.001526
2025-10-17 23:00:00,0.001282
2025-10-18 00:00:00,0.003174
2025-10-18 01:00:00,0.004578
2025-10-18 02:00:00,0.003784
2025-10-18 03:00:00,0.004150
2025-10-18 04:00:00,0.001526
2025-10-18 05:00:00,0.018433
2025-10-18 06:00:00,0.015503
2025-10-18 07:00:00,0.061462
2025-10-18 08:00:00,0.074280
2025-10-18 09:00:00,0.065796
2025-10-18 10:00:00,0.035370
2025-10-18 11:00:00,0.026245
2025-10-18 12:00:00,0.020660
2025-10-18 13:00:00,0.019043
2025-10-18 14:00:00,0.016327
2025-10-18 15:00:00,0.013214
2025-10-18 16:00:00,0.010681
2025-10-18 17:00:00,0.008942
2025-10-18 18:00:00,0.007507
2025-10-18 19:00:00,0.006500
2025-10-18 20:00:00,0.005615
2025-10-18 21:00:00,0.004669
2025-10-18 22:00:00,0.002991
2025-10-18 23:00:00,0.002686
2025-10-19 00:00:00,0.002655
2025-10-19 01:00:00,0.002533
2025-10-19 02:00:00,0.002319
2025-10-19 03:00:00,0.002197
2025-10-19 04:00:00,0.001953
2025-10-19 05:00:00,0.025574
2025-10-19 06:00:00,0.071655
2025-10-19 07:00:00,0.070190
2025-10-19 08:00:00,0.073669
2025-10-19 09:00:00,0.077179
2025-10-19 10:00:00,0.064972
2025-10-19 11:00:00,0.034058
2025-10-19 12:00:00,0.015198
2025-10-19 13:00:00,0.010559
2025-10-19 14:00:00,0.009216
2025-10-19 15:00:00,0.009399
2025-10-19 16:00:00,0.009460
2025-10-19 17:00:00,0.009460
2025-10-19 18:00:00,0.009338
2025-10-19 19:00:00,0.008850
2025-10-19 20:00:00,0.008118
2025-10-19 21:00:00,0.007812
2025-10-19 22:00:00,0.020874
2025-10-19 23:00:00,0.049835
2025-10-20 00:00:00,0.079712
2025-10-20 01:00:00,0.087708
2025-10-20 02:00:00,0.076080
2025-10-20 03:00:00,0.054382
2025-10-20 04:00:00,0.031525
2025-10-20 05:00:00,0.013489
2025-10-20 06:00:00,0.033844
2025-10-20 07:00:00,0.032043
2025-10-20 08:00:00,0.027344
2025-10-20 09:00:00,0.041351
2025-10-20 10:00:00,0.027039
2025-10-20 11:00:00,0.039795
2025-10-20 12:00:00,0.045441
2025-10-20 13:00:00,0.043579
2025-10-20 14:00:00,0.039246
2025-10-20 15:00:00,0.034424
2025-10-20 16:00:00,0.033142
2025-10-20 17:00:00,0.033936
2025-10-20 18:00:00,0.031738
2025-10-20 19:00:00,0.028870
2025-10-20 20:00:00,0.024841
2025-10-20 21:00:00,0.019043
2025-10-20 22:00:00,0.013824
2025-10-20 23:00:00,0.053925
2025-10-21 00:00:00,0.100281
2025-10-21 01:00:00,0.121887
2025-10-21 02:00:00,0.133484
2025-10-21 03:00:00,0.111755
2025-10-21 04:00:00,0.101990
2025-10-21 05:00:00,0.107666
2025-10-21 06:00:00,0.178894
2025-10-21 07:00:00,0.151123
2025-10-21 08:00:00,0.194580
2025-10-21 09:00:00,0.207092
2025-10-21 10:00:00,0.148926
2025-10-21 11:00:00,0.155212
2025-10-21 12:00:00,0.144165
2025-10-21 13:00:00,0.117828
2025-10-21 14:00:00,0.074982
2025-10-21 15:00:00,0.043823
2025-10-21 16:00:00,0.019562
2025-10-21 17:00:00,0.009888
2025-10-21 18:00:00,0.011169
2025-10-21 19:00:00,0.008728
2025-10-21 20:00:00,0.007812
2025-10-21 21:00:00,0.007690
2025-10-21 22:00:00,0.005493
2025-10-21 23:00:00,0.005005
2025-10-22 00:00:00,0.013916
2025-10-22 01:00:00,0.032959
2025-10-22 02:00:00,0.047607
2025-10-22 03:00:00,0.032593
2025-10-22 04:00:00,0.007141
2025-10-22 05:00:00,0.004211
2025-10-22 06:00:00,0.031433
2025-10-22 07:00:00,0.083496
2025-10-22 08:00:00,0.120605
2025-10-22 09:00:00,0.087372
2025-10-22 10:00:00,0.038055
2025-10-22 11:00:00,0.010986
2025-10-22 12:00:00,0.003540
2025-10-22 13:00:00,0.003235
2025-10-22 14:00:00,0.002930
2025-10-22 15:00:00,0.002502
2025-10-22 16:00:00,0.002075
2025-10-22 17:00:00,0.001801
2025-10-22 18:00:00,0.001282
2025-10-22 19:00:00,0.000793
2025-10-22 20:00:00,0.000427
2025-10-22 21:00:00,0.000183
2025-10-22 22:00:00,0.000000
2025-10-22 23:00:00,0.000000
2025-10-23 00:00:00,0.000000
2025-10-23 01:00:00,0.000000
2025-10-23 02:00:00,0.000000
2025-10-23 03:00:00,0.000000
2025-10-23 04:00:00,0.000000
2025-10-23 05:00:00,0.000000
2025-10-23 06:00:00,0.000000
2025-10-23 07:00:00,0.000000
2025-10-23 08:00:00,0.000000
2025-10-23 09:00:00,0.000000
2025-10-23 10:00:00,0.000000
2025-10-23 11:00:00,0.000061
2025-10-23 12:00:00,0.000244
2025-10-23 13:00:00,0.000305
2025-10-23 14:00:00,0.000244
2025-10-23 15:00:00,0.000183
2025-10-23 16:00:00,0.000122
2025-10-23 17:00:00,0.000061
2025-10-23 18:00:00,0.000061
2025-10-23 19:00:00,0.000000
2025-10-23 20:00:00,0.000000
2025-10-23 21:00:00,0.000000
2025-10-23 22:00:00,0.000000
2025-10-23 23:00:00,0.000000
2025-10-24 00:00:00,0.000000
2025-10-24 01:00:00,0.000000
2025-10-24 02:00:00,0.000000
2025-10-24 03:00:00,0.000000
2025-10-24 04:00:00,0.000000
2025-10-24 05:00:00,0.000000
2025-10-24 06:00:00,0.000000
2025-10-24 07:00:00,0.003540
2025-10-24 08:00:00,0.002075
2025-10-24 09:00:00,0.000732
2025-10-24 10:00:00,0.000549
2025-10-24 11:00:00,0.000244
2025-10-24 12:00:00,0.000061
2025-10-24 13:00:00,0.000000
2025-10-24 14:00:00,0.000031
2025-10-24 15:00:00,0.000061
2025-10-24 16:00:00,0.000122
2025-10-24 17:00:00,0.000427
2025-10-24 18:00:00,0.000854
2025-10-24 19:00:00,0.002441
2025-10-24 20:00:00,0.006104
2025-10-24 21:00:00,0.019287
2025-10-24 22:00:00,0.032104
2025-10-24 23:00:00,0.038940
2025-10-25 00:00:00,0.050568
2025-10-25 01:00:00,0.035278
2025-10-25 02:00:00,0.024414
2025-10-25 03:00:00,0.009247
2025-10-25 04:00:00,0.003540
2025-10-25 05:00:00,0.003357
2025-10-25 06:00:00,0.002930
2025-10-25 07:00:00,0.011902
2025-10-25 08:00:00,0.008270
2025-10-25 09:00:00,0.001251
2025-10-25 10:00:00,0.000244
2025-10-25 11:00:00,0.000183
2025-10-25 12:00:00,0.000122
2025-10-25 13:00:00,0.000122
2025-10-25 14:00:00,0.000122
2025-10-25 15:00:00,0.000061
2025-10-25 16:00:00,0.000061
2025-10-25 17:00:00,0.000061
2025-10-25 18:00:00,0.000031
2025-10-25 19:00:00,0.000000
2025-10-25 20:00:00,0.000000
2025-10-25 21:00:00,0.000000
2025-10-25 22:00:00,0.000000
2025-10-25 23:00:00,0.000000
2025-10-26 00:00:00,0.000000
2025-10-26 01:00:00,0.000000
2025-10-26 02:00:00,0.000000
2025-10-26 03:00:00,0.000000
2025-10-26 04:00:00,0.000000
2025-10-26 05:00:00,0.000000
2025-10-26 06:00:00,0.000000
2025-10-26 07:00:00,0.000000
2025-10-26 08:00:00,0.000000
2025-10-26 09:00:00,0.000000
2025-10-26 10:00:00,0.000000
2025-10-26 11:00:00,0.000000
2025-10-26 12:00:00,0.000000
2025-10-26 13:00:00,0.000000
2025-10-26 14:00:00,0.000000
2025-10-26 15:00:00,0.000000
2025-10-26 16:00:00,0.000000
2025-10-26 17:00:00,0.000061
2025-10-26 18:00:00,0.000366
2025-10-26 19:00:00,0.000610
2025-10-26 20:00:00,0.000366
2025-10-26 21:00:00,0.000519
2025-10-26 22:00:00,0.000061
2025-10-26 23:00:00,0.000122
2025-10-27 00:00:00,0.000244
2025-10-27 01:00:00,0.000610
2025-10-27 02:00:00,0.001099
2025-10-27 03:00:00,0.001831
2025-10-27 04:00:00,0.002991
2025-10-27 05:00:00,0.004364
2025-10-27 06:00:00,0.004272
2025-10-27 07:00:00,0.024414
2025-10-27 08:00:00,0.049011
2025-10-27 09:00:00,0.060425
2025-10-27 10:00:00,0.097382
2025-10-27 11:00:00,0.092499
2025-10-27 12:00:00,0.081390
2025-10-27 13:00:00,0.120361
2025-10-27 14:00:00,0.105103
2025-10-27 15:00:00,0.105652
2025-10-27 16:00:00,0.088806
2025-10-27 17:00:00,0.082642
2025-10-27 18:00:00,0.087280
2025-10-27 19:00:00,0.132660
2025-10-27 20:00:00,0.056274
2025-10-27 21:00:00,0.032837
2025-10-27 22:00:00,0.046265
2025-10-27 23:00:00,0.028748
2025-10-28 00:00:00,0.027710
2025-10-28 01:00:00,0.015869
2025-10-28 02:00:00,0.002258
2025-10-28 03:00:00,0.010864
2025-10-28 04:00:00,0.008362
2025-10-28 05:00:00,0.016418
2025-10-28 06:00:00,0.009644
2025-10-28 07:00:00,0.005859
2025-10-28 08:00:00,0.007141
2025-10-28 09:00:00,0.003723
2025-10-28 10:00:00,0.002014
2025-10-28 11:00:00,0.004456
2025-10-28 12:00:00,0.004883
2025-10-28 13:00:00,0.002838
2025-10-28 14:00:00,0.001587
2025-10-28 15:00:00,0.001099
2025-10-28 16:00:00,0.000671
2025-10-28 17:00:00,0.000427
2025-10-28 18:00:00,0.000244
2025-10-28 19:00:00,0.000214
2025-10-28 20:00:00,0.000153
2025-10-28 21:00:00,0.000092
2025-10-28 22:00:00,0.000031
2025-10-28 23:00:00,0.000061
2025-10-29 00:00:00,0.000000
2025-10-29 01:00:00,0.000000
2025-10-29 02:00:00,0.000061
2025-10-29 03:00:00,0.000061
2025-10-29 04:00:00,0.000061
2025-10-29 05:00:00,0.000000
2025-10-29 06:00:00,0.000244
2025-10-29 07:00:00,0.001038
2025-10-29 08:00:00,0.001831
2025-10-29 09:00:00,0.001160
2025-10-29 10:00:00,0.001465
2025-10-29 11:00:00,0.001404
2025-10-29 12:00:00,0.001007
2025-10-29 13:00:00,0.000977
2025-10-29 14:00:00,0.001587
2025-10-29 15:00:00,0.002441
2025-10-29 16:00:00,0.002991
2025-10-29 17:00:00,0.015198
2025-10-29 18:00:00,0.032990
2025-10-29 19:00:00,0.111176
2025-10-29 20:00:00,0.151215
2025-10-29 21:00:00,0.242401
2025-10-29 22:00:00,0.092804
2025-10-29 23:00:00,0.042633
2025-10-30 00:00:00,0.039795
2025-10-30 01:00:00,0.057190
2025-10-30 02:00:00,0.043823
2025-10-30 03:00:00,0.056030
2025-10-30 04:00:00,0.187561
2025-10-30 05:00:00,0.175293
2025-10-30 06:00:00,0.117126
2025-10-30 07:00:00,0.075500
2025-10-30 08:00:00,0.030212
2025-10-30 09:00:00,0.015320
2025-10-30 10:00:00,0.002106
2025-10-30 11:00:00,0.001160
2025-10-30 12:00:00,0.001587
2025-10-30 13:00:00,0.001862
2025-10-30 14:00:00,0.002869
2025-10-30 15:00:00,0.002472
2025-10-30 16:00:00,0.005402
2025-10-30 17:00:00,0.001221
2025-10-30 18:00:00,0.002777
2025-10-30 19:00:00,0.003418
2025-10-30 20:00:00,0.003052
2025-10-30 21:00:00,0.005157
2025-10-30 22:00:00,0.046692
2025-10-30 23:00:00,0.047516
2025-10-31 00:00:00,0.077393
2025-10-31 01:00:00,0.080261
2025-10-31 02:00:00,0.019714
2025-10-31 03:00:00,0.003662
2025-10-31 04:00:00,0.001465
2025-10-31 05:00:00,0.020081
2025-10-31 06:00:00,0.068237
2025-10-31 07:00:00,0.108521
2025-10-31 08:00:00,0.129944
2025-10-31 09:00:00,0.141113
2025-10-31 10:00:00,0.039978
2025-10-31 11:00:00,0.011871
2025-10-31 12:00:00,0.008545
2025-10-31 13:00:00,0.008606
2025-10-31 14:00:00,0.008911
2025-10-31 15:00:00,0.009766
2025-10-31 16:00:00,0.008911
2025-10-31 17:00:00,0.005981
2025-10-31 18:00:00,0.003357
2025-10-31 19:00:00,0.001770
2025-10-31 20:00:00,0.000854
2025-10-31 21:00:00,0.000427
2025-10-31 22:00:00,0.000000
2025-10-31 23:00:00,0.000153
2025-11-01 00:00:00,0.000488
2025-11-01 01:00:00,0.000854
2025-11-01 02:00:00,0.001343
2025-11-01 03:00:00,0.001831
2025-11-01 04:00:00,0.002869
2025-11-01 05:00:00,0.005615
2025-11-01 06:00:00,0.052979
2025-11-01 07:00:00,0.042419
2025-11-01 08:00:00,0.030457
2025-11-01 09:00:00,0.019836
2025-11-01 10:00:00,0.013733
2025-11-01 11:00:00,0.009491
2025-11-01 12:00:00,0.006287
2025-11-01 13:00:00,0.005402
2025-11-01 14:00:00,0.004700
2025-11-01 15:00:00,0.005341
2025-11-01 16:00:00,0.005951
2025-11-01 17:00:00,0.010498
2025-11-01 18:00:00,0.016144
2025-11-01 19:00:00,0.026215
2025-11-01 20:00:00,0.023621
2025-11-01 21:00:00,0.017365
2025-11-01 22:00:00,0.010010
2025-11-01 23:00:00,0.002380
2025-11-02 00:00:00,0.001068
2025-11-02 01:00:00,0.000366
2025-11-02 02:00:00,0.000122
2025-11-02 03:00:00,0.000061
2025-11-02 04:00:00,0.000000
2025-11-02 05:00:00,0.000000
2025-11-02 06:00:00,0.000000
2025-11-02 07:00:00,0.000000
2025-11-02 08:00:00,0.000000
2025-11-02 09:00:00,0.000000
2025-11-02 10:00:00,0.000000
2025-11-02 11:00:00,0.000000
2025-11-02 12:00:00,0.000000
2025-11-02 13:00:00,0.000000
2025-11-02 14:00:00,0.000000
2025-11-02 15:00:00,0.000000
2025-11-02 16:00:00,0.000000
2025-11-02 17:00:00,0.000000
2025-11-02 18:00:00,0.000000
2025-11-02 19:00:00,0.000000
2025-11-02 20:00:00,0.000000
2025-11-02 21:00:00,0.000000
2025-11-02 22:00:00,0.000000
2025-11-02 23:00:00,0.000000
2025-11-03 00:00:00,0.000000
2025-11-03 01:00:00,0.000000
2025-11-03 02:00:00,0.000000
2025-11-03 03:00:00,0.000000
2025-11-03 04:00:00,0.000000
2025-11-03 05:00:00,0.000000
2025-11-03 06:00:00,0.000000
2025-11-03 07:00:00,0.000000
2025-11-03 08:00:00,0.000000
2025-11-03 09:00:00,0.000000
2025-11-03 10:00:00,0.000000
2025-11-03 11:00:00,0.000000
2025-11-03 12:00:00,0.000061
2025-11-03 13:00:00,0.001221
2025-11-03 14:00:00,0.002594
2025-11-03 15:00:00,0.003326
2025-11-03 16:00:00,0.003021
2025-11-03 17:00:00,0.002472
2025-11-03 18:00:00,0.002838
2025-11-03 19:00:00,0.009613
2025-11-03 20:00:00,0.025604
2025-11-03 21:00:00,0.047394
2025-11-03 22:00:00,0.081116
2025-11-03 23:00:00,0.173187
2025-11-04 00:00:00,0.325287
2025-11-04 01:00:00,0.267212
2025-11-04 02:00:00,0.231293
2025-11-04 03:00:00,0.261230
2025-11-04 04:00:00,0.191864
2025-11-04 05:00:00,0.162720
2025-11-04 06:00:00,0.119873
2025-11-04 07:00:00,0.084900
2025-11-04 08:00:00,0.084351
2025-11-04 09:00:00,0.097290
2025-11-04 10:00:00,0.057373
2025-11-04 11:00:00,0.038940
2025-11-04 12:00:00,0.035889
2025-11-04 13:00:00,0.054810
2025-11-04 14:00:00,0.083557
2025-11-04 15:00:00,0.075806
2025-11-04 16:00:00,0.048462
2025-11-04 17:00:00,0.039398
2025-11-04 18:00:00,0.035126
2025-11-04 19:00:00,0.031952
2025-11-04 20:00:00,0.028534
2025-11-04 21:00:00,0.023407
2025-11-04 22:00:00,0.005310
2025-11-04 23:00:00,0.001892
2025-11-05 00:00:00,0.002991
2025-11-05 01:00:00,0.003296
2025-11-05 02:00:00,0.015076
2025-11-05 03:00:00,0.009705
2025-11-05 04:00:00,0.000122
2025-11-05 05:00:00,0.000000
2025-11-05 06:00:00,0.000000
2025-11-05 07:00:00,0.000122
2025-11-05 08:00:00,0.000671
2025-11-05 09:00:00,0.020752
2025-11-05 10:00:00,0.007080
2025-11-05 11:00:00,0.005493
2025-11-05 12:00:00,0.002258
2025-11-05 13:00:00,0.000122
2025-11-05 14:00:00,0.000244
2025-11-05 15:00:00,0.001282
2025-11-05 16:00:00,0.002319
2025-11-05 17:00:00,0.001099
2025-11-05 18:00:00,0.000488
2025-11-05 19:00:00,0.000122
2025-11-05 20:00:00,0.000000
2025-11-05 21:00:00,0.000000
2025-11-05 22:00:00,0.000000
2025-11-05 23:00:00,0.000000
2025-11-06 00:00:00,0.000000
2025-11-06 01:00:00,0.000000
2025-11-06 02:00:00,0.000000
2025-11-06 03:00:00,0.000000
2025-11-06 04:00:00,0.000000
2025-11-06 05:00:00,0.000000
2025-11-06 06:00:00,0.000000
2025-11-06 07:00:00,0.000000
2025-11-06 08:00:00,0.000000
2025-11-06 09:00:00,0.000000
2025-11-06 10:00:00,0.000000
2025-11-06 11:00:00,0.000000
2025-11-06 12:00:00,0.000000
2025-11-06 13:00:00,0.000000
2025-11-06 14:00:00,0.000000
2025-11-06 15:00:00,0.000000
2025-11-06 16:00:00,0.000000
2025-11-06 17:00:00,0.000000
2025-11-06 18:00:00,0.000000
2025-11-06 19:00:00,0.000000
2025-11-06 20:00:00,0.000000
2025-11-06 21:00:00,0.000000
2025-11-06 22:00:00,0.000000
2025-11-06 23:00:00,0.000000
2025-11-07 00:00:00,0.000000
2025-11-07 01:00:00,0.000000
2025-11-07 02:00:00,0.000000
2025-11-07 03:00:00,0.000000
2025-11-07 04:00:00,0.000000
2025-11-07 05:00:00,0.000000
2025-11-07 06:00:00,0.000000
2025-11-07 07:00:00,0.000000
2025-11-07 08:00:00,0.000000
2025-11-07 09:00:00,0.000000
2025-11-07 10:00:00,0.000000
2025-11-07 11:00:00,0.000000
2025-11-07 12:00:00,0.000000
2025-11-07 13:00:00,0.000000
2025-11-07 14:00:00,0.000000
2025-11-07 15:00:00,0.000000
2025-11-07 16:00:00,0.000000
2025-11-07 17:00:00,0.000000
2025-11-07 18:00:00,0.000000
2025-11-07 19:00:00,0.000000
2025-11-07 20:00:00,0.000000
2025-11-07 21:00:00,0.000000
2025-11-07 22:00:00,0.000000
2025-11-07 23:00:00,0.000000
2025-11-08 00:00:00,0.000000
2025-11-08 01:00:00,0.000000
2025-11-08 02:00:00,0.000000
2025-11-08 03:00:00,0.000000
2025-11-08 04:00:00,0.000000
2025-11-08 05:00:00,0.000000
2025-11-08 06:00:00,0.000000
2025-11-08 07:00:00,0.000000
2025-11-08 08:00:00,0.000000
2025-11-08 09:00:00,0.000000
2025-11-08 10:00:00,0.000000
2025-11-08 11:00:00,0.000000
2025-11-08 12:00:00,0.000000
2025-11-08 13:00:00,0.000000
2025-11-08 14:00:00,0.000000
2025-11-08 15:00:00,0.000000
2025-11-08 16:00:00,0.000000
2025-11-08 17:00:00,0.000000
2025-11-08 18:00:00,0.000000
2025-11-08 19:00:00,0.000000
2025-11-08 20:00:00,0.000000
2025-11-08 21:00:00,0.000000
2025-11-08 22:00:00,0.000000
2025-11-08 23:00:00,0.000000
2025-11-09 00:00:00,0.000000
2025-11-09 01:00:00,0.000000
2025-11-09 02:00:00,0.000000
2025-11-09 03:00:00,0.000000
2025-11-09 04:00:00,0.000000
2025-11-09 05:00:00,0.000000
2025-11-09 06:00:00,0.000000
2025-11-09 07:00:00,0.000000
2025-11-09 08:00:00,0.000000
2025-11-09 09:00:00,0.000000
2025-11-09 10:00:00,0.000000
2025-11-09 11:00:00,0.000000
2025-11-09 12:00:00,0.000000
2025-11-09 13:00:00,0.000000
2025-11-09 14:00:00,0.000000
2025-11-09 15:00:00,0.000000
2025-11-09 16:00:00,0.000000
2025-11-09 17:00:00,0.000000
2025-11-09 18:00:00,0.000000
2025-11-09 19:00:00,0.000000
2025-11-09 20:00:00,0.000000
2025-11-09 21:00:00,0.000000
2025-11-09 22:00:00,0.000000
2025-11-09 23:00:00,0.000000
2025-11-10 00:00:00,0.000000
2025-11-10 01:00:00,0.000000
2025-11-10 02:00:00,0.000000
2025-11-10 03:00:00,0.000000
2025-11-10 04:00:00,0.000000
2025-11-10 05:00:00,0.000000
2025-11-10 06:00:00,0.000000
2025-11-10 07:00:00,0.000000
2025-11-10 08:00:00,0.000000
2025-11-10 09:00:00,0.000000
2025-11-10 10:00:00,0.000000
2025-11-10 11:00:00,0.000000
2025-11-10 12:00:00,0.000000
2025-11-10 13:00:00,0.000000
2025-11-10 14:00:00,0.000000
2025-11-10 15:00:00,0.000000
2025-11-10 16:00:00,0.000000
2025-11-10 17:00:00,0.000000
2025-11-10 18:00:00,0.000000
2025-11-10 19:00:00,0.000000
2025-11-10 20:00:00,0.000000
2025-11-10 21:00:00,0.000000
2025-11-10 22:00:00,0.000000
2025-11-10 23:00:00,0.000000
2025-11-11 00:00:00,0.000000
2025-11-11 01:00:00,0.000000
2025-11-11 02:00:00,0.000000
2025-11-11 03:00:00,0.000000
2025-11-11 04:00:00,0.000000
2025-11-11 05:00:00,0.000000
2025-11-11 06:00:00,0.000000
2025-11-11 07:00:00,0.000000
2025-11-11 08:00:00,0.000000
2025-11-11 09:00:00,0.000000
2025-11-11 10:00:00,0.000000
2025-11-11 11:00:00,0.000000
2025-11-11 12:00:00,0.000000
2025-11-11 13:00:00,0.000000
2025-11-11 14:00:00,0.000000
2025-11-11 15:00:00,0.000000
2025-11-11 16:00:00,0.000000
2025-11-11 17:00:00,0.000000
2025-11-11 18:00:00,0.000000
2025-11-11 19:00:00,0.000000
2025-11-11 20:00:00,0.000000
2025-11-11 21:00:00,0.000000
2025-11-11 22:00:00,0.000000
2025-11-11 23:00:00,0.000000
2025-11-12 00:00:00,0.000000
2025-11-12 01:00:00,0.000000
2025-11-12 02:00:00,0.000000
2025-11-12 03:00:00,0.000000
2025-11-12 04:00:00,0.000000
2025-11-12 05:00:00,0.000000
2025-11-12 06:00:00,0.000000
2025-11-12 07:00:00,0.000000
2025-11-12 08:00:00,0.000000
2025-11-12 09:00:00,0.000000
2025-11-12 10:00:00,0.000000
2025-11-12 11:00:00,0.000000
2025-11-12 12:00:00,0.000000
2025-11-12 13:00:00,0.000000
2025-11-12 14:00:00,0.000000
2025-11-12 15:00:00,0.000000
2025-11-12 16:00:00,0.000000
2025-11-12 17:00:00,0.000000
2025-11-12 18:00:00,0.000000
2025-11-12 19:00:00,0.000000
2025-11-12 20:00:00,0.000000
2025-11-12 21:00:00,0.000000
2025-11-12 22:00:00,0.000000
2025-11-12 23:00:00,0.000000
2025-11-13 00:00:00,0.000000
2025-11-13 01:00:00,0.000000
2025-11-13 02:00:00,0.000000
2025-11-13 03:00:00,0.000000
2025-11-13 04:00:00,0.000000
2025-11-13 05:00:00,0.000000
2025-11-13 06:00:00,0.000000
2025-11-13 07:00:00,0.000000
2025-11-13 08:00:00,0.000000
2025-11-13 09:00:00,0.000000
2025-11-13 10:00:00,0.000000
2025-11-13 11:00:00,0.000000
2025-11-13 12:00:00,0.000000
2025-11-13 13:00:00,0.000000
2025-11-13 14:00:00,0.000000
2025-11-13 15:00:00,0.000000
2025-11-13 16:00:00,0.000000
2025-11-13 17:00:00,0.000000
2025-11-13 18:00:00,0.000000
2025-11-13 19:00:00,0.000000
2025-11-13 20:00:00,0.000000
2025-11-13 21:00:00,0.000000
2025-11-13 22:00:00,0.000000
2025-11-13 23:00:00,0.000000
2025-11-14 00:00:00,0.000000
2025-11-14 01:00:00,0.000000
2025-11-14 02:00:00,0.000000
2025-11-14 03:00:00,0.000000
2025-11-14 04:00:00,0.000000
2025-11-14 05:00:00,0.000000
2025-11-14 06:00:00,0.000000
2025-11-14 07:00:00,0.000000
2025-11-14 08:00:00,0.000000
2025-11-14 09:00:00,0.000000
2025-11-14 10:00:00,0.000000
2025-11-14 11:00:00,0.000000
2025-11-14 12:00:00,0.000000
2025-11-14 13:00:00,0.000000
2025-11-14 14:00:00,0.000000
2025-11-14 15:00:00,0.000000
2025-11-14 16:00:00,0.000000
2025-11-14 17:00:00,0.000000
2025-11-14 18:00:00,0.000000
2025-11-14 19:00:00,0.000000
2025-11-14 20:00:00,0.000000
2025-11-14 21:00:00,0.000000
2025-11-14 22:00:00,0.000000
2025-11-14 23:00:00,0.000000
2025-11-15 00:00:00,0.000000
2025-11-15 01:00:00,0.000000
2025-11-15 02:00:00,0.000000
2025-11-15 03:00:00,0.000000
2025-11-15 04:00:00,0.000000
2025-11-15 05:00:00,0.000000
2025-11-15 06:00:00,0.000000
2025-11-15 07:00:00,0.000000
2025-11-15 08:00:00,0.000000
2025-11-15 09:00:00,0.000000
2025-11-15 10:00:00,0.000000
2025-11-15 11:00:00,0.000000
2025-11-15 12:00:00,0.000000
2025-11-15 13:00:00,0.000000
2025-11-15 14:00:00,0.000000
2025-11-15 15:00:00,0.000000
2025-11-15 16:00:00,0.000000
2025-11-15 17:00:00,0.000000
2025-11-15 18:00:00,0.000000
2025-11-15 19:00:00,0.000000
2025-11-15 20:00:00,0.000000
2025-11-15 21:00:00,0.000000
2025-11-15 22:00:00,0.000000
2025-11-15 23:00:00,0.000000
2025-11-16 00:00:00,0.000000
2025-11-16 01:00:00,0.000000
2025-11-16 02:00:00,0.000000
2025-11-16 03:00:00,0.000000
2025-11-16 04:00:00,0.000000
2025-11-16 05:00:00,0.000000
2025-11-16 06:00:00,0.000000
2025-11-16 07:00:00,0.000000
2025-11-16 08:00:00,0.000000
2025-11-16 09:00:00,0.000000
2025-11-16 10:00:00,0.000000
2025-11-16 11:00:00,0.000000
2025-11-16 12:00:00,0.000000
2025-11-16 13:00:00,0.000000
2025-11-16 14:00:00,0.000000
2025-11-16 15:00:00,0.000000
2025-11-16 16:00:00,0.000000
2025-11-16 17:00:00,0.000000
2025-11-16 18:00:00,0.000000
2025-11-16 19:00:00,0.000000
2025-11-16 20:00:00,0.000000
2025-11-16 21:00:00,0.000000
2025-11-16 22:00:00,0.000000
2025-11-16 23:00:00,0.000000
2025-11-17 00:00:00,0.000000
2025-11-17 01:00:00,0.000000
2025-11-17 02:00:00,0.000000
2025-11-17 03:00:00,0.000000
2025-11-17 04:00:00,0.000000
2025-11-17 05:00:00,0.000000
2025-11-17 06:00:00,0.000000
2025-11-17 07:00:00,0.000000
2025-11-17 08:00:00,0.000000
2025-11-17 09:00:00,0.000000
2025-11-17 10:00:00,0.000000
2025-11-17 11:00:00,0.000000
2025-11-17 12:00:00,0.000000
2025-11-17 13:00:00,0.000000
2025-11-17 14:00:00,0.000000
2025-11-17 15:00:00,0.000000
2025-11-17 16:00:00,0.000000
2025-11-17 17:00:00,0.000000
2025-11-17 18:00:00,0.000000
2025-11-17 19:00:00,0.000000
2025-11-17 20:00:00,0.000000
2025-11-17 21:00:00,0.000000
2025-11-17 22:00:00,0.000000
2025-11-17 23:00:00,0.000000
2025-11-18 00:00:00,0.000000
2025-11-18 01:00:00,0.000000
2025-11-18 02:00:00,0.000000
2025-11-18 03:00:00,0.000000
2025-11-18 04:00:00,0.000000
2025-11-18 05:00:00,0.000000
2025-11-18 06:00:00,0.000000
2025-11-18 07:00:00,0.000000
2025-11-18 08:00:00,0.000000
2025-11-18 09:00:00,0.000000
2025-11-18 10:00:00,0.000000
2025-11-18 11:00:00,0.000000
2025-11-18 12:00:00,0.000000
2025-11-18 13:00:00,0.000000
2025-11-18 14:00:00,0.000000
2025-11-18 15:00:00,0.000000
2025-11-18 16:00:00,0.000000
2025-11-18 17:00:00,0.000000
2025-11-18 18:00:00,0.000000
2025-11-18 19:00:00,0.000000
2025-11-18 20:00:00,0.000000
2025-11-18 21:00:00,0.000000
2025-11-18 22:00:00,0.000000
2025-11-18 23:00:00,0.000000
2025-11-19 00:00:00,0.000000
2025-11-19 01:00:00,0.000000
2025-11-19 02:00:00,0.000000
2025-11-19 03:00:00,0.000000
2025-11-19 04:00:00,0.000000
2025-11-19 05:00:00,0.000000
2025-11-19 06:00:00,0.000000
2025-11-19 07:00:00,0.000000
2025-11-19 08:00:00,0.000000
2025-11-19 09:00:00,0.000000
2025-11-19 10:00:00,0.000000
2025-11-19 11:00:00,0.000000
2025-11-19 12:00:00,0.000000
2025-11-19 13:00:00,0.000000
2025-11-19 14:00:00,0.000000
2025-11-19 15:00:00,0.000000
2025-11-19 16:00:00,0.000000
2025-11-19 17:00:00,0.000000
2025-11-19 18:00:00,0.000000
2025-11-19 19:00:00,0.000000
2025-11-19 20:00:00,0.000000
2025-11-19 21:00:00,0.000000
2025-11-19 22:00:00,0.000000
2025-11-19 23:00:00,0.000000
2025-11-20 00:00:00,0.000000
2025-11-20 01:00:00,0.000000
2025-11-20 02:00:00,0.000000
2025-11-20 03:00:00,0.000000
2025-11-20 04:00:00,0.000000
2025-11-20 05:00:00,0.000000
2025-11-20 06:00:00,0.000000
2025-11-20 07:00:00,0.000000
2025-11-20 08:00:00,0.000031
2025-11-20 09:00:00,0.000000
2025-11-20 10:00:00,0.000000
2025-11-20 11:00:00,0.000000
2025-11-20 12:00:00,0.000000
2025-11-20 13:00:00,0.000000
2025-11-20 14:00:00,0.000000
2025-11-20 15:00:00,0.000000
2025-11-20 16:00:00,0.000000
2025-11-20 17:00:00,0.000000
2025-11-20 18:00:00,0.000000
2025-11-20 19:00:00,0.000000
2025-11-20 20:00:00,0.000000
2025-11-20 21:00:00,0.000000
2025-11-20 22:00:00,0.000000
2025-11-20 23:00:00,0.000000
2025-11-21 00:00:00,0.000000
2025-11-21 01:00:00,0.000000
2025-11-21 02:00:00,0.000000
2025-11-21 03:00:00,0.000000
2025-11-21 04:00:00,0.000000
2025-11-21 05:00:00,0.000000
2025-11-21 06:00:00,0.000000
2025-11-21 07:00:00,0.002258
2025-11-21 08:00:00,0.005127
2025-11-21 09:00:00,0.005066
2025-11-21 10:00:00,0.001617
2025-11-21 11:00:00,0.000488
2025-11-21 12:00:00,0.001038
2025-11-21 13:00:00,0.001251
2025-11-21 14:00:00,0.001404
2025-11-21 15:00:00,0.000916
2025-11-21 16:00:00,0.000610
2025-11-21 17:00:00,0.000244
2025-11-21 18:00:00,0.000244
2025-11-21 19:00:00,0.000244
2025-11-21 20:00:00,0.000305
2025-11-21 21:00:00,0.000336
2025-11-21 22:00:00,0.000031
2025-11-21 23:00:00,0.000000
2025-11-22 00:00:00,0.000000
2025-11-22 01:00:00,0.000000
2025-11-22 02:00:00,0.000000
2025-11-22 03:00:00,0.000000
2025-11-22 04:00:00,0.000000
2025-11-22 05:00:00,0.000000
2025-11-22 06:00:00,0.000061
2025-11-22 07:00:00,0.006531
2025-11-22 08:00:00,0.006104
2025-11-22 09:00:00,0.000763
2025-11-22 10:00:00,0.001740
2025-11-22 11:00:00,0.000610
2025-11-22 12:00:00,0.000122
2025-11-22 13:00:00,0.000031
2025-11-22 14:00:00,0.000000
2025-11-22 15:00:00,0.000000
2025-11-22 16:00:00,0.000000
2025-11-22 17:00:00,0.000000
2025-11-22 18:00:00,0.000000
2025-11-22 19:00:00,0.000000
2025-11-22 20:00:00,0.000000
2025-11-22 21:00:00,0.000000
2025-11-22 22:00:00,0.000000
2025-11-22 23:00:00,0.000000
2025-11-23 00:00:00,0.000000
2025-11-23 01:00:00,0.000000
2025-11-23 02:00:00,0.000000
2025-11-23 03:00:00,0.000000
2025-11-23 04:00:00,0.000000
2025-11-23 05:00:00,0.000000
2025-11-23 06:00:00,0.000000
2025-11-23 07:00:00,0.000916
2025-11-23 08:00:00,0.000977
2025-11-23 09:00:00,0.000061
2025-11-23 10:00:00,0.000000
2025-11-23 11:00:00,0.000000
2025-11-23 12:00:00,0.000000
2025-11-23 13:00:00,0.000000
2025-11-23 14:00:00,0.000000
2025-11-23 15:00:00,0.000000
2025-11-23 16:00:00,0.000000
2025-11-23 17:00:00,0.000000
2025-11-23 18:00:00,0.000000
2025-11-23 19:00:00,0.000000
2025-11-23 20:00:00,0.000000
2025-11-23 21:00:00,0.000000
2025-11-23 22:00:00,0.000000
2025-11-23 23:00:00,0.000000
2025-11-24 00:00:00,0.000000
2025-11-24 01:00:00,0.000000
2025-11-24 02:00:00,0.000000
2025-11-24 03:00:00,0.000000
2025-11-24 04:00:00,0.000000
2025-11-24 05:00:00,0.000000
2025-11-24 06:00:00,0.000000
2025-11-24 07:00:00,0.000000
2025-11-24 08:00:00,0.000000
2025-11-24 09:00:00,0.000000
2025-11-24 10:00:00,0.000000
2025-11-24 11:00:00,0.000000
2025-11-24 12:00:00,0.000000
2025-11-24 13:00:00,0.000000
2025-11-24 14:00:00,0.000000
2025-11-24 15:00:00,0.000000
2025-11-24 16:00:00,0.000000
2025-11-24 17:00:00,0.000000
2025-11-24 18:00:00,0.000000
2025-11-24 19:00:00,0.000000
2025-11-24 20:00:00,0.000000
2025-11-24 21:00:00,0.000000
2025-11-24 22:00:00,0.000000
2025-11-24 23:00:00,0.000000
2025-11-25 00:00:00,0.000000
2025-11-25 01:00:00,0.000000
2025-11-25 02:00:00,0.000000
2025-11-25 03:00:00,0.000000
2025-11-25 04:00:00,0.000000
2025-11-25 05:00:00,0.000000
2025-11-25 06:00:00,0.000000
2025-11-25 07:00:00,0.000000
2025-11-25 08:00:00,0.000000
2025-11-25 09:00:00,0.000000
2025-11-25 10:00:00,0.000000
2025-11-25 11:00:00,0.000000
2025-11-25 12:00:00,0.000000
2025-11-25 13:00:00,0.000000
2025-11-25 14:00:00,0.000000
2025-11-25 15:00:00,0.000000
2025-11-25 16:00:00,0.000000
2025-11-25 17:00:00,0.000000
2025-11-25 18:00:00,0.000000
2025-11-25 19:00:00,0.000000
2025-11-25 20:00:00,0.000000
2025-11-25 21:00:00,0.000000
2025-11-25 22:00:00,0.000000
2025-11-25 23:00:00,0.000000
2025-11-26 00:00:00,0.000000
2025-11-26 01:00:00,0.000000
2025-11-26 02:00:00,0.000000
2025-11-26 03:00:00,0.000000
2025-11-26 04:00:00,0.000000
2025-11-26 05:00:00,0.000000
2025-11-26 06:00:00,0.000000
2025-11-26 07:00:00,0.000000
2025-11-26 08:00:00,0.000000
2025-11-26 09:00:00,0.000000
2025-11-26 10:00:00,0.000000
2025-11-26 11:00:00,0.000000
2025-11-26 12:00:00,0.000000
2025-11-26 13:00:00,0.000000
2025-11-26 14:00:00,0.000000
2025-11-26 15:00:00,0.000000
2025-11-26 16:00:00,0.000000
2025-11-26 17:00:00,0.000000
2025-11-26 18:00:00,0.000000
2025-11-26 19:00:00,0.000000
2025-11-26 20:00:00,0.000000
2025-11-26 21:00:00,0.000000
2025-11-26 22:00:00,0.000000
2025-11-26 23:00:00,0.000000
2025-11-27 00:00:00,0.000000
2025-11-27 01:00:00,0.000000
2025-11-27 02:00:00,0.000000
2025-11-27 03:00:00,0.000000
2025-11-27 04:00:00,0.000000
2025-11-27 05:00:00,0.000000
2025-11-27 06:00:00,0.000000
2025-11-27 07:00:00,0.000000
2025-11-27 08:00:00,0.000000
2025-11-27 09:00:00,0.000000
2025-11-27 10:00:00,0.000000
2025-11-27 11:00:00,0.000000
2025-11-27 12:00:00,0.000000
2025-11-27 13:00:00,0.000000
2025-11-27 14:00:00,0.000061
2025-11-27 15:00:00,0.000549
2025-11-27 16:00:00,0.001404
2025-11-27 17:00:00,0.002441
2025-11-27 18:00:00,0.004089
2025-11-27 19:00:00,0.006470
2025-11-27 20:00:00,0.008789
2025-11-27 21:00:00,0.010437
2025-11-27 22:00:00,0.009399
2025-11-27 23:00:00,0.007935
2025-11-28 00:00:00,0.007111
2025-11-28 01:00:00,0.006866
2025-11-28 02:00:00,0.006409
2025-11-28 03:00:00,0.004944
2025-11-28 04:00:00,0.003235
2025-11-28 05:00:00,0.003418
2025-11-28 06:00:00,0.004883
2025-11-28 07:00:00,0.007019
2025-11-28 08:00:00,0.009949
2025-11-28 09:00:00,0.012573
2025-11-28 10:00:00,0.016846
2025-11-28 11:00:00,0.019989
2025-11-28 12:00:00,0.020325
2025-11-28 13:00:00,0.018188
2025-11-28 14:00:00,0.013947
2025-11-28 15:00:00,0.009857
2025-11-28 16:00:00,0.007080
2025-11-28 17:00:00,0.005554
2025-11-28 18:00:00,0.004059
2025-11-28 19:00:00,0.002869
2025-11-28 20:00:00,0.001862
2025-11-28 21:00:00,0.001160
2025-11-28 22:00:00,0.000671
2025-11-28 23:00:00,0.000610
2025-11-29 00:00:00,0.000854
2025-11-29 01:00:00,0.001282
2025-11-29 02:00:00,0.002014
2025-11-29 03:00:00,0.003052
2025-11-29 04:00:00,0.002197
2025-11-29 05:00:00,0.000977
2025-11-29 06:00:00,0.002197
2025-11-29 07:00:00,0.001862
2025-11-29 08:00:00,0.001221
2025-11-29 09:00:00,0.001526
2025-11-29 10:00:00,0.001617
2025-11-29 11:00:00,0.001251
2025-11-29 12:00:00,0.000519
2025-11-29 13:00:00,0.000183
2025-11-29 14:00:00,0.000000
2025-11-29 15:00:00,0.000000
2025-11-29 16:00:00,0.000000
2025-11-29 17:00:00,0.000000
2025-11-29 18:00:00,0.000000
2025-11-29 19:00:00,0.000000
2025-11-29 20:00:00,0.000000
2025-11-29 21:00:00,0.000000
2025-11-29 22:00:00,0.000000
2025-11-29 23:00:00,0.000000
2025-11-30 00:00:00,0.000000
2025-11-30 01:00:00,0.000000
2025-11-30 02:00:00,0.000000
2025-11-30 03:00:00,0.000000
2025-11-30 04:00:00,0.000000
2025-11-30 05:00:00,0.000000
2025-11-30 06:00:00,0.000000
2025-11-30 07:00:00,0.000000
2025-11-30 08:00:00,0.000000
2025-11-30 09:00:00,0.000000
2025-11-30 10:00:00,0.000000
2025-11-30 11:00:00,0.000000
2025-11-30 12:00:00,0.000000
2025-11-30 13:00:00,0.000000
2025-11-30 14:00:00,0.000000
2025-11-30 15:00:00,0.000000
2025-11-30 16:00:00,0.000000
2025-11-30 17:00:00,0.000000
2025-11-30 18:00:00,0.000000
2025-11-30 19:00:00,0.000000
2025-11-30 20:00:00,0.000000
2025-11-30 21:00:00,0.000000
2025-11-30 22:00:00,0.000000
2025-11-30 23:00:00,0.000000
2025-12-01 00:00:00,0.000000
2025-12-01 01:00:00,0.000000
2025-12-01 02:00:00,0.000000
2025-12-01 03:00:00,0.000000
2025-12-01 04:00:00,0.000000
2025-12-01 05:00:00,0.000000
2025-12-01 06:00:00,0.000000
2025-12-01 07:00:00,0.000000
2025-12-01 08:00:00,0.000000
2025-12-01 09:00:00,0.000000
2025-12-01 10:00:00,0.000000
2025-12-01 11:00:00,0.000000
2025-12-01 12:00:00,0.000000
2025-12-01 13:00:00,0.000000
2025-12-01 14:00:00,0.000000
2025-12-01 15:00:00,0.000000
2025-12-01 16:00:00,0.000000
2025-12-01 17:00:00,0.000000
2025-12-01 18:00:00,0.000000
2025-12-01 19:00:00,0.000000
2025-12-01 20:00:00,0.000000
2025-12-01 21:00:00,0.000000
2025-12-01 22:00:00,0.000244
2025-12-01 23:00:00,0.000854
2025-12-02 00:00:00,0.002594
2025-12-02 01:00:00,0.003418
2025-12-02 02:00:00,0.006714
2025-12-02 03:00:00,0.011475
2025-12-02 04:00:00,0.015320
2025-12-02 05:00:00,0.008759
2025-12-02 06:00:00,0.003235
2025-12-02 07:00:00,0.001556
2025-12-02 08:00:00,0.000519
2025-12-02 09:00:00,0.000183
2025-12-02 10:00:00,0.000000
2025-12-02 11:00:00,0.000000
2025-12-02 12:00:00,0.000000
2025-12-02 13:00:00,0.000000
2025-12-02 14:00:00,0.000000
2025-12-02 15:00:00,0.000000
2025-12-02 16:00:00,0.000031
2025-12-02 17:00:00,0.000000
2025-12-02 18:00:00,0.000000
2025-12-02 19:00:00,0.000000
2025-12-02 20:00:00,0.000000
2025-12-02 21:00:00,0.000000
2025-12-02 22:00:00,0.000000
2025-12-02 23:00:00,0.000000
2025-12-03 00:00:00,0.000000
2025-12-03 01:00:00,0.000000
2025-12-03 02:00:00,0.000000
2025-12-03 03:00:00,0.000000
2025-12-03 04:00:00,0.000000
2025-12-03 05:00:00,0.000000
2025-12-03 06:00:00,0.000000
2025-12-03 07:00:00,0.000000
2025-12-03 08:00:00,0.000000
2025-12-03 09:00:00,0.000000
2025-12-03 10:00:00,0.000000
2025-12-03 11:00:00,0.000000
2025-12-03 12:00:00,0.000000
2025-12-03 13:00:00,0.000000
2025-12-03 14:00:00,0.000000
2025-12-03 15:00:00,0.000000
2025-12-03 16:00:00,0.000000
2025-12-03 17:00:00,0.000000
2025-12-03 18:00:00,0.000000
2025-12-03 19:00:00,0.000000
2025-12-03 20:00:00,0.000000
2025-12-03 21:00:00,0.000000
2025-12-03 22:00:00,0.000000
2025-12-03 23:00:00,0.000000
2025-12-04 00:00:00,0.000000
2025-12-04 01:00:00,0.000000
2025-12-04 02:00:00,0.000000
2025-12-04 03:00:00,0.000000
2025-12-04 04:00:00,0.000000
2025-12-04 05:00:00,0.000000
2025-12-04 06:00:00,0.000061
2025-12-04 07:00:00,0.000031
2025-12-04 08:00:00,0.000000
2025-12-04 09:00:00,0.000000
2025-12-04 10:00:00,0.000000
2025-12-04 11:00:00,0.000000
2025-12-04 12:00:00,0.000000
2025-12-04 13:00:00,0.000000
2025-12-04 14:00:00,0.000000
2025-12-04 15:00:00,0.000000
2025-12-04 16:00:00,0.000000
2025-12-04 17:00:00,0.000000
2025-12-04 18:00:00,0.000000
2025-12-04 19:00:00,0.000000
2025-12-04 20:00:00,0.000000
2025-12-04 21:00:00,0.000000
2025-12-04 22:00:00,0.000000
2025-12-04 23:00:00,0.000000
2025-12-05 00:00:00,0.000000
2025-12-05 01:00:00,0.000000
2025-12-05 02:00:00,0.000000
2025-12-05 03:00:00,0.000000
2025-12-05 04:00:00,0.000000
2025-12-05 05:00:00,0.000000
2025-12-05 06:00:00,0.000000
2025-12-05 07:00:00,0.000000
2025-12-05 08:00:00,0.000000
2025-12-05 09:00:00,0.000000
2025-12-05 10:00:00,0.000000
2025-12-05 11:00:00,0.000000
2025-12-05 12:00:00,0.000000
2025-12-05 13:00:00,0.000000
2025-12-05 14:00:00,0.000000
2025-12-05 15:00:00,0.000000
2025-12-05 16:00:00,0.000000
2025-12-05 17:00:00,0.000000
2025-12-05 18:00:00,0.000000
2025-12-05 19:00:00,0.000000
2025-12-05 20:00:00,0.000000
2025-12-05 21:00:00,0.000000
2025-12-05 22:00:00,0.000000
2025-12-05 23:00:00,0.000000
2025-12-06 00:00:00,0.000000
2025-12-06 01:00:00,0.000000
2025-12-06 02:00:00,0.000000
2025-12-06 03:00:00,0.000000
2025-12-06 04:00:00,0.000000
2025-12-06 05:00:00,0.000000
2025-12-06 06:00:00,0.000000
2025-12-06 07:00:00,0.000000
2025-12-06 08:00:00,0.000000
2025-12-06 09:00:00,0.000000
2025-12-06 10:00:00,0.000000
2025-12-06 11:00:00,0.000000
2025-12-06 12:00:00,0.000000
2025-12-06 13:00:00,0.000000
2025-12-06 14:00:00,0.000000
2025-12-06 15:00:00,0.000000
2025-12-06 16:00:00,0.000000
2025-12-06 17:00:00,0.000000
2025-12-06 18:00:00,0.000000
2025-12-06 19:00:00,0.000000
2025-12-06 20:00:00,0.000000
2025-12-06 21:00:00,0.000000
2025-12-06 22:00:00,0.000000
2025-12-06 23:00:00,0.000000
2025-12-07 00:00:00,0.000000
2025-12-07 01:00:00,0.000000
2025-12-07 02:00:00,0.000000
2025-12-07 03:00:00,0.000000
2025-12-07 04:00:00,0.000000
2025-12-07 05:00:00,0.000000
2025-12-07 06:00:00,0.000000
2025-12-07 07:00:00,0.000000
2025-12-07 08:00:00,0.000000
2025-12-07 09:00:00,0.000000
2025-12-07 10:00:00,0.000000
2025-12-07 11:00:00,0.000000
2025-12-07 12:00:00,0.000122
2025-12-07 13:00:00,0.000000
2025-12-07 14:00:00,0.000000
2025-12-07 15:00:00,0.000000
2025-12-07 16:00:00,0.000000
2025-12-07 17:00:00,0.000000
2025-12-07 18:00:00,0.000000
2025-12-07 19:00:00,0.000000
2025-12-07 20:00:00,0.000000
2025-12-07 21:00:00,0.000000
2025-12-07 22:00:00,0.000000
2025-12-07 23:00:00,0.000000
2025-12-08 00:00:00,0.000000
2025-12-08 01:00:00,0.000000
2025-12-08 02:00:00,0.000000
2025-12-08 03:00:00,0.000000
2025-12-08 04:00:00,0.000000
2025-12-08 05:00:00,0.000000
2025-12-08 06:00:00,0.000000
2025-12-08 07:00:00,0.000000
2025-12-08 08:00:00,0.000000
2025-12-08 09:00:00,0.000000
2025-12-08 10:00:00,0.000000
2025-12-08 11:00:00,0.000000
2025-12-08 12:00:00,0.000000
2025-12-08 13:00:00,0.000000
2025-12-08 14:00:00,0.000000
2025-12-08 15:00:00,0.000000
2025-12-08 16:00:00,0.000000
2025-12-08 17:00:00,0.000000
2025-12-08 18:00:00,0.000000
2025-12-08 19:00:00,0.000000
2025-12-08 20:00:00,0.000000
2025-12-08 21:00:00,0.000000
2025-12-08 22:00:00,0.000000
2025-12-08 23:00:00,0.000000
2025-12-09 00:00:00,0.000000
2025-12-09 01:00:00,0.000000
2025-12-09 02:00:00,0.000000
2025-12-09 03:00:00,0.000000
2025-12-09 04:00:00,0.000000
2025-12-09 05:00:00,0.000000
2025-12-09 06:00:00,0.000000
2025-12-09 07:00:00,0.000000
2025-12-09 08:00:00,0.000000
2025-12-09 09:00:00,0.000000
2025-12-09 10:00:00,0.000000
2025-12-09 11:00:00,0.000000
2025-12-09 12:00:00,0.000000
2025-12-09 13:00:00,0.000000
2025-12-09 14:00:00,0.000000
2025-12-09 15:00:00,0.000000
2025-12-09 16:00:00,0.000000
2025-12-09 17:00:00,0.000000
2025-12-09 18:00:00,0.000000
2025-12-09 19:00:00,0.000000
2025-12-09 20:00:00,0.000000
2025-12-09 21:00:00,0.000000
2025-12-09 22:00:00,0.000000
2025-12-09 23:00:00,0.000000
2025-12-10 00:00:00,0.000000
2025-12-10 01:00:00,0.000000
2025-12-10 02:00:00,0.000000
2025-12-10 03:00:00,0.000000
2025-12-10 04:00:00,0.000000
2025-12-10 05:00:00,0.000000
2025-12-10 06:00:00,0.000000
2025-12-10 07:00:00,0.000000
2025-12-10 08:00:00,0.000000
2025-12-10 09:00:00,0.000000
2025-12-10 10:00:00,0.000000
2025-12-10 11:00:00,0.000000
2025-12-10 12:00:00,0.000000
2025-12-10 13:00:00,0.000000
2025-12-10 14:00:00,0.000000
2025-12-10 15:00:00,0.000000
2025-12-10 16:00:00,0.000000
2025-12-10 17:00:00,0.000000
2025-12-10 18:00:00,0.000000
2025-12-10 19:00:00,0.000000
2025-12-10 20:00:00,0.000000
2025-12-10 21:00:00,0.000000
2025-12-10 22:00:00,0.000000
2025-12-10 23:00:00,0.000000
2025-12-11 00:00:00,0.000000
2025-12-11 01:00:00,0.000000
2025-12-11 02:00:00,0.000000
2025-12-11 03:00:00,0.000000
2025-12-11 04:00:00,0.000000
2025-12-11 05:00:00,0.000000
2025-12-11 06:00:00,0.000000
2025-12-11 07:00:00,0.000000
2025-12-11 08:00:00,0.000000
2025-12-11 09:00:00,0.000000
2025-12-11 10:00:00,0.000000
2025-12-11 11:00:00,0.000000
2025-12-11 12:00:00,0.000000
2025-12-11 13:00:00,0.000000
2025-12-11 14:00:00,0.000000
2025-12-11 15:00:00,0.000000
2025-12-11 16:00:00,0.000000
2025-12-11 17:00:00,0.000000
2025-12-11 18:00:00,0.000000
2025-12-11 19:00:00,0.000000
2025-12-11 20:00:00,0.000000
2025-12-11 21:00:00,0.000000
2025-12-11 22:00:00,0.000000
2025-12-11 23:00:00,0.000000
2025-12-12 00:00:00,0.000000
2025-12-12 01:00:00,0.000000
2025-12-12 02:00:00,0.000122
2025-12-12 03:00:00,0.000092
2025-12-12 04:00:00,0.000000
2025-12-12 05:00:00,0.000000
2025-12-12 06:00:00,0.000000
2025-12-12 07:00:00,0.000000
2025-12-12 08:00:00,0.000000
2025-12-12 09:00:00,0.000000
2025-12-12 10:00:00,0.000000
2025-12-12 11:00:00,0.000000
2025-12-12 12:00:00,0.000000
2025-12-12 13:00:00,0.000000
2025-12-12 14:00:00,0.000000
2025-12-12 15:00:00,0.000000
2025-12-12 16:00:00,0.000000
2025-12-12 17:00:00,0.000000
2025-12-12 18:00:00,0.000000
2025-12-12 19:00:00,0.000000
2025-12-12 20:00:00,0.000000
2025-12-12 21:00:00,0.000000
2025-12-12 22:00:00,0.000000
2025-12-12 23:00:00,0.000000
2025-12-13 00:00:00,0.000000
2025-12-13 01:00:00,0.000000
2025-12-13 02:00:00,0.000031
2025-12-13 03:00:00,0.000427
2025-12-13 04:00:00,0.000031
2025-12-13 05:00:00,0.000000
2025-12-13 06:00:00,0.000000
2025-12-13 07:00:00,0.000000
2025-12-13 08:00:00,0.000000
2025-12-13 09:00:00,0.000000
2025-12-13 10:00:00,0.000000
2025-12-13 11:00:00,0.000000
2025-12-13 12:00:00,0.000000
2025-12-13 13:00:00,0.000000
2025-12-13 14:00:00,0.000000
2025-12-13 15:00:00,0.000000
2025-12-13 16:00:00,0.000000
2025-12-13 17:00:00,0.000000
2025-12-13 18:00:00,0.000000
2025-12-13 19:00:00,0.000000
2025-12-13 20:00:00,0.000000
2025-12-13 21:00:00,0.000000
2025-12-13 22:00:00,0.000000
2025-12-13 23:00:00,0.000000
2025-12-14 00:00:00,0.000000
2025-12-14 01:00:00,0.000061
2025-12-14 02:00:00,0.011017
2025-12-14 03:00:00,0.014587
2025-12-14 04:00:00,0.004700
2025-12-14 05:00:00,0.000061
2025-12-14 06:00:00,0.000000
2025-12-14 07:00:00,0.000000
2025-12-14 08:00:00,0.000000
2025-12-14 09:00:00,0.000000
2025-12-14 10:00:00,0.000000
2025-12-14 11:00:00,0.000000
2025-12-14 12:00:00,0.000000
2025-12-14 13:00:00,0.000000
2025-12-14 14:00:00,0.000000
2025-12-14 15:00:00,0.000000
2025-12-14 16:00:00,0.000000
2025-12-14 17:00:00,0.000000
2025-12-14 18:00:00,0.000000
2025-12-14 19:00:00,0.000000
2025-12-14 20:00:00,0.000000
2025-12-14 21:00:00,0.000000
2025-12-14 22:00:00,0.000000
2025-12-14 23:00:00,0.000000
2025-12-15 00:00:00,0.000000
2025-12-15 01:00:00,0.000000
2025-12-15 02:00:00,0.000000
2025-12-15 03:00:00,0.000000
2025-12-15 04:00:00,0.000000
2025-12-15 05:00:00,0.000000
2025-12-15 06:00:00,0.000000
2025-12-15 07:00:00,0.000000
2025-12-15 08:00:00,0.000000
2025-12-15 09:00:00,0.000000
2025-12-15 10:00:00,0.000000
2025-12-15 11:00:00,0.000000
2025-12-15 12:00:00,0.000000
2025-12-15 13:00:00,0.000000
2025-12-15 14:00:00,0.000000
2025-12-15 15:00:00,0.000000
2025-12-15 16:00:00,0.000000
2025-12-15 17:00:00,0.000000
2025-12-15 18:00:00,0.000000
2025-12-15 19:00:00,0.000000
2025-12-15 20:00:00,0.000000
2025-12-15 21:00:00,0.000000
2025-12-15 22:00:00,0.000000
2025-12-15 23:00:00,0.000000
2025-12-16 00:00:00,0.000000
2025-12-16 01:00:00,0.000000
2025-12-16 02:00:00,0.000000
2025-12-16 03:00:00,0.000000
2025-12-16 04:00:00,0.000000
2025-12-16 05:00:00,0.000000
2025-12-16 06:00:00,0.000000
2025-12-16 07:00:00,0.000000
2025-12-16 08:00:00,0.000000
2025-12-16 09:00:00,0.000000
2025-12-16 10:00:00,0.000000
2025-12-16 11:00:00,0.000000
2025-12-16 12:00:00,0.000000
2025-12-16 13:00:00,0.000000
2025-12-16 14:00:00,0.000000
2025-12-16 15:00:00,0.000000
2025-12-16 16:00:00,0.000000
2025-12-16 17:00:00,0.000000
2025-12-16 18:00:00,0.000000
2025-12-16 19:00:00,0.000000
2025-12-16 20:00:00,0.000000
2025-12-16 21:00:00,0.000000
2025-12-16 22:00:00,0.000000
2025-12-16 23:00:00,0.000000
2025-12-17 00:00:00,0.000000
2025-12-17 01:00:00,0.000000
2025-12-17 02:00:00,0.000000
2025-12-17 03:00:00,0.000000
2025-12-17 04:00:00,0.000000
2025-12-17 05:00:00,0.000000
2025-12-17 06:00:00,0.000000
2025-12-17 07:00:00,0.000000
2025-12-17 08:00:00,0.000031
2025-12-17 09:00:00,0.000031
2025-12-17 10:00:00,0.000031
2025-12-17 11:00:00,0.000031
2025-12-17 12:00:00,0.000031
2025-12-17 13:00:00,0.000000
2025-12-17 14:00:00,0.000000
2025-12-17 15:00:00,0.000000
2025-12-17 16:00:00,0.000000
2025-12-17 17:00:00,0.000000
2025-12-17 18:00:00,0.000000
2025-12-17 19:00:00,0.000000
2025-12-17 20:00:00,0.000000
2025-12-17 21:00:00,0.000000
2025-12-17 22:00:00,0.000000
2025-12-17 23:00:00,0.000000
2025-12-18 00:00:00,0.000122
2025-12-18 01:00:00,0.000244
2025-12-18 02:00:00,0.001068
2025-12-18 03:00:00,0.000885
2025-12-18 04:00:00,0.000397
2025-12-18 05:00:00,0.000061
2025-12-18 06:00:00,0.000061
2025-12-18 07:00:00,0.000092
2025-12-18 08:00:00,0.000061
2025-12-18 09:00:00,0.000000
2025-12-18 10:00:00,0.000000
2025-12-18 11:00:00,0.000000
2025-12-18 12:00:00,0.000000
2025-12-18 13:00:00,0.000000
2025-12-18 14:00:00,0.000000
2025-12-18 15:00:00,0.000000
2025-12-18 16:00:00,0.000000
2025-12-18 17:00:00,0.000000
2025-12-18 18:00:00,0.000000
2025-12-18 19:00:00,0.000000
2025-12-18 20:00:00,0.000000
2025-12-18 21:00:00,0.000000
2025-12-18 22:00:00,0.000000
2025-12-18 23:00:00,0.000000
2025-12-19 00:00:00,0.000000
2025-12-19 01:00:00,0.000000
2025-12-19 02:00:00,0.000000
2025-12-19 03:00:00,0.000000
2025-12-19 04:00:00,0.000000
2025-12-19 05:00:00,0.000000
2025-12-19 06:00:00,0.000000
2025-12-19 07:00:00,0.000000
2025-12-19 08:00:00,0.000061
2025-12-19 09:00:00,0.000092
2025-12-19 10:00:00,0.000061
2025-12-19 11:00:00,0.000061
2025-12-19 12:00:00,0.000031
2025-12-19 13:00:00,0.000061
2025-12-19 14:00:00,0.000000
2025-12-19 15:00:00,0.000000
2025-12-19 16:00:00,0.000000
2025-12-19 17:00:00,0.000000
2025-12-19 18:00:00,0.000000
2025-12-19 19:00:00,0.000000
2025-12-19 20:00:00,0.000000
2025-12-19 21:00:00,0.000000
2025-12-19 22:00:00,0.000031
2025-12-19 23:00:00,0.000977
2025-12-20 00:00:00,0.001648
2025-12-20 01:00:00,0.003143
2025-12-20 02:00:00,0.003326
2025-12-20 03:00:00,0.001984
2025-12-20 04:00:00,0.000610
2025-12-20 05:00:00,0.000122
2025-12-20 06:00:00,0.000000
2025-12-20 07:00:00,0.000000
2025-12-20 08:00:00,0.000000
2025-12-20 09:00:00,0.000000
2025-12-20 10:00:00,0.000000
2025-12-20 11:00:00,0.000000
2025-12-20 12:00:00,0.000000
2025-12-20 13:00:00,0.000031
2025-12-20 14:00:00,0.000061
2025-12-20 15:00:00,0.000061
2025-12-20 16:00:00,0.000031
2025-12-20 17:00:00,0.000061
2025-12-20 18:00:00,0.000122
2025-12-20 19:00:00,0.000214
2025-12-20 20:00:00,0.000305
2025-12-20 21:00:00,0.000458
2025-12-20 22:00:00,0.002808
2025-12-20 23:00:00,0.023193
2025-12-21 00:00:00,0.052063
2025-12-21 01:00:00,0.077576
2025-12-21 02:00:00,0.108826
2025-12-21 03:00:00,0.111206
2025-12-21 04:00:00,0.107727
2025-12-21 05:00:00,0.076721
2025-12-21 06:00:00,0.040405
2025-12-21 07:00:00,0.012817
2025-12-21 08:00:00,0.002075
2025-12-21 09:00:00,0.000244
2025-12-21 10:00:00,0.000122
2025-12-21 11:00:00,0.000122
2025-12-21 12:00:00,0.000122
2025-12-21 13:00:00,0.000122
2025-12-21 14:00:00,0.000153
2025-12-21 15:00:00,0.000244
2025-12-21 16:00:00,0.000183
2025-12-21 17:00:00,0.000183
2025-12-21 18:00:00,0.000122
2025-12-21 19:00:00,0.000122
2025-12-21 20:00:00,0.000000
2025-12-21 21:00:00,0.000580
2025-12-21 22:00:00,0.013123
2025-12-21 23:00:00,0.039734
2025-12-22 00:00:00,0.085693
2025-12-22 01:00:00,0.122192
2025-12-22 02:00:00,0.129425
2025-12-22 03:00:00,0.142883
2025-12-22 04:00:00,0.124817
2025-12-22 05:00:00,0.071259
2025-12-22 06:00:00,0.027649
2025-12-22 07:00:00,0.009491
2025-12-22 08:00:00,0.001221
2025-12-22 09:00:00,0.000977
2025-12-22 10:00:00,0.000519
2025-12-22 11:00:00,0.000244
2025-12-22 12:00:00,0.000122
2025-12-22 13:00:00,0.000122
2025-12-22 14:00:00,0.000092
2025-12-22 15:00:00,0.000061
2025-12-22 16:00:00,0.000061
2025-12-22 17:00:00,0.000000
2025-12-22 18:00:00,0.000000
2025-12-22 19:00:00,0.000000
2025-12-22 20:00:00,0.000000
2025-12-22 21:00:00,0.000000
2025-12-22 22:00:00,0.000000
2025-12-22 23:00:00,0.000000
2025-12-23 00:00:00,0.000000
2025-12-23 01:00:00,0.000000
2025-12-23 02:00:00,0.000000
2025-12-23 03:00:00,0.000000
2025-12-23 04:00:00,0.000000
2025-12-23 05:00:00,0.000000
2025-12-23 06:00:00,0.000000
2025-12-23 07:00:00,0.000000
2025-12-23 08:00:00,0.000000
2025-12-23 09:00:00,0.000000
2025-12-23 10:00:00,0.000000
2025-12-23 11:00:00,0.000000
2025-12-23 12:00:00,0.000000
2025-12-23 13:00:00,0.000000
2025-12-23 14:00:00,0.000000
2025-12-23 15:00:00,0.000000
2025-12-23 16:00:00,0.000000
2025-12-23 17:00:00,0.000000
2025-12-23 18:00:00,0.000000
2025-12-23 19:00:00,0.000000
2025-12-23 20:00:00,0.000000
2025-12-23 21:00:00,0.000000
2025-12-23 22:00:00,0.000000
2025-12-23 23:00:00,0.000000
2025-12-24 00:00:00,0.000000
2025-12-24 01:00:00,0.000000
2025-12-24 02:00:00,0.000000
2025-12-24 03:00:00,0.000000
2025-12-24 04:00:00,0.000000
2025-12-24 05:00:00,0.000000
2025-12-24 06:00:00,0.000000
2025-12-24 07:00:00,0.000000
2025-12-24 08:00:00,0.000000
2025-12-24 09:00:00,0.000000
2025-12-24 10:00:00,0.000000
2025-12-24 11:00:00,0.000000
2025-12-24 12:00:00,0.000000
2025-12-24 13:00:00,0.000000
2025-12-24 14:00:00,0.000000
2025-12-24 15:00:00,0.000000
2025-12-24 16:00:00,0.000000
2025-12-24 17:00:00,0.000000
2025-12-24 18:00:00,0.000000
2025-12-24 19:00:00,0.000000
2025-12-24 20:00:00,0.000000
2025-12-24 21:00:00,0.000000
2025-12-24 22:00:00,0.000000
2025-12-24 23:00:00,0.000000
2025-12-25 00:00:00,0.000000
2025-12-25 01:00:00,0.000000
2025-12-25 02:00:00,0.000000
2025-12-25 03:00:00,0.000000
2025-12-25 04:00:00,0.000000
2025-12-25 05:00:00,0.000000
2025-12-25 06:00:00,0.000000
2025-12-25 07:00:00,0.000000
2025-12-25 08:00:00,0.000000
2025-12-25 09:00:00,0.000000
2025-12-25 10:00:00,0.000000
2025-12-25 11:00:00,0.000000
2025-12-25 12:00:00,0.000000
2025-12-25 13:00:00,0.000000
2025-12-25 14:00:00,0.000000
2025-12-25 15:00:00,0.000000
2025-12-25 16:00:00,0.000000
2025-12-25 17:00:00,0.000000
2025-12-25 18:00:00,0.000000
2025-12-25 19:00:00,0.000000
2025-12-25 20:00:00,0.000000
2025-12-25 21:00:00,0.000031
2025-12-25 22:00:00,0.000000
2025-12-25 23:00:00,0.000000
2025-12-26 00:00:00,0.000488
2025-12-26 01:00:00,0.001434
2025-12-26 02:00:00,0.001984
2025-12-26 03:00:00,0.000977
2025-12-26 04:00:00,0.000000
2025-12-26 05:00:00,0.000000
2025-12-26 06:00:00,0.000000
2025-12-26 07:00:00,0.000000
2025-12-26 08:00:00,0.000000
2025-12-26 09:00:00,0.000000
2025-12-26 10:00:00,0.000000
2025-12-26 11:00:00,0.000031
2025-12-26 12:00:00,0.000031
2025-12-26 13:00:00,0.000031
2025-12-26 14:00:00,0.000000
2025-12-26 15:00:00,0.000000
2025-12-26 16:00:00,0.000000
2025-12-26 17:00:00,0.000000
2025-12-26 18:00:00,0.000000
2025-12-26 19:00:00,0.000000
2025-12-26 20:00:00,0.000000
2025-12-26 21:00:00,0.000000
2025-12-26 22:00:00,0.000000
2025-12-26 23:00:00,0.000000
2025-12-27 00:00:00,0.000000
2025-12-27 01:00:00,0.000000
2025-12-27 02:00:00,0.000000
2025-12-27 03:00:00,0.000000
2025-12-27 04:00:00,0.000000
2025-12-27 05:00:00,0.000000
2025-12-27 06:00:00,0.000000
2025-12-27 07:00:00,0.000000
2025-12-27 08:00:00,0.000000
2025-12-27 09:00:00,0.000000
2025-12-27 10:00:00,0.000000
2025-12-27 11:00:00,0.000000
2025-12-27 12:00:00,0.000000
2025-12-27 13:00:00,0.000000
2025-12-27 14:00:00,0.000000
2025-12-27 15:00:00,0.000000
2025-12-27 16:00:00,0.000000
2025-12-27 17:00:00,0.000000
2025-12-27 18:00:00,0.000000
2025-12-27 19:00:00,0.000000
2025-12-27 20:00:00,0.000000
2025-12-27 21:00:00,0.000000
2025-12-27 22:00:00,0.000000
2025-12-27 23:00:00,0.000000
2025-12-28 00:00:00,0.000122
2025-12-28 01:00:00,0.001373
2025-12-28 02:00:00,0.005920
2025-12-28 03:00:00,0.014038
2025-12-28 04:00:00,0.008270
2025-12-28 05:00:00,0.000793
2025-12-28 06:00:00,0.000000
2025-12-28 07:00:00,0.000000
2025-12-28 08:00:00,0.000000
2025-12-28 09:00:00,0.000000
2025-12-28 10:00:00,0.000000
2025-12-28 11:00:00,0.000000
2025-12-28 12:00:00,0.000000
2025-12-28 13:00:00,0.000000
2025-12-28 14:00:00,0.000000
2025-12-28 15:00:00,0.000000
2025-12-28 16:00:00,0.000000
2025-12-28 17:00:00,0.000000
2025-12-28 18:00:00,0.000000
2025-12-28 19:00:00,0.000000
2025-12-28 20:00:00,0.000000
2025-12-28 21:00:00,0.000000
2025-12-28 22:00:00,0.001831
2025-12-28 23:00:00,0.013306
2025-12-29 00:00:00,0.033325
2025-12-29 01:00:00,0.060364
2025-12-29 02:00:00,0.071045
2025-12-29 03:00:00,0.068024
2025-12-29 04:00:00,0.057678
2025-12-29 05:00:00,0.017029
2025-12-29 06:00:00,0.001038
2025-12-29 07:00:00,0.000000
2025-12-29 08:00:00,0.000000
2025-12-29 09:00:00,0.000000
2025-12-29 10:00:00,0.000000
2025-12-29 11:00:00,0.000000
2025-12-29 12:00:00,0.000000
2025-12-29 13:00:00,0.000000
2025-12-29 14:00:00,0.000000
2025-12-29 15:00:00,0.000000
2025-12-29 16:00:00,0.000000
2025-12-29 17:00:00,0.000000
2025-12-29 18:00:00,0.000000
2025-12-29 19:00:00,0.000000
2025-12-29 20:00:00,0.000000
2025-12-29 21:00:00,0.000000
2025-12-29 22:00:00,0.003906
2025-12-29 23:00:00,0.016815
2025-12-30 00:00:00,0.040466
2025-12-30 01:00:00,0.055786
2025-12-30 02:00:00,0.069031
2025-12-30 03:00:00,0.068542
2025-12-30 04:00:00,0.053162
2025-12-30 05:00:00,0.019287
2025-12-30 06:00:00,0.000702
2025-12-30 07:00:00,0.000000
2025-12-30 08:00:00,0.000000
2025-12-30 09:00:00,0.000000
2025-12-30 10:00:00,0.000000
2025-12-30 11:00:00,0.000000
2025-12-30 12:00:00,0.000000
2025-12-30 13:00:00,0.000000
2025-12-30 14:00:00,0.000000
2025-12-30 15:00:00,0.000000
2025-12-30 16:00:00,0.000000
2025-12-30 17:00:00,0.000000
2025-12-30 18:00:00,0.000000
2025-12-30 19:00:00,0.000000
2025-12-30 20:00:00,0.000000
2025-12-30 21:00:00,0.000000
2025-12-30 22:00:00,0.000183
2025-12-30 23:00:00,0.001038
2025-12-31 00:00:00,0.010864
2025-12-31 01:00:00,0.030640
2025-12-31 02:00:00,0.056396
2025-12-31 03:00:00,0.069550
2025-12-31 04:00:00,0.052673
2025-12-31 05:00:00,0.017517
2025-12-31 06:00:00,0.002319
2025-12-31 07:00:00,0.000610
2025-12-31 08:00:00,0.000641
2025-12-31 09:00:00,0.000580
2025-12-31 10:00:00,0.000061
2025-12-31 11:00:00,0.000092
2025-12-31 12:00:00,0.000580
2025-12-31 13:00:00,0.002075
2025-12-31 14:00:00,0.003387
2025-12-31 15:00:00,0.001007
2025-12-31 16:00:00,0.007721
2025-12-31 17:00:00,0.003540
2025-12-31 18:00:00,0.003510
2025-12-31 19:00:00,0.003937
2025-12-31 20:00:00,0.005066
2025-12-31 21:00:00,0.012207
2025-12-31 22:00:00,0.048004
2025-12-31 23:00:00,0.104004
