time_utc,episode_id,split,regime,t2m_c,rh2m_pct,ps_kpa,ws10m_ms,precip_mmh,cloud_amt_pct,vis_km,wx_rain,wx_fog,cloud_liquid_water_kgm2,tclw_is_placeholder,cloud_filled_era5,vis_missing,hour_sin,hour_cos,doy_sin,doy_cos,rain_att_db,lstm_pred_h1,lstm_pred_h2,lstm_pred_h3,lstm_pred_h4,lstm_pred_h5,lstm_pred_h6,scint_att_db
2026-01-10 00:00:00,0,eval2026,clear,5.2000,67.7900,99.4500,2.8600,0.0000,6.0700,0.9978,0.0000,1.0000,0.0016,1,0.0000,0.0000,0.0000,1.0000,0.1712,0.9852,0.0000,-0.0114,-0.0162,-0.0211,-0.0277,-0.0281,-0.0318,0.0000
2026-01-10 01:00:00,0,eval2026,clear,4.8300,69.6000,99.5000,2.8100,0.0000,8.8300,0.4023,0.0000,1.0000,0.0018,1,0.0000,0.0000,0.2588,0.9659,0.1712,0.9852,0.0000,-0.0090,-0.0153,-0.0220,-0.0282,-0.0283,-0.0323,0.0000
2026-01-10 02:00:00,0,eval2026,clear,6.9800,60.6400,99.5700,3.2300,0.0000,7.6600,0.0966,0.0000,1.0000,0.0020,1,0.0000,0.0000,0.5000,0.8660,0.1712,0.9852,0.0000,-0.0060,-0.0138,-0.0219,-0.0287,-0.0290,-0.0330,0.0000
2026-01-10 03:00:00,0,eval2026,clear,9.5600,51.1900,99.6300,2.9800,0.0000,7.7300,0.0966,0.0000,1.0000,0.0017,1,0.0000,0.0000,0.7071,0.7071,0.1712,0.9852,0.0000,-0.0036,-0.0110,-0.0189,-0.0269,-0.0280,-0.0334,0.0000
2026-01-10 04:00:00,0,eval2026,clear,13.0700,42.3800,99.6800,1.8100,0.0000,17.5900,0.1448,0.0000,1.0000,0.0010,1,0.0000,0.0000,0.8660,0.5000,0.1712,0.9852,0.0000,-0.0014,-0.0073,-0.0150,-0.0246,-0.0267,-0.0337,0.0000
2026-01-10 05:00:00,0,eval2026,clear,18.4300,29.7600,99.6500,2.0000,0.0000,17.5000,0.3541,0.0000,1.0000,0.0005,1,0.0000,0.0000,0.9659,0.2588,0.1712,0.9852,0.0000,0.0008,-0.0045,-0.0129,-0.0251,-0.0280,-0.0362,0.0000
2026-01-10 06:00:00,0,eval2026,clear,20.8500,27.9700,99.5600,2.3500,0.0000,7.2200,0.8047,0.0000,1.0000,0.0003,1,0.0000,0.0000,1.0000,0.0000,0.1712,0.9852,0.0000,0.0019,-0.0027,-0.0112,-0.0254,-0.0289,-0.0386,0.0000
2026-01-10 07:00:00,0,eval2026,clear,21.7100,27.6700,99.4500,2.9200,0.0000,0.0200,1.4967,0.0000,0.0000,0.0002,1,0.0000,0.0000,0.9659,-0.2588,0.1712,0.9852,0.0000,0.0032,-0.0010,-0.0103,-0.0256,-0.0280,-0.0382,0.0000
2026-01-10 08:00:00,0,eval2026,clear,21.9700,27.5700,99.3700,3.3000,0.0000,0.5500,2.8003,0.0000,0.0000,0.0001,1,0.0000,0.0000,0.8660,-0.5000,0.1712,0.9852,0.0000,0.0083,0.0042,-0.0080,-0.0234,-0.0253,-0.0306,0.0000
2026-01-10 09:00:00,0,eval2026,clear,21.5700,28.4300,99.3200,3.4300,0.0000,0.5700,2.9934,0.0000,0.0000,0.0001,1,0.0000,0.0000,0.7071,-0.7071,0.1712,0.9852,0.0000,0.0092,0.0060,-0.0072,-0.0201,-0.0188,-0.0196,0.0000
2026-01-10 10:00:00,0,eval2026,clear,20.3900,31.9500,99.3100,2.9800,0.0000,0.5800,3.4923,0.0000,0.0000,0.0001,1,0.0000,0.0000,0.5000,-0.8660,0.1712,0.9852,0.0000,0.0066,0.0044,-0.0076,-0.0177,-0.0139,-0.0114,0.0000
2026-01-10 11:00:00,0,eval2026,clear,16.2800,48.5600,99.3300,2.3700,0.0000,0.6000,3.4923,0.0000,0.0000,0.0000,1,0.0000,0.0000,0.2588,-0.9659,0.1712,0.9852,0.0000,0.0037,0.0014,-0.0083,-0.0153,-0.0085,-0.0039,0.0000
2026-01-10 12:00:00,0,eval2026,clear,13.2800,51.9000,99.4000,3.0700,0.0000,0.6200,3.2026,0.0000,0.0000,0.0001,1,0.0000,0.0000,0.0000,-1.0000,0.1712,0.9852,0.0000,0.0050,-0.0011,-0.0084,-0.0127,-0.0023,0.0041,0.0000
2026-01-10 13:00:00,0,eval2026,clear,12.2900,52.9800,99.4900,3.4200,0.0000,0.6300,2.9934,0.0000,0.0000,0.0001,1,0.0000,0.0000,-0.2588,-0.9659,0.1712,0.9852,0.0000,0.0073,-0.0016,-0.0062,-0.0093,0.0025,0.0097,0.0000
2026-01-10 14:00:00,0,eval2026,clear,11.5800,52.8800,99.5600,3.5700,0.0000,0.6500,2.8003,0.0000,0.0000,0.0000,1,0.0000,0.0000,-0.5000,-0.8660,0.1712,0.9852,0.0000,0.0083,-0.0014,-0.0034,-0.0056,0.0065,0.0146,0.0000
2026-01-10 15:00:00,0,eval2026,clear,10.7700,53.1200,99.6200,3.6200,0.0000,0.6700,2.4945,0.0000,1.0000,0.0001,1,0.0000,0.0000,-0.7071,-0.7071,0.1712,0.9852,0.0000,0.0083,-0.0007,-0.0009,-0.0029,0.0085,0.0175,0.0000
2026-01-10 16:00:00,0,eval2026,clear,9.8800,53.9200,99.6700,3.5200,0.0000,0.6800,2.4945,0.0000,1.0000,0.0001,1,0.0000,0.0000,-0.8660,-0.5000,0.1712,0.9852,0.0000,0.0055,-0.0005,0.0031,0.0014,0.0113,0.0161,0.0000
2026-01-10 17:00:00,0,eval2026,clear,9.0200,55.0600,99.6800,3.4000,0.0000,0.7000,2.4945,0.0000,1.0000,0.0000,1,0.0000,0.0000,-0.9659,-0.2588,0.1712,0.9852,0.0000,0.0027,0.0004,0.0056,0.0005,0.0061,0.0061,0.0000
2026-01-10 18:00:00,0,eval2026,clear,8.2200,56.3600,99.6600,3.3000,0.0000,0.7100,2.4945,0.0000,1.0000,0.0000,1,0.0000,0.0000,-1.0000,-0.0000,0.1712,0.9852,0.0000,0.0001,0.0007,0.0049,-0.0050,-0.0038,-0.0070,0.0000
2026-01-10 19:00:00,0,eval2026,clear,7.5000,57.7900,99.6400,3.2300,0.0000,0.7300,2.2048,0.0000,1.0000,0.0000,1,0.0000,0.0000,-0.9659,0.2588,0.1712,0.9852,0.0000,-0.0020,0.0000,0.0015,-0.0124,-0.0145,-0.0188,0.0000
2026-01-10 20:00:00,0,eval2026,clear,6.8800,59.3200,99.6100,3.1800,0.0000,0.7500,1.9956,0.0000,1.0000,0.0000,1,0.0000,0.0000,-0.8660,0.5000,0.1712,0.9852,0.0000,-0.0045,-0.0023,-0.0036,-0.0195,-0.0237,-0.0276,0.0000
2026-01-10 21:00:00,0,eval2026,clear,6.3400,60.8900,99.5800,3.1200,0.0000,20.4200,1.5933,0.0000,1.0000,0.0000,1,0.0000,0.0000,-0.7071,0.7071,0.1712,0.9852,0.0000,-0.0066,-0.0054,-0.0092,-0.0249,-0.0297,-0.0326,0.0000
2026-01-10 22:00:00,0,eval2026,clear,5.8500,62.2900,99.5600,3.0700,0.0000,37.5500,0.4023,0.0000,1.0000,0.0000,1,0.0000,0.0000,-0.5000,0.8660,0.1712,0.9852,0.0000,-0.0087,-0.0090,-0.0141,-0.0281,-0.0328,-0.0353,0.0000
2026-01-10 23:00:00,0,eval2026,clear,5.4500,63.3400,99.5700,3.0900,0.0000,40.8700,0.1931,0.0000,1.0000,0.0000,1,0.0000,0.0000,-0.2588,0.9659,0.1712,0.9852,0.0000,-0.0109,-0.0131,-0.0179,-0.0293,-0.0345,-0.0375,0.0000
2026-01-12 00:00:00,1,eval2026,clear,3.1900,61.7700,99.5800,2.8300,0.0000,8.2700,1.2070,0.0000,1.0000,0.0000,1,0.0000,0.0000,0.0000,1.0000,0.2050,0.9788,0.0000,-0.0103,-0.0141,-0.0233,-0.0339,-0.0369,-0.0389,0.0000
2026-01-12 01:00:00,1,eval2026,clear,2.8600,62.4300,99.6600,2.7900,0.0000,16.5300,1.2070,0.0000,1.0000,0.0000,1,0.0000,0.0000,0.2588,0.9659,0.2050,0.9788,0.0000,-0.0091,-0.0151,-0.0242,-0.0330,-0.0345,-0.0371,0.0000
2026-01-12 02:00:00,1,eval2026,clear,5.5500,53.4800,99.7100,2.9100,0.0000,16.4800,0.9012,0.0000,1.0000,0.0000,1,0.0000,0.0000,0.5000,0.8660,0.2050,0.9788,0.0000,-0.0064,-0.0141,-0.0235,-0.0316,-0.0316,-0.0349,0.0000
2026-01-12 03:00:00,1,eval2026,clear,8.5100,42.9500,99.7800,3.0300,0.0000,21.5300,0.1931,0.0000,1.0000,0.0000,1,0.0000,0.0000,0.7071,0.7071,0.2050,0.9788,0.0000,-0.0037,-0.0114,-0.0202,-0.0287,-0.0289,-0.0342,0.0000
2026-01-12 04:00:00,1,eval2026,clear,12.3700,35.8900,99.8600,2.3100,0.0000,23.2800,0.1448,0.0000,1.0000,0.0000,1,0.0000,0.0000,0.8660,0.5000,0.2050,0.9788,0.0000,-0.0023,-0.0082,-0.0158,-0.0259,-0.0276,-0.0346,0.0000
2026-01-12 05:00:00,1,eval2026,clear,17.3000,27.1700,99.8600,3.3300,0.0000,24.9000,0.4989,0.0000,1.0000,0.0000,1,0.0000,0.0000,0.9659,0.2588,0.2050,0.9788,0.0000,-0.0004,-0.0048,-0.0122,-0.0242,-0.0269,-0.0351,0.0000
2026-01-12 06:00:00,1,eval2026,clear,19.2800,23.2600,99.7800,3.4400,0.0000,1.1100,0.9012,0.0000,0.0000,0.0000,1,0.0000,0.0000,1.0000,0.0000,0.2050,0.9788,0.0000,-0.0015,-0.0031,-0.0095,-0.0225,-0.0251,-0.0346,0.0000
2026-01-12 07:00:00,1,eval2026,clear,20.4400,21.1600,99.6900,3.3300,0.0000,1.6300,1.7059,0.0000,0.0000,0.0000,1,0.0000,0.0000,0.9659,-0.2588,0.2050,0.9788,0.0000,0.0061,0.0055,-0.0047,-0.0192,-0.0226,-0.0278,0.0000
2026-01-12 08:00:00,1,eval2026,clear,21.0200,19.8300,99.6400,3.1500,0.0000,1.4200,2.4945,0.0000,0.0000,0.0000,1,0.0000,0.0000,0.8660,-0.5000,0.2050,0.9788,0.0000,0.0094,0.0092,-0.0031,-0.0169,-0.0183,-0.0190,0.0000
2026-01-12 09:00:00,1,eval2026,clear,20.6100,20.0000,99.6200,2.8200,0.0000,1.2000,2.9934,0.0000,0.0000,0.0000,1,0.0000,0.0000,0.7071,-0.7071,0.2050,0.9788,0.0000,0.0085,0.0087,-0.0036,-0.0150,-0.0137,-0.0115,0.0000
2026-01-12 10:00:00,1,eval2026,clear,19.1600,27.9900,99.6000,1.8700,0.0000,0.9800,4.0073,0.0000,0.0000,0.0000,1,0.0000,0.0000,0.5000,-0.8660,0.2050,0.9788,0.0000,0.0062,0.0060,-0.0050,-0.0141,-0.0104,-0.0061,0.0000
2026-01-12 11:00:00,1,eval2026,clear,15.9300,37.8400,99.6200,1.6800,0.0000,0.7700,4.0073,0.0000,0.0000,0.0000,1,0.0000,0.0000,0.2588,-0.9659,0.2050,0.9788,0.0000,0.0048,0.0025,-0.0070,-0.0131,-0.0054,0.0002,0.0000
2026-01-12 12:00:00,1,eval2026,clear,14.0900,34.5900,99.6600,1.7800,0.0000,0.5500,4.0073,0.0000,0.0000,0.0000,1,0.0000,0.0000,0.0000,-1.0000,0.2050,0.9788,0.0000,0.0066,0.0006,-0.0074,-0.0121,-0.0018,0.0043,0.0000
2026-01-12 13:00:00,1,eval2026,clear,13.0000,36.5200,99.7100,1.9300,0.0000,1.1000,3.4923,0.0000,0.0000,0.0000,1,0.0000,0.0000,-0.2588,-0.9659,0.2050,0.9788,0.0000,0.0071,-0.0007,-0.0065,-0.0113,-0.0004,0.0050,0.0000
2026-01-12 14:00:00,1,eval2026,clear,11.8200,40.0500,99.7400,2.0700,0.0000,1.6600,3.4923,0.0000,0.0000,0.0000,1,0.0000,0.0000,-0.5000,-0.8660,0.2050,0.9788,0.0000,0.0062,-0.0015,-0.0055,-0.0113,-0.0014,0.0038,0.0000
2026-01-12 15:00:00,1,eval2026,clear,11.1900,41.6500,99.7700,2.0400,0.0000,2.2100,2.4945,0.0000,0.0000,0.0000,1,0.0000,0.0000,-0.7071,-0.7071,0.2050,0.9788,0.0000,0.0056,-0.0015,-0.0043,-0.0109,-0.0018,0.0036,0.0000
2026-01-12 16:00:00,1,eval2026,clear,10.9800,41.7500,99.7700,1.7900,0.0000,2.7600,2.0921,0.0000,0.0000,0.0000,1,0.0000,0.0000,-0.8660,-0.5000,0.2050,0.9788,0.0000,0.0033,-0.0019,-0.0036,-0.0118,-0.0050,0.0013,0.0000
2026-01-12 17:00:00,1,eval2026,clear,10.5000,42.8600,99.7800,1.6100,0.0000,3.3100,1.7059,0.0000,0.0000,0.0000,1,0.0000,0.0000,-0.9659,-0.2588,0.2050,0.9788,0.0000,0.0013,-0.0018,-0.0029,-0.0119,-0.0071,0.0001,0.0000
2026-01-12 18:00:00,1,eval2026,clear,9.7000,44.8100,99.7500,1.7500,0.0000,7.1400,1.4967,0.0000,1.0000,0.0000,1,0.0000,0.0000,-1.0000,-0.0000,0.2050,0.9788,0.0000,-0.0001,-0.0018,-0.0030,-0.0125,-0.0093,-0.0011,0.0000
2026-01-12 19:00:00,1,eval2026,clear,8.6400,47.9700,99.7300,2.0000,0.0000,19.9700,1.4967,0.0000,1.0000,0.0000,1,0.0000,0.0000,-0.9659,0.2588,0.2050,0.9788,0.0000,-0.0073,-0.0070,-0.0036,-0.0114,-0.0076,-0.0035,0.0000
2026-01-12 20:00:00,1,eval2026,clear,7.5500,51.5000,99.7000,2.2600,0.0000,15.4000,1.4967,0.0000,1.0000,0.0000,1,0.0000,0.0000,-0.8660,0.5000,0.2050,0.9788,0.0000,-0.0131,-0.0110,-0.0052,-0.0130,-0.0104,-0.0108,0.0000
2026-01-12 21:00:00,1,eval2026,clear,6.8000,54.3600,99.6700,2.3400,0.0000,39.9700,1.3036,0.0000,1.0000,0.0000,1,0.0000,0.0000,-0.7071,0.7071,0.2050,0.9788,0.0000,-0.0149,-0.0131,-0.0083,-0.0166,-0.0159,-0.0191,0.0000
2026-01-12 22:00:00,1,eval2026,clear,6.5300,55.6800,99.6200,2.1800,0.0000,43.4000,1.2070,0.0000,1.0000,0.0000,1,0.0000,0.0000,-0.5000,0.8660,0.2050,0.9788,0.0000,-0.0161,-0.0157,-0.0127,-0.0210,-0.0214,-0.0263,0.0000
2026-01-12 23:00:00,1,eval2026,clear,6.4400,56.1700,99.5900,1.9600,0.0000,40.0700,1.2070,0.0000,1.0000,0.0000,1,0.0000,0.0000,-0.2588,0.9659,0.2050,0.9788,0.0000,-0.0151,-0.0175,-0.0168,-0.0243,-0.0258,-0.0323,0.0000
2026-01-25 00:00:00,2,eval2026,clear,5.4500,54.5800,99.4200,2.7000,0.0000,76.2900,4.0073,0.0000,1.0000,0.0000,1,0.0000,0.0000,0.0000,1.0000,0.4169,0.9089,0.0000,0.0076,-0.0024,-0.0160,-0.0306,-0.0422,-0.0388,0.0000
2026-01-25 01:00:00,2,eval2026,clear,5.0200,56.2600,99.4700,2.9200,0.0000,68.1200,3.4923,0.0000,1.0000,0.0000,1,0.0000,0.0000,0.2588,0.9659,0.4169,0.9089,0.0000,0.0024,-0.0100,-0.0196,-0.0282,-0.0352,-0.0373,0.0000
2026-01-25 02:00:00,2,eval2026,clear,6.2600,51.1500,99.5200,4.0500,0.0000,56.7500,2.4945,0.0000,1.0000,0.0000,1,0.0000,0.0000,0.5000,0.8660,0.4169,0.9089,0.0000,-0.0035,-0.0155,-0.0221,-0.0279,-0.0323,-0.0391,0.0000
2026-01-25 03:00:00,2,eval2026,clear,8.6900,45.4800,99.5900,3.5300,0.0000,47.6400,2.4945,0.0000,1.0000,0.0000,1,0.0000,0.0000,0.7071,0.7071,0.4169,0.9089,0.0000,-0.0084,-0.0162,-0.0203,-0.0257,-0.0299,-0.0403,0.0000
2026-01-25 04:00:00,2,eval2026,clear,13.0600,36.0400,99.6600,3.4400,0.0000,39.0100,2.4945,0.0000,0.0000,0.0000,1,0.0000,0.0000,0.8660,0.5000,0.4169,0.9089,0.0000,-0.0096,-0.0120,-0.0148,-0.0211,-0.0240,-0.0367,0.0000
2026-01-25 05:00:00,2,eval2026,clear,16.9600,25.9700,99.6500,3.5600,0.0000,29.5100,2.9934,0.0000,0.0000,0.0000,1,0.0000,0.0000,0.9659,0.2588,0.4169,0.9089,0.0000,-0.0071,-0.0045,-0.0102,-0.0205,-0.0239,-0.0313,0.0000
2026-01-25 06:00:00,2,eval2026,clear,18.6700,21.8900,99.5500,3.2300,0.0000,19.8500,3.4923,0.0000,0.0000,0.0000,1,0.0000,0.0000,1.0000,0.0000,0.4169,0.9089,0.0000,-0.0023,0.0022,-0.0064,-0.0183,-0.0196,-0.0219,0.0000
2026-01-25 07:00:00,2,eval2026,clear,19.9000,19.0800,99.4400,2.9100,0.0000,10.2100,4.5062,0.0000,0.0000,0.0000,1,0.0000,0.0000,0.9659,-0.2588,0.4169,0.9089,0.0000,-0.0003,0.0047,-0.0052,-0.0164,-0.0142,-0.0123,0.0000
2026-01-25 08:00:00,2,eval2026,clear,20.5100,17.9700,99.3700,2.8100,0.0000,0.4500,4.5062,0.0000,0.0000,0.0000,1,0.0000,0.0000,0.8660,-0.5000,0.4169,0.9089,0.0000,-0.0010,0.0037,-0.0062,-0.0152,-0.0095,-0.0048,0.0000
2026-01-25 09:00:00,2,eval2026,clear,20.1600,18.0800,99.3200,2.6400,0.0000,0.5800,5.0051,0.0000,0.0000,0.0000,1,0.0000,0.0000,0.7071,-0.7071,0.4169,0.9089,0.0000,-0.0029,0.0007,-0.0084,-0.0160,-0.0083,-0.0021,0.0000
2026-01-25 10:00:00,2,eval2026,clear,19.0000,20.5200,99.3000,2.2900,0.0000,0.7100,5.0051,0.0000,0.0000,0.0000,1,0.0000,0.0000,0.5000,-0.8660,0.4169,0.9089,0.0000,-0.0048,-0.0025,-0.0106,-0.0168,-0.0079,-0.0008,0.0000
2026-01-25 11:00:00,2,eval2026,clear,15.3000,38.4600,99.3000,1.8400,0.0000,0.8400,5.0051,0.0000,0.0000,0.0000,1,0.0000,0.0000,0.2588,-0.9659,0.4169,0.9089,0.0000,-0.0051,-0.0049,-0.0120,-0.0176,-0.0083,-0.0011,0.0000
2026-01-25 12:00:00,2,eval2026,clear,12.3800,38.3400,99.3400,2.3100,0.0000,0.9700,4.5062,0.0000,0.0000,0.0000,1,0.0000,0.0000,0.0000,-1.0000,0.4169,0.9089,0.0000,-0.0018,-0.0063,-0.0127,-0.0176,-0.0062,0.0014,0.0000
2026-01-25 13:00:00,2,eval2026,clear,10.7600,41.1100,99.4200,2.6100,0.0000,1.1000,4.5062,0.0000,0.0000,0.0000,1,0.0000,0.0000,-0.2588,-0.9659,0.4169,0.9089,0.0000,0.0016,-0.0061,-0.0111,-0.0171,-0.0059,0.0005,0.0000
2026-01-25 14:00:00,2,eval2026,clear,9.2300,45.8500,99.4800,3.0100,0.0000,0.9400,4.0073,0.0000,0.0000,0.0000,1,0.0000,0.0000,-0.5000,-0.8660,0.4169,0.9089,0.0000,0.0038,-0.0055,-0.0095,-0.0165,-0.0054,0.0006,0.0000
2026-01-25 15:00:00,2,eval2026,clear,8.2700,47.9200,99.5200,3.2700,0.0000,0.7800,3.6049,0.0000,0.0000,0.0000,1,0.0000,0.0000,-0.7071,-0.7071,0.4169,0.9089,0.0000,0.0045,-0.0051,-0.0085,-0.0169,-0.0066,-0.0001,0.0000
2026-01-25 16:00:00,2,eval2026,clear,7.6100,49.5200,99.5400,3.2700,0.0000,0.6300,3.3957,0.0000,1.0000,0.0000,1,0.0000,0.0000,-0.8660,-0.5000,0.4169,0.9089,0.0000,0.0035,-0.0050,-0.0080,-0.0177,-0.0088,-0.0010,0.0000
2026-01-25 17:00:00,2,eval2026,clear,6.9900,51.5100,99.5300,3.2200,0.0000,0.4700,2.9934,0.0000,1.0000,0.0000,1,0.0000,0.0000,-0.9659,-0.2588,0.4169,0.9089,0.0000,0.0040,-0.0028,-0.0032,-0.0122,-0.0036,0.0006,0.0000
2026-01-25 18:00:00,2,eval2026,clear,6.4100,53.2700,99.5200,3.0900,0.0000,0.3100,2.9934,0.0000,1.0000,0.0000,1,0.0000,0.0000,-1.0000,-0.0000,0.4169,0.9089,0.0000,0.0006,-0.0023,-0.0010,-0.0125,-0.0077,-0.0077,0.0000
2026-01-25 19:00:00,2,eval2026,clear,6.0000,54.4300,99.4700,2.8100,0.0000,0.1600,2.9934,0.0000,1.0000,0.0000,1,0.0000,0.0000,-0.9659,0.2588,0.4169,0.9089,0.0000,-0.0023,-0.0023,-0.0017,-0.0160,-0.0149,-0.0179,0.0000
2026-01-25 20:00:00,2,eval2026,clear,5.8400,54.6700,99.4300,2.5200,0.0000,0.0000,2.8003,0.0000,1.0000,0.0000,1,0.0000,0.0000,-0.8660,0.5000,0.4169,0.9089,0.0000,-0.0043,-0.0034,-0.0048,-0.0206,-0.0220,-0.0263,0.0000
2026-01-25 21:00:00,2,eval2026,clear,5.6200,55.1400,99.3800,2.3400,0.0000,4.4200,2.4945,0.0000,1.0000,0.0000,1,0.0000,0.0000,-0.7071,0.7071,0.4169,0.9089,0.0000,-0.0062,-0.0057,-0.0090,-0.0244,-0.0271,-0.0317,0.0000
2026-01-25 22:00:00,2,eval2026,clear,5.3600,56.1100,99.3300,2.1500,0.0000,1.1000,2.4945,0.0000,1.0000,0.0000,1,0.0000,0.0000,-0.5000,0.8660,0.4169,0.9089,0.0000,-0.0081,-0.0088,-0.0135,-0.0267,-0.0296,-0.0342,0.0000
2026-01-25 23:00:00,2,eval2026,clear,5.0300,58.5000,99.3100,2.0100,0.0000,2.7600,2.4945,0.0000,1.0000,0.0000,1,0.0000,0.0000,-0.2588,0.9659,0.4169,0.9089,0.0000,-0.0084,-0.0113,-0.0171,-0.0272,-0.0292,-0.0337,0.0000
2026-01-26 00:00:00,3,eval2026,clear,4.7100,60.9600,99.3500,1.8400,0.0000,3.3100,2.4945,0.0000,1.0000,0.0000,1,0.0000,0.0000,0.0000,1.0000,0.4325,0.9016,0.0000,-0.0075,-0.0127,-0.0199,-0.0271,-0.0272,-0.0316,0.0000
2026-01-26 01:00:00,3,eval2026,clear,4.3700,63.6300,99.4400,1.7400,0.0000,2.8700,2.4945,0.0000,1.0000,0.0000,1,0.0000,0.0000,0.2588,0.9659,0.4325,0.9016,0.0000,-0.0055,-0.0131,-0.0216,-0.0267,-0.0247,-0.0289,0.0000
2026-01-26 02:00:00,3,eval2026,clear,6.3100,59.1700,99.5600,1.8700,0.0000,2.4300,2.2048,0.0000,1.0000,0.0000,1,0.0000,0.0000,0.5000,0.8660,0.4325,0.9016,0.0000,-0.0024,-0.0121,-0.0221,-0.0263,-0.0222,-0.0260,0.0000
2026-01-26 03:00:00,3,eval2026,clear,9.0500,48.8500,99.6700,1.8400,0.0000,1.9900,1.4967,0.0000,1.0000,0.0000,1,0.0000,0.0000,0.7071,0.7071,0.4325,0.9016,0.0000,0.0010,-0.0093,-0.0201,-0.0247,-0.0201,-0.0245,0.0000
2026-01-26 04:00:00,3,eval2026,clear,13.1700,38.5500,99.7400,0.9800,0.0000,1.5500,2.4945,0.0000,0.0000,0.0000,1,0.0000,0.0000,0.8660,0.5000,0.4325,0.9016,0.0000,0.0037,-0.0056,-0.0164,-0.0230,-0.0199,-0.0252,0.0000
2026-01-26 05:00:00,3,eval2026,clear,17.9700,23.8400,99.7300,1.7700,0.0000,1.1000,2.9934,0.0000,0.0000,0.0000,1,0.0000,0.0000,0.9659,0.2588,0.4325,0.9016,0.0000,0.0099,0.0018,-0.0134,-0.0228,-0.0204,-0.0213,0.0000
2026-01-26 06:00:00,3,eval2026,clear,19.7400,20.1400,99.6300,1.7800,0.0000,0.5500,2.9934,0.0000,0.0000,0.0000,1,0.0000,0.0000,1.0000,0.0000,0.4325,0.9016,0.0000,0.0131,0.0065,-0.0110,-0.0214,-0.0187,-0.0168,0.0000
2026-01-26 07:00:00,3,eval2026,clear,20.8800,18.3000,99.5000,1.5600,0.0000,2.5800,3.4923,0.0000,0.0000,0.0000,1,0.0000,0.0000,0.9659,-0.2588,0.4325,0.9016,0.0000,0.0112,0.0063,-0.0112,-0.0212,-0.0172,-0.0128,0.0000
2026-01-26 08:00:00,3,eval2026,clear,21.5300,17.5000,99.4100,1.5500,0.0000,1.1400,4.0073,0.0000,0.0000,0.0000,1,0.0000,0.0000,0.8660,-0.5000,0.4325,0.9016,0.0000,0.0066,0.0031,-0.0130,-0.0215,-0.0154,-0.0096,0.0000
2026-01-26 09:00:00,3,eval2026,clear,21.5700,17.5100,99.3400,1.6900,0.0000,47.4200,4.0073,0.0000,0.0000,0.0000,1,0.0000,0.0000,0.7071,-0.7071,0.4325,0.9016,0.0000,0.0026,-0.0003,-0.0145,-0.0213,-0.0135,-0.0070,0.0000
2026-01-26 10:00:00,3,eval2026,clear,20.6900,19.7800,99.3000,1.6800,0.0000,55.4700,4.0073,0.0000,0.0000,0.0057,1,0.0000,0.0000,0.5000,-0.8660,0.4325,0.9016,0.0000,-0.0076,-0.0077,-0.0183,-0.0234,-0.0149,-0.0085,0.0000
2026-01-26 11:00:00,3,eval2026,clear,17.6800,34.3000,99.2800,1.5800,0.0000,68.5100,3.4923,0.0000,0.0000,0.0030,1,0.0000,0.0000,0.2588,-0.9659,0.4325,0.9016,0.0000,-0.0119,-0.0105,-0.0178,-0.0219,-0.0138,-0.0082,0.0000
2026-01-26 12:00:00,3,eval2026,clear,15.2700,35.5100,99.2900,2.0900,0.0000,84.7700,3.4923,0.0000,0.0000,0.0013,1,0.0000,0.0000,0.0000,-1.0000,0.4325,0.9016,0.0000,-0.0124,-0.0113,-0.0155,-0.0185,-0.0103,-0.0045,0.0000
2026-01-26 13:00:00,3,eval2026,clear,13.9900,39.9800,99.3400,2.4800,0.0000,95.7300,4.0073,0.0000,0.0000,0.0074,1,0.0000,0.0000,-0.2588,-0.9659,0.4325,0.9016,0.0000,-0.0131,-0.0101,-0.0101,-0.0110,-0.0029,0.0026,0.0000
2026-01-26 14:00:00,3,eval2026,clear,13.4100,41.6500,99.4100,2.5000,0.0000,71.0500,4.0073,0.0000,0.0000,0.0034,1,0.0000,0.0000,-0.5000,-0.8660,0.4325,0.9016,0.0000,-0.0096,-0.0038,0.0001,0.0019,0.0097,0.0145,0.0000
2026-01-26 15:00:00,3,eval2026,clear,12.6300,42.3300,99.4700,2.4900,0.0000,37.4400,4.0073,0.0000,0.0000,0.0135,1,0.0000,0.0000,-0.7071,-0.7071,0.4325,0.9016,0.0000,-0.0077,0.0007,0.0062,0.0056,0.0098,0.0142,0.0000
2026-01-26 16:00:00,3,eval2026,clear,12.0800,44.6900,99.4900,2.4400,0.0000,0.5500,4.0073,0.0000,0.0000,0.0002,1,0.0000,0.0000,-0.8660,-0.5000,0.4325,0.9016,0.0000,-0.0040,0.0031,0.0062,-0.0009,-0.0008,0.0043,0.0000
2026-01-26 17:00:00,3,eval2026,clear,12.0400,47.1800,99.4900,2.3300,0.0000,0.4100,2.9934,0.0000,1.0000,0.0000,1,0.0000,0.0000,-0.9659,-0.2588,0.4325,0.9016,0.0000,-0.0028,0.0002,-0.0005,-0.0132,-0.0149,-0.0073,0.0000
2026-01-26 18:00:00,3,eval2026,clear,11.7300,49.8800,99.4600,2.2700,0.0000,0.2800,2.9934,0.0000,1.0000,0.0000,1,0.0000,0.0000,-1.0000,-0.0000,0.4325,0.9016,0.0000,-0.0022,-0.0023,-0.0023,-0.0152,-0.0160,-0.0109,0.0000
2026-01-26 19:00:00,3,eval2026,clear,11.1700,53.0600,99.4300,2.3300,0.0000,0.1400,2.9934,0.0000,1.0000,0.0000,1,0.0000,0.0000,-0.9659,0.2588,0.4325,0.9016,0.0000,-0.0028,-0.0035,-0.0026,-0.0158,-0.0170,-0.0162,0.0000
2026-01-26 20:00:00,3,eval2026,clear,10.2500,56.2700,99.3900,2.5000,0.0000,0.0000,2.9934,0.0000,1.0000,0.0001,1,0.0000,0.0000,-0.8660,0.5000,0.4325,0.9016,0.0000,-0.0035,-0.0043,-0.0042,-0.0169,-0.0188,-0.0214,0.0000
2026-01-26 21:00:00,3,eval2026,clear,9.6400,58.3200,99.3400,2.5900,0.0000,12.0900,2.9934,0.0000,1.0000,0.0010,1,0.0000,0.0000,-0.7071,0.7071,0.4325,0.9016,0.0000,-0.0038,-0.0055,-0.0076,-0.0188,-0.0209,-0.0252,0.0000
2026-01-26 22:00:00,3,eval2026,clear,9.1500,59.8500,99.3100,2.6600,0.0000,24.3100,2.9934,0.0000,1.0000,0.0006,1,0.0000,0.0000,-0.5000,0.8660,0.4325,0.9016,0.0000,-0.0038,-0.0068,-0.0115,-0.0203,-0.0222,-0.0275,0.0000
2026-01-26 23:00:00,3,eval2026,clear,8.7600,60.8800,99.3100,2.7100,0.0000,36.5500,2.9934,0.0000,1.0000,0.0021,1,0.0000,0.0000,-0.2588,0.9659,0.4325,0.9016,0.0000,-0.0036,-0.0080,-0.0151,-0.0213,-0.0229,-0.0292,0.0000
2026-01-28 00:00:00,4,eval2026,mixed,11.7700,96.3300,99.3100,3.1800,0.0100,91.6500,1.4967,0.0000,1.0000,0.6611,1,0.0000,0.0000,0.0000,1.0000,0.4633,0.8862,0.0376,0.7852,1.0714,0.9223,0.7739,0.5496,0.2823,0.0000
2026-01-28 01:00:00,4,eval2026,mixed,11.1500,96.4100,99.4000,2.5200,0.0000,98.8200,1.4967,0.0000,1.0000,0.3370,1,0.0000,0.0000,0.2588,0.9659,0.4633,0.8862,0.0000,0.7151,0.9125,0.7684,0.6597,0.5218,0.2806,0.0000
2026-01-28 02:00:00,4,eval2026,mixed,12.2900,89.7400,99.5200,2.4300,0.0000,99.8800,1.2070,0.0000,1.0000,0.0918,1,0.0000,0.0000,0.5000,0.8660,0.4633,0.8862,0.0000,0.5976,0.7469,0.6362,0.5613,0.4742,0.2628,0.0000
2026-01-28 03:00:00,4,eval2026,mixed,14.0700,79.4900,99.6300,1.6500,0.0000,99.2700,0.9012,0.0000,1.0000,0.1046,1,0.0000,0.0000,0.7071,0.7071,0.4633,0.8862,0.0000,0.4175,0.5354,0.4608,0.4016,0.3399,0.1779,0.0000
2026-01-28 04:00:00,4,eval2026,mixed,16.6300,67.6600,99.7100,1.3300,0.0000,99.9100,0.6920,0.0000,1.0000,0.1737,1,0.0000,0.0000,0.8660,0.5000,0.4633,0.8862,0.0000,0.2585,0.3415,0.2814,0.2286,0.1884,0.0739,0.0000
2026-01-28 05:00:00,4,eval2026,mixed,18.8800,56.9600,99.7000,1.7200,0.0000,100.0000,0.9978,0.0000,1.0000,0.1587,1,0.0000,0.0000,0.9659,0.2588,0.4633,0.8862,0.0000,0.1548,0.2028,0.1533,0.1181,0.1045,0.0260,0.0000
2026-01-28 06:00:00,4,eval2026,mixed,20.3400,49.7700,99.6000,1.9400,0.0000,100.0000,1.2070,0.0000,1.0000,0.1240,1,0.0000,0.0000,1.0000,0.0000,0.4633,0.8862,0.0000,0.1007,0.1235,0.0842,0.0652,0.0738,0.0207,0.0000
2026-01-28 07:00:00,4,eval2026,mixed,21.2900,44.9000,99.5000,2.3000,0.0000,98.2600,1.2070,0.0000,1.0000,0.0692,1,0.0000,0.0000,0.9659,-0.2588,0.4633,0.8862,0.0000,0.0618,0.0690,0.0370,0.0274,0.0498,0.0154,0.0000
2026-01-28 08:00:00,4,eval2026,mixed,21.7300,42.0800,99.4100,2.6800,0.0000,99.3500,1.2070,0.0000,1.0000,0.0389,1,0.0000,0.0000,0.8660,-0.5000,0.4633,0.8862,0.0000,0.0249,0.0230,-0.0043,-0.0104,0.0186,-0.0015,0.0000
2026-01-28 09:00:00,4,eval2026,mixed,21.6700,41.1800,99.3800,2.8700,0.0000,93.9000,1.3036,0.0000,1.0000,0.0179,1,0.0000,0.0000,0.7071,-0.7071,0.4633,0.8862,0.0000,-0.0053,-0.0157,-0.0435,-0.0511,-0.0232,-0.0335,0.0000
2026-01-28 10:00:00,4,eval2026,mixed,20.9100,42.2500,99.3700,2.9400,0.0000,75.4300,1.4967,0.0000,1.0000,0.0236,1,0.0000,0.0000,0.5000,-0.8660,0.4633,0.8862,0.0000,-0.0252,-0.0418,-0.0686,-0.0775,-0.0520,-0.0571,0.0000
2026-01-28 11:00:00,4,eval2026,mixed,18.2400,55.8600,99.3900,2.0600,0.0000,55.8600,1.4967,0.0000,0.0000,0.0123,1,0.0000,0.0000,0.2588,-0.9659,0.4633,0.8862,0.0000,-0.0305,-0.0539,-0.0790,-0.0882,-0.0647,-0.0654,0.0000
2026-01-28 12:00:00,4,eval2026,mixed,14.9300,62.6300,99.4400,2.6000,0.0000,35.7500,1.4967,0.0000,1.0000,0.0048,1,0.0000,0.0000,0.0000,-1.0000,0.4633,0.8862,0.0000,-0.0214,-0.0524,-0.0729,-0.0855,-0.0659,-0.0630,0.0000
2026-01-28 13:00:00,4,eval2026,mixed,13.7900,64.9700,99.5200,2.8400,0.0000,16.5800,1.4967,0.0000,1.0000,0.0024,1,0.0000,0.0000,-0.2588,-0.9659,0.4633,0.8862,0.0000,-0.0199,-0.0521,-0.0670,-0.0762,-0.0575,-0.0541,0.0000
2026-01-28 14:00:00,4,eval2026,mixed,12.8900,67.1200,99.5700,2.9400,0.0000,10.4400,1.4967,0.0000,1.0000,0.0016,1,0.0000,0.0000,-0.5000,-0.8660,0.4633,0.8862,0.0000,-0.0178,-0.0479,-0.0560,-0.0633,-0.0473,-0.0458,0.0000
2026-01-28 15:00:00,4,eval2026,mixed,12.0200,68.8200,99.6000,2.9500,0.0000,22.6500,1.4967,0.0000,1.0000,0.0023,1,0.0000,0.0000,-0.7071,-0.7071,0.4633,0.8862,0.0000,-0.0157,-0.0425,-0.0448,-0.0509,-0.0380,-0.0386,0.0000
2026-01-28 16:00:00,4,eval2026,mixed,11.1900,70.9100,99.6000,2.9400,0.0000,17.6700,1.3036,0.0000,1.0000,0.0034,1,0.0000,0.0000,-0.8660,-0.5000,0.4633,0.8862,0.0000,-0.0144,-0.0372,-0.0344,-0.0393,-0.0294,-0.0310,0.0000
2026-01-28 17:00:00,4,eval2026,mixed,10.4200,73.5000,99.5800,2.9100,0.0000,23.0900,1.2070,0.0000,1.0000,0.0038,1,0.0000,0.0000,-0.9659,-0.2588,0.4633,0.8862,0.0000,-0.0116,-0.0313,-0.0252,-0.0304,-0.0235,-0.0250,0.0000
2026-01-28 18:00:00,4,eval2026,mixed,9.7100,77.3300,99.5600,2.8800,0.0000,23.7200,0.9978,0.0000,1.0000,0.0043,1,0.0000,0.0000,-1.0000,-0.0000,0.4633,0.8862,0.0000,-0.0084,-0.0253,-0.0177,-0.0235,-0.0192,-0.0197,0.0000
2026-01-28 19:00:00,4,eval2026,mixed,9.0500,82.8900,99.5400,2.8500,0.0000,44.7300,0.9978,0.0000,1.0000,0.0044,1,0.0000,0.0000,-0.9659,0.2588,0.4633,0.8862,0.0000,-0.0040,-0.0187,-0.0111,-0.0175,-0.0153,-0.0143,0.0000
2026-01-28 20:00:00,4,eval2026,mixed,8.4600,89.6800,99.5000,2.8500,0.0000,65.7200,0.8047,0.0000,1.0000,0.0038,1,0.0000,0.0000,-0.8660,0.5000,0.4633,0.8862,0.0000,0.0033,-0.0105,-0.0035,-0.0093,-0.0079,-0.0054,0.0000
2026-01-28 21:00:00,4,eval2026,mixed,7.9900,95.6600,99.4600,2.8500,0.0000,92.5900,0.6920,0.0000,1.0000,0.0030,1,0.0000,0.0000,-0.7071,0.7071,0.4633,0.8862,0.0000,0.0158,0.0012,0.0073,0.0030,0.0035,0.0064,0.0000
2026-01-28 22:00:00,4,eval2026,mixed,7.5000,100.0000,99.4200,2.7900,0.0000,93.9100,0.1931,0.0000,1.0000,0.0012,1,0.0000,0.0000,-0.5000,0.8660,0.4633,0.8862,0.0000,0.0364,0.0183,0.0232,0.0214,0.0204,0.0212,0.0000
2026-01-28 23:00:00,4,eval2026,mixed,6.9200,100.0000,99.3900,2.7000,0.0000,99.4500,0.1931,0.0000,1.0000,0.0005,1,0.0000,0.0000,-0.2588,0.9659,0.4633,0.8862,0.0000,0.0501,0.0296,0.0342,0.0343,0.0297,0.0267,0.0000
2026-02-01 00:00:00,5,eval2026,mixed,12.0300,94.3300,99.4000,3.1300,0.4100,97.5600,0.9978,0.0000,1.0000,0.0698,1,0.0000,0.0000,0.0000,1.0000,0.5231,0.8523,0.9197,0.8660,0.5597,0.3767,0.2806,0.2426,0.2342,0.0000
2026-02-01 01:00:00,5,eval2026,mixed,12.0100,94.5500,99.4900,3.7000,0.1200,91.5000,0.8047,0.0000,1.0000,0.0522,1,0.0000,0.0000,0.2588,0.9659,0.5231,0.8523,0.3211,0.3477,0.1785,0.1581,0.1699,0.1648,0.1283,0.0000
2026-02-01 02:00:00,5,eval2026,mixed,12.2100,93.5000,99.5800,4.1900,0.0200,92.1600,0.5955,0.0000,1.0000,0.0534,1,0.0000,0.0000,0.5000,0.8660,0.5231,0.8523,0.0685,0.1710,0.1090,0.1325,0.1475,0.1332,0.0764,0.0000
2026-02-01 03:00:00,5,eval2026,mixed,13.5100,88.8800,99.6300,4.8000,0.0400,90.7800,0.8047,0.0000,1.0000,0.0675,1,0.0000,0.0000,0.7071,0.7071,0.5231,0.8523,0.1247,0.1007,0.0861,0.1111,0.1131,0.0922,0.0282,0.0000
2026-02-01 04:00:00,5,eval2026,mixed,16.0200,77.0000,99.6500,5.2400,0.0000,90.2300,1.3036,0.0000,1.0000,0.0873,1,0.0000,0.0000,0.8660,0.5000,0.5231,0.8523,0.0000,0.0825,0.0774,0.0903,0.0830,0.0646,0.0039,0.0000
2026-02-01 05:00:00,5,eval2026,mixed,18.7700,63.5300,99.6200,4.6900,0.0000,69.5000,2.0921,0.0000,0.0000,0.0979,1,0.0000,0.0000,0.9659,0.2588,0.5231,0.8523,0.0000,0.0625,0.0628,0.0696,0.0603,0.0520,0.0027,0.0000
2026-02-01 06:00:00,5,eval2026,mixed,20.5700,57.7400,99.5400,3.7600,0.0000,61.9400,2.9934,0.0000,0.0000,0.0702,1,0.0000,0.0000,1.0000,0.0000,0.5231,0.8523,0.0000,0.0489,0.0535,0.0546,0.0428,0.0432,0.0152,0.0000
2026-02-01 07:00:00,5,eval2026,mixed,21.0700,57.0800,99.4600,3.3700,0.0100,20.8200,4.0073,0.0000,0.0000,0.0520,1,0.0000,0.0000,0.9659,-0.2588,0.5231,0.8523,0.0376,0.0389,0.0434,0.0394,0.0287,0.0386,0.0303,0.0000
2026-02-01 08:00:00,5,eval2026,mixed,20.9900,58.4800,99.4000,3.4500,0.0400,30.7400,4.0073,0.0000,0.0000,0.0514,1,0.0000,0.0000,0.8660,-0.5000,0.5231,0.8523,0.1247,0.0254,0.0267,0.0200,0.0129,0.0326,0.0378,0.0000
2026-02-01 09:00:00,5,eval2026,mixed,21.0600,59.1500,99.3700,3.3200,0.0200,37.1600,5.0051,0.0000,0.0000,0.0694,1,0.0000,0.0000,0.7071,-0.7071,0.5231,0.8523,0.0685,0.0319,0.0233,0.0141,0.0111,0.0365,0.0479,0.0000
2026-02-01 10:00:00,5,eval2026,mixed,20.8800,60.3100,99.3500,2.9000,0.0000,26.6000,5.0051,0.0000,0.0000,0.0677,1,0.0000,0.0000,0.5000,-0.8660,0.5231,0.8523,0.0000,0.0323,0.0167,0.0093,0.0130,0.0437,0.0585,0.0000
2026-02-01 11:00:00,5,eval2026,mixed,19.3800,67.8600,99.3400,1.7800,0.0000,18.4200,5.0051,0.0000,0.0000,0.0592,1,0.0000,0.0000,0.2588,-0.9659,0.5231,0.8523,0.0000,0.0220,0.0038,0.0021,0.0108,0.0435,0.0589,0.0000
2026-02-01 12:00:00,5,eval2026,mixed,16.5600,78.2800,99.3600,2.0500,0.0000,10.0900,5.0051,0.0000,0.0000,0.0488,1,0.0000,0.0000,0.0000,-1.0000,0.5231,0.8523,0.0000,0.0128,-0.0079,-0.0044,0.0078,0.0411,0.0555,0.0000
2026-02-01 13:00:00,5,eval2026,mixed,15.5300,82.9400,99.4200,2.2400,0.0100,1.6600,4.5062,0.0000,0.0000,0.0378,1,0.0000,0.0000,-0.2588,-0.9659,0.5231,0.8523,0.0376,0.0150,-0.0102,-0.0039,0.0092,0.0424,0.0549,0.0000
2026-02-01 14:00:00,5,eval2026,mixed,14.8000,86.4200,99.4800,2.3900,0.0200,2.8900,4.0073,0.0000,0.0000,0.0257,1,0.0000,0.0000,-0.5000,-0.8660,0.5231,0.8523,0.0685,0.0222,-0.0055,0.0028,0.0145,0.0448,0.0549,0.0000
2026-02-01 15:00:00,5,eval2026,mixed,14.1900,89.0500,99.5200,2.4100,0.0000,4.1300,3.4923,0.0000,0.0000,0.0187,1,0.0000,0.0000,-0.7071,-0.7071,0.5231,0.8523,0.0000,0.0311,0.0036,0.0136,0.0229,0.0484,0.0563,0.0000
2026-02-01 16:00:00,5,eval2026,mixed,13.7800,90.4800,99.5500,2.2300,0.0000,5.3500,3.2026,0.0000,1.0000,0.0142,1,0.0000,0.0000,-0.8660,-0.5000,0.5231,0.8523,0.0000,0.0312,0.0091,0.0218,0.0280,0.0467,0.0530,0.0000
2026-02-01 17:00:00,5,eval2026,mixed,13.7200,89.5300,99.5600,1.9000,0.0000,6.5700,2.9934,0.0000,1.0000,0.0100,1,0.0000,0.0000,-0.9659,-0.2588,0.5231,0.8523,0.0000,0.0320,0.0171,0.0343,0.0381,0.0504,0.0491,0.0000
2026-02-01 18:00:00,5,eval2026,mixed,13.8600,87.6100,99.5500,1.4300,0.0000,12.1300,2.2048,0.0000,1.0000,0.0115,1,0.0000,0.0000,-1.0000,-0.0000,0.5231,0.8523,0.0000,0.0292,0.0227,0.0423,0.0391,0.0428,0.0325,0.0000
2026-02-01 19:00:00,5,eval2026,mixed,13.8600,86.7900,99.5300,0.8800,0.0000,26.9000,1.2070,0.0000,1.0000,0.0176,1,0.0000,0.0000,-0.9659,0.2588,0.5231,0.8523,0.0000,0.0234,0.0247,0.0447,0.0345,0.0291,0.0134,0.0000
2026-02-01 20:00:00,5,eval2026,mixed,13.9500,85.7600,99.5000,0.4900,0.0000,38.2400,0.1931,0.0000,1.0000,0.0208,1,0.0000,0.0000,-0.8660,0.5000,0.5231,0.8523,0.0000,0.0209,0.0255,0.0439,0.0304,0.0189,0.0019,0.0000
2026-02-01 21:00:00,5,eval2026,mixed,13.1200,90.5000,99.4600,0.7400,0.0000,47.7800,0.0966,0.0000,1.0000,0.0145,1,0.0000,0.0000,-0.7071,0.7071,0.5231,0.8523,0.0000,0.0224,0.0249,0.0406,0.0285,0.0141,-0.0020,0.0000
2026-02-01 22:00:00,5,eval2026,mixed,11.9900,97.6600,99.4300,1.1400,0.0000,72.9000,0.0966,0.0000,1.0000,0.0224,1,0.0000,0.0000,-0.5000,0.8660,0.5231,0.8523,0.0000,0.0264,0.0226,0.0337,0.0257,0.0122,-0.0014,0.0000
2026-02-01 23:00:00,5,eval2026,mixed,11.2400,100.0000,99.4400,1.4100,0.0000,81.8500,0.0966,0.0000,1.0000,0.0526,1,0.0000,0.0000,-0.2588,0.9659,0.5231,0.8523,0.0000,0.0392,0.0251,0.0297,0.0259,0.0149,0.0037,0.0000
2026-02-04 00:00:00,6,eval2026,clear,10.1800,74.2400,99.6600,2.2400,0.0000,66.0600,0.9978,0.0000,1.0000,0.0000,1,0.0000,0.0000,0.0000,1.0000,0.5664,0.8242,0.0000,-0.0006,-0.0116,-0.0132,-0.0163,-0.0267,-0.0380,0.0000
2026-02-04 01:00:00,6,eval2026,clear,10.2400,73.8500,99.7100,1.9100,0.0000,70.0300,0.9012,0.0000,1.0000,0.0000,1,0.0000,0.0000,0.2588,0.9659,0.5664,0.8242,0.0000,-0.0067,-0.0198,-0.0228,-0.0231,-0.0295,-0.0406,0.0000
2026-02-04 02:00:00,6,eval2026,clear,12.6400,64.6600,99.7700,1.7800,0.0000,74.7500,0.4989,0.0000,1.0000,0.0000,1,0.0000,0.0000,0.5000,0.8660,0.5664,0.8242,0.0000,-0.0083,-0.0228,-0.0275,-0.0270,-0.0303,-0.0415,0.0000
2026-02-04 03:00:00,6,eval2026,clear,15.1500,55.7100,99.8300,1.7700,0.0000,78.8300,0.4989,0.0000,1.0000,0.0000,1,0.0000,0.0000,0.7071,0.7071,0.5664,0.8242,0.0000,-0.0092,-0.0228,-0.0277,-0.0280,-0.0303,-0.0425,0.0000
2026-02-04 04:00:00,6,eval2026,clear,19.4000,41.0300,99.8600,2.4900,0.0000,83.2600,0.6920,0.0000,1.0000,0.0000,1,0.0000,0.0000,0.8660,0.5000,0.5664,0.8242,0.0000,-0.0087,-0.0192,-0.0242,-0.0265,-0.0284,-0.0414,0.0000
2026-02-04 05:00:00,6,eval2026,clear,21.7600,33.8700,99.8100,2.8700,0.0000,50.2600,1.0944,0.0000,0.0000,0.0000,1,0.0000,0.0000,0.9659,0.2588,0.5664,0.8242,0.0000,-0.0093,-0.0139,-0.0180,-0.0222,-0.0237,-0.0371,0.0000
2026-02-04 06:00:00,6,eval2026,clear,22.9700,31.2600,99.7100,3.1200,0.0000,26.3600,1.2070,0.0000,0.0000,0.0004,1,0.0000,0.0000,1.0000,0.0000,0.5664,0.8242,0.0000,-0.0046,-0.0026,-0.0113,-0.0210,-0.0239,-0.0290,0.0000
2026-02-04 07:00:00,6,eval2026,clear,23.7100,29.4800,99.5900,3.6500,0.0000,0.5500,1.4967,0.0000,0.0000,0.0009,1,0.0000,0.0000,0.9659,-0.2588,0.5664,0.8242,0.0000,0.0012,0.0049,-0.0081,-0.0208,-0.0214,-0.0187,0.0000
2026-02-04 08:00:00,6,eval2026,clear,23.9500,28.6600,99.5100,4.3700,0.0000,7.1200,1.4967,0.0000,0.0000,0.0009,1,0.0000,0.0000,0.8660,-0.5000,0.5664,0.8242,0.0000,0.0052,0.0079,-0.0062,-0.0188,-0.0151,-0.0076,0.0000
2026-02-04 09:00:00,6,eval2026,clear,23.5400,29.0900,99.4600,4.8700,0.0000,0.5500,1.8025,0.0000,0.0000,0.0006,1,0.0000,0.0000,0.7071,-0.7071,0.5664,0.8242,0.0000,0.0035,0.0062,-0.0062,-0.0170,-0.0103,-0.0004,0.0000
2026-02-04 10:00:00,6,eval2026,clear,22.5900,31.1000,99.4600,4.8500,0.0000,0.5500,2.4945,0.0000,0.0000,0.0000,1,0.0000,0.0000,0.5000,-0.8660,0.5664,0.8242,0.0000,0.0018,0.0044,-0.0060,-0.0152,-0.0069,0.0045,0.0000
2026-02-04 11:00:00,6,eval2026,clear,19.6700,42.5400,99.4700,2.9800,0.0000,0.5500,2.9934,0.0000,0.0000,0.0000,1,0.0000,0.0000,0.2588,-0.9659,0.5664,0.8242,0.0000,0.0009,0.0030,-0.0057,-0.0133,-0.0038,0.0084,0.0000
2026-02-04 12:00:00,6,eval2026,clear,15.8800,52.8000,99.4900,3.0900,0.0000,0.5500,2.9934,0.0000,0.0000,0.0000,1,0.0000,0.0000,0.0000,-1.0000,0.5664,0.8242,0.0000,0.0024,0.0001,-0.0061,-0.0110,0.0005,0.0120,0.0000
2026-02-04 13:00:00,6,eval2026,clear,14.7200,55.4900,99.5400,3.1300,0.0000,0.5500,2.9934,0.0000,0.0000,0.0000,1,0.0000,0.0000,-0.2588,-0.9659,0.5664,0.8242,0.0000,0.0057,-0.0021,-0.0058,-0.0086,0.0050,0.0164,0.0000
2026-02-04 14:00:00,6,eval2026,clear,13.8200,57.8400,99.5800,3.1500,0.0000,0.5500,2.8003,0.0000,0.0000,0.0000,1,0.0000,0.0000,-0.5000,-0.8660,0.5664,0.8242,0.0000,0.0076,-0.0033,-0.0043,-0.0054,0.0093,0.0203,0.0000
2026-02-04 15:00:00,6,eval2026,clear,13.0000,60.1800,99.6000,3.2000,0.0000,0.5500,2.8003,0.0000,0.0000,0.0000,1,0.0000,0.0000,-0.7071,-0.7071,0.5664,0.8242,0.0000,0.0084,-0.0035,-0.0023,-0.0026,0.0118,0.0228,0.0000
2026-02-04 16:00:00,6,eval2026,clear,12.2600,62.7300,99.5900,3.2200,0.0000,0.5500,2.8003,0.0000,1.0000,0.0000,1,0.0000,0.0000,-0.8660,-0.5000,0.5664,0.8242,0.0000,0.0090,-0.0027,-0.0003,-0.0006,0.0128,0.0242,0.0000
2026-02-04 17:00:00,6,eval2026,clear,11.5400,66.1200,99.5700,3.2200,0.0000,0.5500,2.7037,0.0000,1.0000,0.0000,1,0.0000,0.0000,-0.9659,-0.2588,0.5664,0.8242,0.0000,0.0102,0.0004,0.0053,0.0060,0.0182,0.0248,0.0000
2026-02-04 18:00:00,6,eval2026,clear,10.8300,70.0100,99.5300,3.2300,0.0000,0.5000,2.7037,0.0000,1.0000,0.0000,1,0.0000,0.0000,-1.0000,-0.0000,0.5664,0.8242,0.0000,0.0104,0.0039,0.0095,0.0069,0.0146,0.0158,0.0000
2026-02-04 19:00:00,6,eval2026,clear,10.1100,74.2100,99.5100,3.2100,0.0000,0.4500,2.4945,0.0000,1.0000,0.0000,1,0.0000,0.0000,-0.9659,0.2588,0.5664,0.8242,0.0000,0.0105,0.0066,0.0101,0.0035,0.0065,0.0045,0.0000
2026-02-04 20:00:00,6,eval2026,clear,9.4400,78.4100,99.4800,3.2300,0.0000,0.4000,2.3014,0.0000,1.0000,0.0000,1,0.0000,0.0000,-0.8660,0.5000,0.5664,0.8242,0.0000,0.0098,0.0072,0.0075,-0.0020,-0.0026,-0.0054,0.0000
2026-02-04 21:00:00,6,eval2026,clear,8.8500,82.1300,99.4500,3.2800,0.0000,0.4200,2.0921,0.0000,1.0000,0.0000,1,0.0000,0.0000,-0.7071,0.7071,0.5664,0.8242,0.0000,0.0094,0.0064,0.0030,-0.0070,-0.0095,-0.0119,0.0000
2026-02-04 22:00:00,6,eval2026,clear,8.3300,85.2200,99.4500,3.3300,0.0000,0.4300,2.0921,0.0000,1.0000,0.0000,1,0.0000,0.0000,-0.5000,0.8660,0.5664,0.8242,0.0000,0.0091,0.0048,-0.0017,-0.0105,-0.0137,-0.0155,0.0000
2026-02-04 23:00:00,6,eval2026,clear,7.8300,88.4800,99.4600,3.2900,0.0000,0.4500,1.8990,0.0000,1.0000,0.0000,1,0.0000,0.0000,-0.2588,0.9659,0.5664,0.8242,0.0000,0.0097,0.0036,-0.0058,-0.0125,-0.0153,-0.0171,0.0000
2026-02-06 00:00:00,7,eval2026,clear,7.4800,67.4200,99.4100,3.2700,0.0000,0.0400,2.4945,0.0000,1.0000,0.0000,1,0.0000,0.0000,0.0000,1.0000,0.5944,0.8042,0.0000,0.0021,-0.0013,-0.0123,-0.0193,-0.0230,-0.0277,0.0000
2026-02-06 01:00:00,7,eval2026,clear,7.4700,66.7400,99.4800,3.3400,0.0000,0.0400,2.2048,0.0000,1.0000,0.0000,1,0.0000,0.0000,0.2588,0.9659,0.5944,0.8042,0.0000,0.0023,-0.0018,-0.0135,-0.0190,-0.0215,-0.0268,0.0000
2026-02-06 02:00:00,7,eval2026,clear,10.4800,54.8700,99.5500,4.6500,0.0000,0.0300,2.0921,0.0000,1.0000,0.0000,1,0.0000,0.0000,0.5000,0.8660,0.5944,0.8042,0.0000,0.0027,-0.0013,-0.0129,-0.0180,-0.0197,-0.0257,0.0000
2026-02-06 03:00:00,7,eval2026,clear,13.5700,46.7300,99.6200,3.6000,0.0000,0.0300,1.8025,0.0000,1.0000,0.0000,1,0.0000,0.0000,0.7071,0.7071,0.5944,0.8042,0.0000,0.0021,0.0021,-0.0082,-0.0140,-0.0169,-0.0250,0.0000
2026-02-06 04:00:00,7,eval2026,clear,18.4400,35.6800,99.6600,3.7900,0.0000,0.0200,2.0921,0.0000,0.0000,0.0000,1,0.0000,0.0000,0.8660,0.5000,0.5944,0.8042,0.0000,0.0019,0.0053,-0.0038,-0.0114,-0.0157,-0.0260,0.0000
2026-02-06 05:00:00,7,eval2026,clear,22.7100,25.6900,99.6600,5.9000,0.0000,0.0100,2.4945,0.0000,0.0000,0.0000,1,0.0000,0.0000,0.9659,0.2588,0.5944,0.8042,0.0000,0.0042,0.0100,-0.0005,-0.0112,-0.0162,-0.0232,0.0000
2026-02-06 06:00:00,7,eval2026,clear,24.4700,22.6700,99.6000,6.1400,0.0000,0.0100,2.9934,0.0000,0.0000,0.0000,1,0.0000,0.0000,1.0000,0.0000,0.5944,0.8042,0.0000,0.0046,0.0139,0.0038,-0.0074,-0.0108,-0.0144,0.0000
2026-02-06 07:00:00,7,eval2026,clear,25.4800,21.4200,99.4800,6.1400,0.0000,0.0000,4.0073,0.0000,0.0000,0.0000,1,0.0000,0.0000,0.9659,-0.2588,0.5944,0.8042,0.0000,0.0032,0.0160,0.0067,-0.0039,-0.0049,-0.0050,0.0000
2026-02-06 08:00:00,7,eval2026,clear,25.8900,21.1700,99.3700,6.0900,0.0000,0.0500,5.0051,0.0000,0.0000,0.0000,1,0.0000,0.0000,0.8660,-0.5000,0.5944,0.8042,0.0000,0.0025,0.0171,0.0080,-0.0017,-0.0005,0.0025,0.0000
2026-02-06 09:00:00,7,eval2026,clear,25.5600,21.9100,99.2900,5.9300,0.0000,0.1000,6.0029,0.0000,0.0000,0.0000,1,0.0000,0.0000,0.7071,-0.7071,0.5944,0.8042,0.0000,0.0012,0.0159,0.0066,-0.0019,0.0012,0.0077,0.0000
2026-02-06 10:00:00,7,eval2026,clear,24.4800,24.3400,99.2500,5.4800,0.0000,0.1500,6.0029,0.0000,0.0000,0.0000,1,0.0000,0.0000,0.5000,-0.8660,0.5944,0.8042,0.0000,-0.0013,0.0118,0.0027,-0.0044,0.0008,0.0110,0.0000
2026-02-06 11:00:00,7,eval2026,clear,20.9600,36.3900,99.2400,3.2500,0.0000,0.2100,6.0029,0.0000,0.0000,0.0000,1,0.0000,0.0000,0.2588,-0.9659,0.5944,0.8042,0.0000,-0.0029,0.0065,-0.0014,-0.0076,-0.0012,0.0118,0.0000
2026-02-06 12:00:00,7,eval2026,clear,16.6500,47.0600,99.2600,3.4100,0.0000,0.2600,6.0029,0.0000,0.0000,0.0000,1,0.0000,0.0000,0.0000,-1.0000,0.5944,0.8042,0.0000,-0.0098,-0.0063,-0.0103,-0.0141,-0.0046,0.0095,0.0000
2026-02-06 13:00:00,7,eval2026,clear,15.4600,49.8200,99.3400,3.4400,0.0000,0.3100,5.0051,0.0000,0.0000,0.0000,1,0.0000,0.0000,-0.2588,-0.9659,0.5944,0.8042,0.0000,-0.0052,-0.0098,-0.0125,-0.0160,-0.0044,0.0089,0.0000
2026-02-06 14:00:00,7,eval2026,clear,14.5400,52.6100,99.4000,3.3500,0.0000,0.3600,4.5062,0.0000,0.0000,0.0000,1,0.0000,0.0000,-0.5000,-0.8660,0.5944,0.8042,0.0000,0.0016,-0.0089,-0.0114,-0.0172,-0.0061,0.0053,0.0000
2026-02-06 15:00:00,7,eval2026,clear,13.7400,54.9300,99.4400,3.3000,0.0000,0.4100,4.5062,0.0000,0.0000,0.0000,1,0.0000,0.0000,-0.7071,-0.7071,0.5944,0.8042,0.0000,0.0071,-0.0069,-0.0098,-0.0178,-0.0074,0.0029,0.0000
2026-02-06 16:00:00,7,eval2026,clear,13.0400,56.7600,99.4500,3.2800,0.0000,0.4600,3.4923,0.0000,1.0000,0.0000,1,0.0000,0.0000,-0.8660,-0.5000,0.5944,0.8042,0.0000,0.0116,-0.0046,-0.0083,-0.0178,-0.0078,0.0018,0.0000
2026-02-06 17:00:00,7,eval2026,clear,12.4100,58.3700,99.4300,3.2600,0.0000,0.5200,2.9934,0.0000,1.0000,0.0000,1,0.0000,0.0000,-0.9659,-0.2588,0.5944,0.8042,0.0000,0.0194,0.0040,0.0020,-0.0074,0.0010,0.0062,0.0000
2026-02-06 18:00:00,7,eval2026,clear,11.8500,59.8500,99.3900,3.2500,0.0000,0.5700,2.9934,0.0000,1.0000,0.0000,1,0.0000,0.0000,-1.0000,-0.0000,0.5944,0.8042,0.0000,0.0193,0.0093,0.0098,-0.0019,0.0018,0.0014,0.0000
2026-02-06 19:00:00,7,eval2026,clear,11.3700,61.1700,99.3500,3.2400,0.0000,0.6200,2.9934,0.0000,1.0000,0.0000,1,0.0000,0.0000,-0.9659,0.2588,0.5944,0.8042,0.0000,0.0170,0.0121,0.0128,-0.0013,-0.0025,-0.0073,0.0000
2026-02-06 20:00:00,7,eval2026,clear,10.9700,62.4200,99.2900,3.2700,0.0000,0.6700,2.8003,0.0000,1.0000,0.0000,1,0.0000,0.0000,-0.8660,0.5000,0.5944,0.8042,0.0000,0.0142,0.0127,0.0114,-0.0040,-0.0089,-0.0159,0.0000
2026-02-06 21:00:00,7,eval2026,clear,10.5100,64.0800,99.2400,3.2400,0.0000,3.8900,2.8003,0.0000,1.0000,0.0000,1,0.0000,0.0000,-0.7071,0.7071,0.5944,0.8042,0.0000,0.0110,0.0113,0.0074,-0.0076,-0.0149,-0.0225,0.0000
2026-02-06 22:00:00,7,eval2026,clear,10.2000,65.2700,99.2100,3.2700,0.0000,11.1600,2.4945,0.0000,1.0000,0.0000,1,0.0000,0.0000,-0.5000,0.8660,0.5944,0.8042,0.0000,0.0090,0.0093,0.0025,-0.0104,-0.0184,-0.0260,0.0000
2026-02-06 23:00:00,7,eval2026,clear,10.3200,64.9900,99.1900,3.2900,0.0000,59.8800,2.4945,0.0000,1.0000,0.0000,1,0.0000,0.0000,-0.2588,0.9659,0.5944,0.8042,0.0000,0.0068,0.0067,-0.0019,-0.0121,-0.0201,-0.0278,0.0000
2026-02-09 00:00:00,8,eval2026,clear,11.8500,46.3800,98.9400,0.2100,0.0000,93.0600,2.9934,0.0000,1.0000,0.0000,1,0.0000,0.0000,0.0000,1.0000,0.6351,0.7725,0.0000,-0.0085,-0.0075,-0.0098,-0.0124,-0.0251,-0.0422,0.0000
2026-02-09 01:00:00,8,eval2026,clear,11.2600,48.2600,99.0100,0.8200,0.0000,89.2400,2.9934,0.0000,1.0000,0.0000,1,0.0000,0.0000,0.2588,0.9659,0.6351,0.7725,0.0000,-0.0146,-0.0132,-0.0143,-0.0129,-0.0250,-0.0418,0.0000
2026-02-09 02:00:00,8,eval2026,clear,12.3000,50.3000,99.1000,1.3100,0.0000,84.9600,2.4945,0.0000,1.0000,0.0000,1,0.0000,0.0000,0.5000,0.8660,0.6351,0.7725,0.0000,-0.0153,-0.0154,-0.0179,-0.0143,-0.0231,-0.0385,0.0000
2026-02-09 03:00:00,8,eval2026,clear,14.4500,41.6500,99.2200,1.4000,0.0000,82.7900,2.0921,0.0000,1.0000,0.0000,1,0.0000,0.0000,0.7071,0.7071,0.6351,0.7725,0.0000,-0.0131,-0.0141,-0.0185,-0.0150,-0.0207,-0.0344,0.0000
2026-02-09 04:00:00,8,eval2026,clear,17.5500,35.3000,99.3100,1.0500,0.0000,78.4800,2.0921,0.0000,0.0000,0.0000,1,0.0000,0.0000,0.8660,0.5000,0.6351,0.7725,0.0000,-0.0108,-0.0098,-0.0154,-0.0136,-0.0173,-0.0293,0.0000
2026-02-09 05:00:00,8,eval2026,clear,21.2300,25.6300,99.3500,1.1000,0.0000,45.1200,2.4945,0.0000,0.0000,0.0000,1,0.0000,0.0000,0.9659,0.2588,0.6351,0.7725,0.0000,-0.0054,-0.0019,-0.0144,-0.0188,-0.0243,-0.0261,0.0000
2026-02-09 06:00:00,8,eval2026,clear,22.2800,23.5000,99.3200,0.9300,0.0000,25.0800,2.7037,0.0000,0.0000,0.0000,1,0.0000,0.0000,1.0000,0.0000,0.6351,0.7725,0.0000,0.0006,0.0041,-0.0143,-0.0235,-0.0263,-0.0183,0.0000
2026-02-09 07:00:00,8,eval2026,clear,22.6100,22.8400,99.2400,1.1400,0.0000,44.2600,3.4923,0.0000,0.0000,0.0000,1,0.0000,0.0000,0.9659,-0.2588,0.6351,0.7725,0.0000,0.0033,0.0045,-0.0164,-0.0269,-0.0250,-0.0108,0.0000
2026-02-09 08:00:00,8,eval2026,clear,22.8000,22.4500,99.1500,1.3300,0.0000,37.1500,4.0073,0.0000,0.0000,0.0000,1,0.0000,0.0000,0.8660,-0.5000,0.6351,0.7725,0.0000,-0.0002,-0.0004,-0.0200,-0.0279,-0.0207,-0.0036,0.0000
2026-02-09 09:00:00,8,eval2026,clear,22.9500,22.2300,99.1000,1.4100,0.0000,24.7300,5.0051,0.0000,0.0000,0.0000,1,0.0000,0.0000,0.7071,-0.7071,0.6351,0.7725,0.0000,-0.0026,-0.0038,-0.0208,-0.0261,-0.0158,0.0011,0.0000
2026-02-09 10:00:00,8,eval2026,clear,22.5000,24.1800,99.0600,1.5000,0.0000,19.5400,5.0051,0.0000,0.0000,0.0000,1,0.0000,0.0000,0.5000,-0.8660,0.6351,0.7725,0.0000,-0.0043,-0.0062,-0.0203,-0.0233,-0.0111,0.0045,0.0000
2026-02-09 11:00:00,8,eval2026,clear,19.5100,39.5900,99.0600,1.6100,0.0000,11.0900,5.0051,0.0000,0.0000,0.0000,1,0.0000,0.0000,0.2588,-0.9659,0.6351,0.7725,0.0000,-0.0042,-0.0068,-0.0180,-0.0207,-0.0088,0.0045,0.0000
2026-02-09 12:00:00,8,eval2026,clear,15.9400,41.3800,99.0800,2.3900,0.0000,6.2500,5.0051,0.0000,0.0000,0.0000,1,0.0000,0.0000,0.0000,-1.0000,0.6351,0.7725,0.0000,0.0007,-0.0053,-0.0145,-0.0171,-0.0044,0.0069,0.0000
2026-02-09 13:00:00,8,eval2026,clear,14.7000,42.4600,99.1300,2.6100,0.0000,0.5500,5.0051,0.0000,0.0000,0.0000,1,0.0000,0.0000,-0.2588,-0.9659,0.6351,0.7725,0.0000,0.0056,-0.0030,-0.0103,-0.0141,-0.0017,0.0068,0.0000
2026-02-09 14:00:00,8,eval2026,clear,14.2200,42.2700,99.2000,2.5400,0.0000,14.7700,4.5062,0.0000,0.0000,0.0000,1,0.0000,0.0000,-0.5000,-0.8660,0.6351,0.7725,0.0000,0.0084,-0.0019,-0.0077,-0.0129,-0.0012,0.0056,0.0000
2026-02-09 15:00:00,8,eval2026,clear,13.9900,41.8200,99.2200,2.4200,0.0000,0.5500,4.0073,0.0000,0.0000,0.0000,1,0.0000,0.0000,-0.7071,-0.7071,0.6351,0.7725,0.0000,0.0076,-0.0022,-0.0063,-0.0130,-0.0030,0.0025,0.0000
2026-02-09 16:00:00,8,eval2026,clear,13.8200,41.2800,99.2200,2.3000,0.0000,0.4400,3.7981,0.0000,0.0000,0.0000,1,0.0000,0.0000,-0.8660,-0.5000,0.6351,0.7725,0.0000,0.0062,-0.0020,-0.0051,-0.0141,-0.0071,-0.0022,0.0000
2026-02-09 17:00:00,8,eval2026,clear,13.5100,41.2900,99.1900,2.1600,0.0000,0.3300,3.4923,0.0000,0.0000,0.0000,1,0.0000,0.0000,-0.9659,-0.2588,0.6351,0.7725,0.0000,0.0033,-0.0024,-0.0048,-0.0153,-0.0111,-0.0064,0.0000
2026-02-09 18:00:00,8,eval2026,clear,13.2000,41.4900,99.1600,2.0900,0.0000,0.2200,3.2026,0.0000,0.0000,0.0000,1,0.0000,0.0000,-1.0000,-0.0000,0.6351,0.7725,0.0000,-0.0009,-0.0034,-0.0055,-0.0168,-0.0154,-0.0105,0.0000
2026-02-09 19:00:00,8,eval2026,clear,12.6500,42.6700,99.1100,2.0900,0.0000,0.1200,2.9934,0.0000,0.0000,0.0000,1,0.0000,0.0000,-0.9659,0.2588,0.6351,0.7725,0.0000,-0.0054,-0.0051,-0.0074,-0.0184,-0.0191,-0.0135,0.0000
2026-02-09 20:00:00,8,eval2026,clear,11.9700,44.3700,99.0500,2.1100,0.0000,0.0100,2.9934,0.0000,0.0000,0.0000,1,0.0000,0.0000,-0.8660,0.5000,0.6351,0.7725,0.0000,-0.0093,-0.0077,-0.0107,-0.0201,-0.0216,-0.0150,0.0000
2026-02-09 21:00:00,8,eval2026,clear,11.2500,46.5100,99.0100,2.1500,0.0000,0.0100,2.9934,0.0000,0.0000,0.0000,1,0.0000,0.0000,-0.7071,0.7071,0.6351,0.7725,0.0000,-0.0120,-0.0106,-0.0148,-0.0216,-0.0227,-0.0148,0.0000
2026-02-09 22:00:00,8,eval2026,clear,10.5000,48.8900,99.0000,2.2300,0.0000,6.1600,2.9934,0.0000,1.0000,0.0000,1,0.0000,0.0000,-0.5000,0.8660,0.6351,0.7725,0.0000,-0.0136,-0.0135,-0.0190,-0.0228,-0.0226,-0.0137,0.0000
2026-02-09 23:00:00,8,eval2026,clear,10.1000,50.2300,99.0300,2.1600,0.0000,35.8800,2.9934,0.0000,1.0000,0.0000,1,0.0000,0.0000,-0.2588,0.9659,0.6351,0.7725,0.0000,-0.0087,-0.0126,-0.0181,-0.0167,-0.0131,-0.0080,0.0000
2026-02-10 00:00:00,9,eval2026,clear,10.1100,52.0200,99.0900,2.0500,0.0000,20.4700,2.9934,0.0000,1.0000,0.0000,1,0.0000,0.0000,0.0000,1.0000,0.6483,0.7614,0.0000,-0.0072,-0.0118,-0.0167,-0.0130,-0.0091,-0.0098,0.0000
2026-02-10 01:00:00,9,eval2026,clear,9.9900,54.0300,99.1700,1.9900,0.0000,15.9000,2.9934,0.0000,1.0000,0.0000,1,0.0000,0.0000,0.2588,0.9659,0.6483,0.7614,0.0000,-0.0051,-0.0097,-0.0153,-0.0115,-0.0086,-0.0135,0.0000
2026-02-10 02:00:00,9,eval2026,clear,12.3600,49.0800,99.2600,1.9200,0.0000,11.1300,2.4945,0.0000,1.0000,0.0000,1,0.0000,0.0000,0.5000,0.8660,0.6483,0.7614,0.0000,-0.0019,-0.0065,-0.0139,-0.0117,-0.0092,-0.0165,0.0000
2026-02-10 03:00:00,9,eval2026,clear,14.8600,39.8600,99.3400,1.8800,0.0000,7.7300,2.4945,0.0000,0.0000,0.0000,1,0.0000,0.0000,0.7071,0.7071,0.6483,0.7614,0.0000,0.0004,-0.0029,-0.0110,-0.0113,-0.0099,-0.0190,0.0000
2026-02-10 04:00:00,9,eval2026,clear,18.7500,32.8400,99.3900,1.6300,0.0000,1.1400,2.4945,0.0000,0.0000,0.0000,1,0.0000,0.0000,0.8660,0.5000,0.6483,0.7614,0.0000,0.0038,0.0027,-0.0088,-0.0144,-0.0154,-0.0205,0.0000
2026-02-10 05:00:00,9,eval2026,clear,23.3900,23.8700,99.3900,1.5000,0.0000,13.0200,2.9934,0.0000,0.0000,0.0000,1,0.0000,0.0000,0.9659,0.2588,0.6483,0.7614,0.0000,0.0080,0.0067,-0.0078,-0.0166,-0.0170,-0.0177,0.0000
2026-02-10 06:00:00,9,eval2026,clear,25.5400,21.5000,99.3300,0.9800,0.0000,22.9700,3.4923,0.0000,0.0000,0.0000,1,0.0000,0.0000,1.0000,0.0000,0.6483,0.7614,0.0000,0.0065,0.0063,-0.0089,-0.0181,-0.0166,-0.0143,0.0000
2026-02-10 07:00:00,9,eval2026,clear,26.5500,21.1000,99.2300,0.7600,0.0000,26.5400,4.0073,0.0000,0.0000,0.0000,1,0.0000,0.0000,0.9659,-0.2588,0.6483,0.7614,0.0000,0.0015,0.0021,-0.0132,-0.0215,-0.0178,-0.0130,0.0000
2026-02-10 08:00:00,9,eval2026,clear,26.9900,21.2200,99.1500,0.6900,0.0000,21.6900,4.5062,0.0000,0.0000,0.0002,1,0.0000,0.0000,0.8660,-0.5000,0.6483,0.7614,0.0000,-0.0035,-0.0035,-0.0183,-0.0251,-0.0190,-0.0123,0.0000
2026-02-10 09:00:00,9,eval2026,clear,26.7500,22.0000,99.1000,0.8100,0.0000,19.6500,5.0051,0.0000,0.0000,0.0043,1,0.0000,0.0000,0.7071,-0.7071,0.6483,0.7614,0.0000,-0.0067,-0.0079,-0.0219,-0.0268,-0.0186,-0.0105,0.0000
2026-02-10 10:00:00,9,eval2026,clear,25.7300,24.3200,99.0800,0.7700,0.0000,17.5700,5.0051,0.0000,0.0000,0.0044,1,0.0000,0.0000,0.5000,-0.8660,0.6483,0.7614,0.0000,-0.0083,-0.0105,-0.0231,-0.0262,-0.0165,-0.0076,0.0000
2026-02-10 11:00:00,9,eval2026,clear,23.4400,35.6800,99.1000,0.7900,0.0000,14.9300,5.0051,0.0000,0.0000,0.0012,1,0.0000,0.0000,0.2588,-0.9659,0.6483,0.7614,0.0000,-0.0078,-0.0110,-0.0217,-0.0240,-0.0139,-0.0053,0.0000
2026-02-10 12:00:00,9,eval2026,clear,20.5000,37.0100,99.1800,1.4600,0.0000,13.2300,5.0051,0.0000,0.0000,0.0058,1,0.0000,0.0000,0.0000,-1.0000,0.6483,0.7614,0.0000,-0.0045,-0.0097,-0.0184,-0.0198,-0.0090,-0.0014,0.0000
2026-02-10 13:00:00,9,eval2026,clear,18.9200,39.2800,99.2900,1.9600,0.0000,11.2500,5.0051,0.0000,0.0000,0.0141,1,0.0000,0.0000,-0.2588,-0.9659,0.6483,0.7614,0.0000,0.0010,-0.0060,-0.0126,-0.0148,-0.0045,0.0005,0.0000
2026-02-10 14:00:00,9,eval2026,clear,17.0000,45.0100,99.3600,2.4400,0.0000,9.2200,4.5062,0.0000,0.0000,0.0297,1,0.0000,0.0000,-0.5000,-0.8660,0.6483,0.7614,0.0000,0.0071,-0.0013,-0.0067,-0.0103,-0.0009,0.0020,0.0000
2026-02-10 15:00:00,9,eval2026,clear,15.5500,49.1200,99.4100,2.7700,0.0000,7.1800,4.0073,0.0000,0.0000,0.0422,1,0.0000,0.0000,-0.7071,-0.7071,0.6483,0.7614,0.0000,0.0144,0.0041,-0.0008,-0.0066,0.0017,0.0038,0.0000
2026-02-10 16:00:00,9,eval2026,clear,14.7400,51.3000,99.4500,2.8100,0.0000,5.1600,3.4923,0.0000,0.0000,0.0510,1,0.0000,0.0000,-0.8660,-0.5000,0.6483,0.7614,0.0000,0.0206,0.0088,0.0043,-0.0034,0.0042,0.0070,0.0000
2026-02-10 17:00:00,9,eval2026,clear,14.1800,52.8000,99.4500,2.7300,0.0000,3.1400,3.4923,0.0000,1.0000,0.0367,1,0.0000,0.0000,-0.9659,-0.2588,0.6483,0.7614,0.0000,0.0237,0.0118,0.0086,-0.0005,0.0059,0.0099,0.0000
2026-02-10 18:00:00,9,eval2026,clear,13.8500,53.3300,99.4200,2.5600,0.0000,1.1000,3.4923,0.0000,1.0000,0.0103,1,0.0000,0.0000,-1.0000,-0.0000,0.6483,0.7614,0.0000,0.0295,0.0177,0.0175,0.0103,0.0171,0.0169,0.0000
2026-02-10 19:00:00,9,eval2026,clear,13.8800,52.4100,99.4000,2.2600,0.0000,11.4700,3.4923,0.0000,1.0000,0.0004,1,0.0000,0.0000,-0.9659,0.2588,0.6483,0.7614,0.0000,0.0248,0.0175,0.0199,0.0110,0.0137,0.0071,0.0000
2026-02-10 20:00:00,9,eval2026,clear,14.1000,50.6600,99.3700,1.8300,0.0000,16.4900,3.2026,0.0000,1.0000,0.0001,1,0.0000,0.0000,-0.8660,0.5000,0.6483,0.7614,0.0000,0.0180,0.0153,0.0178,0.0067,0.0043,-0.0074,0.0000
2026-02-10 21:00:00,9,eval2026,clear,14.0900,49.6900,99.3400,1.3100,0.0000,26.5100,2.8003,0.0000,1.0000,0.0001,1,0.0000,0.0000,-0.7071,0.7071,0.6483,0.7614,0.0000,0.0108,0.0116,0.0131,0.0013,-0.0055,-0.0201,0.0000
2026-02-10 22:00:00,9,eval2026,clear,14.3200,48.4700,99.3300,1.0400,0.0000,41.2700,1.9956,0.0000,1.0000,0.0004,1,0.0000,0.0000,-0.5000,0.8660,0.6483,0.7614,0.0000,0.0035,0.0059,0.0067,-0.0034,-0.0131,-0.0287,0.0000
2026-02-10 23:00:00,9,eval2026,clear,13.2600,52.0400,99.3500,1.1900,0.0000,64.8800,1.9956,0.0000,1.0000,0.0028,1,0.0000,0.0000,-0.2588,0.9659,0.6483,0.7614,0.0000,-0.0037,-0.0010,-0.0001,-0.0067,-0.0182,-0.0337,0.0000
2026-02-12 00:00:00,10,eval2026,cloudy,9.8300,72.6300,99.3600,3.0500,0.0000,34.7000,2.9934,0.0000,1.0000,0.0000,1,0.0000,0.0000,0.0000,1.0000,0.6741,0.7387,0.0000,0.0159,0.0083,-0.0048,-0.0116,-0.0165,-0.0246,0.0000
2026-02-12 01:00:00,10,eval2026,cloudy,9.7500,73.1900,99.4000,2.9500,0.0000,43.3800,2.4945,0.0000,1.0000,0.0000,1,0.0000,0.0000,0.2588,0.9659,0.6741,0.7387,0.0000,0.0144,0.0063,-0.0076,-0.0127,-0.0171,-0.0256,0.0000
2026-02-12 02:00:00,10,eval2026,cloudy,12.9600,60.1400,99.4400,4.0500,0.0000,50.1200,2.0921,0.0000,1.0000,0.0000,1,0.0000,0.0000,0.5000,0.8660,0.6741,0.7387,0.0000,0.0129,0.0052,-0.0082,-0.0128,-0.0169,-0.0261,0.0000
2026-02-12 03:00:00,10,eval2026,cloudy,16.0500,51.1000,99.4900,2.9600,0.0000,60.6300,1.9956,0.0000,1.0000,0.0000,1,0.0000,0.0000,0.7071,0.7071,0.6741,0.7387,0.0000,0.0120,0.0091,-0.0023,-0.0077,-0.0137,-0.0251,0.0000
2026-02-12 04:00:00,10,eval2026,cloudy,21.1400,36.2200,99.5400,3.5700,0.0000,69.6100,2.0921,0.0000,0.0000,0.0000,1,0.0000,0.0000,0.8660,0.5000,0.6741,0.7387,0.0000,0.0112,0.0133,0.0038,-0.0036,-0.0110,-0.0248,0.0000
2026-02-12 05:00:00,10,eval2026,cloudy,24.8600,24.3100,99.5400,5.3200,0.0000,73.3900,2.4945,0.0000,0.0000,0.0000,1,0.0000,0.0000,0.9659,0.2588,0.6741,0.7387,0.0000,0.0097,0.0185,0.0084,-0.0032,-0.0133,-0.0223,0.0000
2026-02-12 06:00:00,10,eval2026,cloudy,26.2000,21.3700,99.4800,5.1100,0.0000,36.7000,3.4923,0.0000,0.0000,0.0000,1,0.0000,0.0000,1.0000,0.0000,0.6741,0.7387,0.0000,0.0114,0.0268,0.0166,0.0032,-0.0062,-0.0092,0.0000
2026-02-12 07:00:00,10,eval2026,cloudy,26.9300,19.7300,99.3800,5.0400,0.0000,91.3600,4.0073,0.0000,0.0000,0.0000,1,0.0000,0.0000,0.9659,-0.2588,0.6741,0.7387,0.0000,0.0096,0.0281,0.0170,0.0028,-0.0022,0.0002,0.0000
2026-02-12 08:00:00,10,eval2026,cloudy,27.1700,18.9100,99.2900,5.1500,0.0000,82.7200,5.0051,0.0000,0.0000,0.0000,1,0.0000,0.0000,0.8660,-0.5000,0.6741,0.7387,0.0000,0.0088,0.0297,0.0207,0.0103,0.0086,0.0136,0.0000
2026-02-12 09:00:00,10,eval2026,cloudy,26.6900,19.2100,99.2300,4.7000,0.0000,40.3000,5.0051,0.0000,0.0000,0.0000,1,0.0000,0.0000,0.7071,-0.7071,0.6741,0.7387,0.0000,0.0071,0.0286,0.0221,0.0154,0.0176,0.0256,0.0000
2026-02-12 10:00:00,10,eval2026,cloudy,25.5100,21.1700,99.1900,4.0500,0.0000,53.5600,5.0051,0.0000,0.0000,0.0000,1,0.0000,0.0000,0.5000,-0.8660,0.6741,0.7387,0.0000,-0.0011,0.0177,0.0137,0.0070,0.0109,0.0215,0.0000
2026-02-12 11:00:00,10,eval2026,cloudy,22.1100,35.3900,99.2100,2.4300,0.0000,67.6500,5.0051,0.0000,0.0000,0.0000,1,0.0000,0.0000,0.2588,-0.9659,0.6741,0.7387,0.0000,-0.0085,0.0069,0.0061,-0.0001,0.0043,0.0150,0.0000
2026-02-12 12:00:00,10,eval2026,cloudy,17.7300,43.9500,99.2600,2.7600,0.0000,83.4500,5.0051,0.0000,0.0000,0.0000,1,0.0000,0.0000,0.0000,-1.0000,0.6741,0.7387,0.0000,-0.0114,-0.0014,0.0017,-0.0028,0.0032,0.0128,0.0000
2026-02-12 13:00:00,10,eval2026,cloudy,16.4500,45.4100,99.3200,2.7000,0.0000,99.5600,5.0051,0.0000,0.0000,0.0000,1,0.0000,0.0000,-0.2588,-0.9659,0.6741,0.7387,0.0000,-0.0049,0.0008,0.0061,0.0016,0.0077,0.0147,0.0000
2026-02-12 14:00:00,10,eval2026,cloudy,15.6100,46.8700,99.3900,2.5900,0.0000,69.5200,5.0051,0.0000,0.0000,0.0000,1,0.0000,0.0000,-0.5000,-0.8660,0.6741,0.7387,0.0000,0.0001,0.0058,0.0141,0.0091,0.0131,0.0162,0.0000
2026-02-12 15:00:00,10,eval2026,cloudy,14.8400,48.4100,99.4100,2.5400,0.0000,79.6900,5.0051,0.0000,0.0000,0.0000,1,0.0000,0.0000,-0.7071,-0.7071,0.6741,0.7387,0.0000,0.0016,0.0077,0.0166,0.0067,0.0061,0.0067,0.0000
2026-02-12 16:00:00,10,eval2026,cloudy,14.0800,50.2400,99.3700,2.5300,0.0000,60.4000,5.0051,0.0000,0.0000,0.0000,1,0.0000,0.0000,-0.8660,-0.5000,0.6741,0.7387,0.0000,0.0022,0.0088,0.0175,0.0036,-0.0011,-0.0024,0.0000
2026-02-12 17:00:00,10,eval2026,cloudy,13.1200,52.9300,99.3300,2.6300,0.0000,69.8500,5.0051,0.0000,0.0000,0.0000,1,0.0000,0.0000,-0.9659,-0.2588,0.6741,0.7387,0.0000,0.0021,0.0085,0.0146,-0.0043,-0.0131,-0.0136,0.0000
2026-02-12 18:00:00,10,eval2026,cloudy,12.4100,54.6400,99.2600,2.6200,0.0000,93.6400,4.5062,0.0000,1.0000,0.0000,1,0.0000,0.0000,-1.0000,-0.0000,0.6741,0.7387,0.0000,0.0041,0.0095,0.0121,-0.0099,-0.0215,-0.0207,0.0000
2026-02-12 19:00:00,10,eval2026,cloudy,11.7300,56.5300,99.1900,2.6500,0.0000,99.5300,4.5062,0.0000,1.0000,0.0000,1,0.0000,0.0000,-0.9659,0.2588,0.6741,0.7387,0.0000,0.0254,0.0273,0.0260,0.0022,-0.0124,-0.0183,0.0000
2026-02-12 20:00:00,10,eval2026,cloudy,11.0800,58.3900,99.1400,2.7600,0.0000,99.8700,4.0073,0.0000,1.0000,0.0000,1,0.0000,0.0000,-0.8660,0.5000,0.6741,0.7387,0.0000,0.0316,0.0377,0.0367,0.0091,-0.0143,-0.0303,0.0000
2026-02-12 21:00:00,10,eval2026,cloudy,10.6800,59.5700,99.0900,2.8000,0.0000,99.6100,4.0073,0.0000,1.0000,0.0000,1,0.0000,0.0000,-0.7071,0.7071,0.6741,0.7387,0.0000,0.0296,0.0426,0.0407,0.0087,-0.0259,-0.0504,0.0000
2026-02-12 22:00:00,10,eval2026,cloudy,10.2200,60.5200,99.0700,2.8300,0.0000,99.6600,4.0073,0.0000,1.0000,0.0000,1,0.0000,0.0000,-0.5000,0.8660,0.6741,0.7387,0.0000,0.0280,0.0423,0.0370,0.0039,-0.0366,-0.0644,0.0000
2026-02-12 23:00:00,10,eval2026,cloudy,9.7400,61.4500,99.0700,2.8200,0.0000,81.1700,4.0073,0.0000,1.0000,0.0000,1,0.0000,0.0000,-0.2588,0.9659,0.6741,0.7387,0.0000,0.0252,0.0357,0.0270,-0.0025,-0.0423,-0.0690,0.0000
2026-02-13 00:00:00,11,eval2026,mixed,9.1900,62.5600,99.1000,2.8100,0.0000,75.1900,4.0073,0.0000,1.0000,0.0000,1,0.0000,0.0000,0.0000,1.0000,0.6867,0.7270,0.0000,0.0157,0.0203,0.0097,-0.0117,-0.0439,-0.0650,0.0000
2026-02-13 01:00:00,11,eval2026,mixed,9.1000,62.7000,99.1500,2.7200,0.0000,71.0400,3.4923,0.0000,1.0000,0.0000,1,0.0000,0.0000,0.2588,0.9659,0.6867,0.7270,0.0000,0.0112,0.0083,-0.0037,-0.0171,-0.0394,-0.0561,0.0000
2026-02-13 02:00:00,11,eval2026,mixed,12.4400,50.8800,99.2000,3.3600,0.0000,65.9300,2.9934,0.0000,1.0000,0.0000,1,0.0000,0.0000,0.5000,0.8660,0.6867,0.7270,0.0000,0.0070,0.0001,-0.0112,-0.0186,-0.0332,-0.0479,0.0000
2026-02-13 03:00:00,11,eval2026,mixed,15.1600,43.3000,99.2600,2.7700,0.0000,62.9600,2.4945,0.0000,1.0000,0.0000,1,0.0000,0.0000,0.7071,0.7071,0.6867,0.7270,0.0000,0.0047,-0.0005,-0.0096,-0.0142,-0.0245,-0.0394,0.0000
2026-02-13 04:00:00,11,eval2026,mixed,20.1700,30.0400,99.3000,3.3500,0.0000,59.8000,3.2026,0.0000,0.0000,0.0000,1,0.0000,0.0000,0.8660,0.5000,0.6867,0.7270,0.0000,0.0020,0.0030,-0.0028,-0.0078,-0.0164,-0.0322,0.0000
2026-02-13 05:00:00,11,eval2026,mixed,23.3100,23.4600,99.3100,3.8400,0.0000,45.5900,3.2026,0.0000,0.0000,0.0000,1,0.0000,0.0000,0.9659,0.2588,0.6867,0.7270,0.0000,-0.0003,0.0096,0.0024,-0.0072,-0.0165,-0.0241,0.0000
2026-02-13 06:00:00,11,eval2026,mixed,24.8100,21.3300,99.2500,3.8200,0.0000,77.8400,4.0073,0.0000,0.0000,0.0000,1,0.0000,0.0000,1.0000,0.0000,0.6867,0.7270,0.0000,0.0006,0.0147,0.0047,-0.0082,-0.0147,-0.0136,0.0000
2026-02-13 07:00:00,11,eval2026,mixed,25.7400,19.9700,99.1700,3.8400,0.0000,49.1900,5.0051,0.0000,0.0000,0.0000,1,0.0000,0.0000,0.9659,-0.2588,0.6867,0.7270,0.0000,0.0040,0.0202,0.0087,-0.0032,-0.0056,0.0020,0.0000
2026-02-13 08:00:00,11,eval2026,mixed,26.1900,19.1500,99.1000,3.8200,0.0000,20.4400,5.0051,0.0000,0.0000,0.0000,1,0.0000,0.0000,0.8660,-0.5000,0.6867,0.7270,0.0000,0.0011,0.0170,0.0058,-0.0038,-0.0000,0.0128,0.0000
2026-02-13 09:00:00,11,eval2026,mixed,25.8900,19.3400,99.0400,3.6200,0.0000,75.4300,5.0051,0.0000,0.0000,0.0000,1,0.0000,0.0000,0.7071,-0.7071,0.6867,0.7270,0.0000,-0.0049,0.0084,-0.0013,-0.0094,-0.0018,0.0136,0.0000
2026-02-13 10:00:00,11,eval2026,mixed,24.9300,21.2300,99.0200,3.1900,0.0000,61.1300,5.0051,0.0000,0.0000,0.0000,1,0.0000,0.0000,0.5000,-0.8660,0.6867,0.7270,0.0000,-0.0114,0.0020,-0.0040,-0.0082,0.0007,0.0150,0.0000
2026-02-13 11:00:00,11,eval2026,mixed,21.8700,37.6000,99.0400,1.9600,0.0000,47.4000,5.0051,0.0000,0.0000,0.0000,1,0.0000,0.0000,0.2588,-0.9659,0.6867,0.7270,0.0000,-0.0120,0.0004,-0.0026,-0.0065,0.0014,0.0141,0.0000
2026-02-13 12:00:00,11,eval2026,mixed,19.4600,36.7100,99.0900,1.9500,0.0000,33.5500,5.0051,0.0000,0.0000,0.0000,1,0.0000,0.0000,0.0000,-1.0000,0.6867,0.7270,0.0000,-0.0097,-0.0023,-0.0026,-0.0065,0.0019,0.0130,0.0000
2026-02-13 13:00:00,11,eval2026,mixed,18.7000,34.3300,99.1600,1.6700,0.0000,19.9500,4.5062,0.0000,0.0000,0.0000,1,0.0000,0.0000,-0.2588,-0.9659,0.6867,0.7270,0.0000,-0.0056,-0.0025,-0.0017,-0.0079,-0.0015,0.0063,0.0000
2026-02-13 14:00:00,11,eval2026,mixed,17.8800,35.4800,99.2200,1.4200,0.0000,2.7600,4.5062,0.0000,0.0000,0.0000,1,0.0000,0.0000,-0.5000,-0.8660,0.6867,0.7270,0.0000,-0.0024,-0.0018,-0.0009,-0.0104,-0.0074,-0.0031,0.0000
2026-02-13 15:00:00,11,eval2026,mixed,17.4700,35.6200,99.2400,1.3000,0.0000,11.7500,4.5062,0.0000,0.0000,0.0000,1,0.0000,0.0000,-0.7071,-0.7071,0.6867,0.7270,0.0000,0.0019,-0.0002,-0.0002,-0.0120,-0.0111,-0.0088,0.0000
2026-02-13 16:00:00,11,eval2026,mixed,17.0900,36.1600,99.2300,1.2600,0.0000,21.4300,4.5062,0.0000,0.0000,0.0000,1,0.0000,0.0000,-0.8660,-0.5000,0.6867,0.7270,0.0000,0.0031,0.0007,-0.0000,-0.0126,-0.0130,-0.0121,0.0000
2026-02-13 17:00:00,11,eval2026,mixed,16.8500,36.2800,99.2000,1.2500,0.0000,16.5500,4.5062,0.0000,0.0000,0.0000,1,0.0000,0.0000,-0.9659,-0.2588,0.6867,0.7270,0.0000,0.0031,0.0021,0.0008,-0.0124,-0.0147,-0.0152,0.0000
2026-02-13 18:00:00,11,eval2026,mixed,15.5000,40.2500,99.1500,1.2900,0.0000,12.2100,4.5062,0.0000,1.0000,0.0000,1,0.0000,0.0000,-1.0000,-0.0000,0.6867,0.7270,0.0000,0.0035,0.0042,0.0014,-0.0128,-0.0178,-0.0193,0.0000
2026-02-13 19:00:00,11,eval2026,mixed,14.1600,43.7700,99.1100,1.5100,0.0000,25.8100,4.0073,0.0000,1.0000,0.0000,1,0.0000,0.0000,-0.9659,0.2588,0.6867,0.7270,0.0000,0.0142,0.0116,0.0078,-0.0048,-0.0088,-0.0146,0.0000
2026-02-13 20:00:00,11,eval2026,mixed,13.3700,45.5300,99.0500,1.8200,0.0000,40.6000,4.0073,0.0000,1.0000,0.0000,1,0.0000,0.0000,-0.8660,0.5000,0.6867,0.7270,0.0000,0.0130,0.0114,0.0086,-0.0035,-0.0095,-0.0204,0.0000
2026-02-13 21:00:00,11,eval2026,mixed,12.1600,49.0400,99.0000,2.0300,0.0000,39.3700,4.0073,0.0000,1.0000,0.0000,1,0.0000,0.0000,-0.7071,0.7071,0.6867,0.7270,0.0000,0.0107,0.0100,0.0063,-0.0050,-0.0136,-0.0284,0.0000
2026-02-13 22:00:00,11,eval2026,mixed,11.2400,51.9900,98.9800,2.0900,0.0000,11.6700,3.4923,0.0000,1.0000,0.0000,1,0.0000,0.0000,-0.5000,0.8660,0.6867,0.7270,0.0000,0.0075,0.0061,-0.0002,-0.0096,-0.0196,-0.0349,0.0000
2026-02-13 23:00:00,11,eval2026,mixed,10.6300,53.9000,99.0000,2.0100,0.0000,3.8700,1.7059,0.0000,1.0000,0.0000,1,0.0000,0.0000,-0.2588,0.9659,0.6867,0.7270,0.0000,0.0005,-0.0020,-0.0101,-0.0166,-0.0253,-0.0376,0.0000
2026-02-17 00:00:00,12,eval2026,clear,11.2400,54.2600,99.0100,2.4800,0.0000,0.0800,4.5062,0.0000,0.0000,0.0000,1,0.0000,0.0000,0.0000,1.0000,0.7350,0.6780,0.0000,-0.0009,-0.0149,-0.0250,-0.0263,-0.0200,-0.0097,0.0000
2026-02-17 01:00:00,12,eval2026,clear,10.9700,56.6200,99.1000,2.5800,0.0000,0.0900,4.0073,0.0000,0.0000,0.0000,1,0.0000,0.0000,0.2588,0.9659,0.7350,0.6780,0.0000,0.0006,-0.0149,-0.0244,-0.0241,-0.0148,-0.0034,0.0000
2026-02-17 02:00:00,12,eval2026,clear,14.8000,46.4500,99.1900,2.9100,0.0000,0.1000,2.9934,0.0000,0.0000,0.0000,1,0.0000,0.0000,0.5000,0.8660,0.7350,0.6780,0.0000,0.0027,-0.0128,-0.0208,-0.0201,-0.0086,0.0029,0.0000
2026-02-17 03:00:00,12,eval2026,clear,17.8200,39.1900,99.2500,2.9100,0.0000,0.1200,2.9934,0.0000,0.0000,0.0001,1,0.0000,0.0000,0.7071,0.7071,0.7350,0.6780,0.0000,0.0038,-0.0068,-0.0116,-0.0119,-0.0016,0.0069,0.0000
2026-02-17 04:00:00,12,eval2026,clear,22.3200,32.5000,99.2900,3.1000,0.0000,0.1300,4.0073,0.0000,0.0000,0.0001,1,0.0000,0.0000,0.8660,0.5000,0.7350,0.6780,0.0000,0.0071,0.0020,-0.0012,-0.0035,0.0045,0.0092,0.0000
2026-02-17 05:00:00,12,eval2026,clear,26.7400,23.6800,99.2700,3.5400,0.0000,0.1400,4.5062,0.0000,0.0000,0.0001,1,0.0000,0.0000,0.9659,0.2588,0.7350,0.6780,0.0000,0.0115,0.0112,0.0068,0.0022,0.0081,0.0099,0.0000
2026-02-17 06:00:00,12,eval2026,clear,28.8300,19.9500,99.2000,2.9200,0.0000,0.1500,5.0051,0.0000,0.0000,0.0001,1,0.0000,0.0000,1.0000,0.0000,0.7350,0.6780,0.0000,0.0110,0.0156,0.0095,0.0030,0.0070,0.0078,0.0000
2026-02-17 07:00:00,12,eval2026,clear,29.9500,18.1900,99.0800,2.2500,0.0000,0.1700,5.0051,0.0000,0.0000,0.0001,1,0.0000,0.0000,0.9659,-0.2588,0.7350,0.6780,0.0000,0.0053,0.0130,0.0047,-0.0024,0.0012,0.0038,0.0000
2026-02-17 08:00:00,12,eval2026,clear,30.3300,17.5600,98.9800,1.8600,0.0000,2.0400,5.0051,0.0000,0.0000,0.0001,1,0.0000,0.0000,0.8660,-0.5000,0.7350,0.6780,0.0000,-0.0011,0.0070,-0.0028,-0.0098,-0.0058,-0.0005,0.0000
2026-02-17 09:00:00,12,eval2026,clear,29.9100,17.9400,98.9000,1.7500,0.0000,3.9100,5.0051,0.0000,0.0000,0.0001,1,0.0000,0.0000,0.7071,-0.7071,0.7350,0.6780,0.0000,-0.0050,0.0016,-0.0090,-0.0155,-0.0107,-0.0033,0.0000
2026-02-17 10:00:00,12,eval2026,clear,28.8400,19.7500,98.8700,1.8400,0.0000,5.9600,5.0051,0.0000,0.0000,0.0003,1,0.0000,0.0000,0.5000,-0.8660,0.7350,0.6780,0.0000,-0.0055,-0.0014,-0.0119,-0.0179,-0.0126,-0.0042,0.0000
2026-02-17 11:00:00,12,eval2026,clear,25.7700,34.9600,98.8700,1.6500,0.0000,6.7400,5.0051,0.0000,0.0000,0.0003,1,0.0000,0.0000,0.2588,-0.9659,0.7350,0.6780,0.0000,-0.0030,-0.0017,-0.0115,-0.0170,-0.0116,-0.0034,0.0000
2026-02-17 12:00:00,12,eval2026,clear,22.5800,34.4000,98.9100,2.1500,0.0000,9.3300,5.0051,0.0000,0.0000,0.0017,1,0.0000,0.0000,0.0000,-1.0000,0.7350,0.6780,0.0000,0.0026,-0.0003,-0.0089,-0.0132,-0.0061,0.0017,0.0000
2026-02-17 13:00:00,12,eval2026,clear,21.0600,36.1300,98.9800,2.3700,0.0000,11.3600,5.0051,0.0000,0.0000,0.0044,1,0.0000,0.0000,-0.2588,-0.9659,0.7350,0.6780,0.0000,0.0078,0.0021,-0.0046,-0.0089,-0.0017,0.0036,0.0000
2026-02-17 14:00:00,12,eval2026,clear,19.7900,38.6200,99.0400,2.5200,0.0000,13.1300,5.0051,0.0000,0.0000,0.0070,1,0.0000,0.0000,-0.5000,-0.8660,0.7350,0.6780,0.0000,0.0122,0.0050,-0.0003,-0.0054,0.0012,0.0040,0.0000
2026-02-17 15:00:00,12,eval2026,clear,18.4200,41.8500,99.0400,2.7400,0.0000,13.7200,4.5062,0.0000,0.0000,0.0043,1,0.0000,0.0000,-0.7071,-0.7071,0.7350,0.6780,0.0000,0.0172,0.0086,0.0034,-0.0031,0.0024,0.0033,0.0000
2026-02-17 16:00:00,12,eval2026,clear,17.1700,44.7800,99.0300,2.9200,0.0000,3.3000,4.5062,0.0000,0.0000,0.0028,1,0.0000,0.0000,-0.8660,-0.5000,0.7350,0.6780,0.0000,0.0199,0.0111,0.0060,-0.0031,0.0003,0.0001,0.0000
2026-02-17 17:00:00,12,eval2026,clear,16.1400,47.5400,99.0000,2.9400,0.0000,2.7500,4.0073,0.0000,0.0000,0.0014,1,0.0000,0.0000,-0.9659,-0.2588,0.7350,0.6780,0.0000,0.0218,0.0121,0.0061,-0.0053,-0.0034,-0.0031,0.0000
2026-02-17 18:00:00,12,eval2026,clear,15.4100,49.8900,98.9800,2.6600,0.0100,16.2900,4.0073,0.0000,0.0000,0.0079,1,0.0000,0.0000,-1.0000,-0.0000,0.7350,0.6780,0.0376,0.0187,0.0098,0.0037,-0.0091,-0.0086,-0.0070,0.0000
2026-02-17 19:00:00,12,eval2026,clear,15.2900,51.0000,98.9700,2.0700,0.1500,48.0300,3.4923,0.0000,0.0000,0.0201,1,0.0000,0.0000,-0.9659,0.2588,0.7350,0.6780,0.3890,0.0182,0.0092,0.0025,-0.0102,-0.0108,-0.0080,0.0000
2026-02-17 20:00:00,12,eval2026,clear,14.6800,55.0100,98.9300,1.8800,0.1500,50.2300,3.4923,0.0000,0.0000,0.0342,1,0.0000,0.0000,-0.8660,0.5000,0.7350,0.6780,0.3890,0.0549,0.0344,0.0199,0.0059,0.0014,0.0037,0.0000
2026-02-17 21:00:00,12,eval2026,clear,14.0100,61.2900,98.9200,2.0400,0.1500,93.8700,3.4923,0.0000,0.0000,0.0036,1,0.0000,0.0000,-0.7071,0.7071,0.7350,0.6780,0.3890,0.0858,0.0529,0.0339,0.0215,0.0143,0.0167,0.0000
2026-02-17 22:00:00,12,eval2026,clear,13.8200,63.1700,98.9400,1.9700,0.0000,99.1800,3.4923,0.0000,0.0000,0.0145,1,0.0000,0.0000,-0.5000,0.8660,0.7350,0.6780,0.0000,0.1148,0.0695,0.0464,0.0363,0.0264,0.0294,0.0000
2026-02-17 23:00:00,12,eval2026,clear,13.3700,64.4600,98.9900,2.0900,0.0000,99.8000,3.2026,0.0000,0.0000,0.0196,1,0.0000,0.0000,-0.2588,0.9659,0.7350,0.6780,0.0000,0.0728,0.0424,0.0332,0.0314,0.0248,0.0319,0.0000
2026-02-19 00:00:00,13,eval2026,clear,11.3100,92.9600,99.2000,2.1500,0.0100,2.2000,2.9934,0.0000,1.0000,0.0076,1,0.0000,0.0000,0.0000,1.0000,0.7579,0.6523,0.0376,0.0250,0.0016,-0.0225,-0.0208,0.0026,0.0124,0.0000
2026-02-19 01:00:00,13,eval2026,clear,11.5900,90.7400,99.2700,1.9800,0.0100,2.7500,2.4945,0.0000,1.0000,0.0163,1,0.0000,0.0000,0.2588,0.9659,0.7579,0.6523,0.0376,0.0196,-0.0060,-0.0258,-0.0135,0.0102,0.0147,0.0000
2026-02-19 02:00:00,13,eval2026,clear,14.4600,75.9300,99.3400,2.0600,0.0200,3.3100,1.7059,0.0000,1.0000,0.0105,1,0.0000,0.0000,0.5000,0.8660,0.7579,0.6523,0.0685,0.0179,-0.0037,-0.0191,-0.0036,0.0155,0.0137,0.0000
2026-02-19 03:00:00,13,eval2026,clear,17.6000,62.4800,99.4000,1.2900,0.0000,3.8600,1.4967,0.0000,1.0000,0.0011,1,0.0000,0.0000,0.7071,0.7071,0.7579,0.6523,0.0000,0.0179,0.0049,-0.0058,0.0066,0.0178,0.0097,0.0000
2026-02-19 04:00:00,13,eval2026,clear,23.3700,39.6300,99.4000,0.3700,0.0000,4.4100,1.4967,0.0000,1.0000,0.0001,1,0.0000,0.0000,0.8660,0.5000,0.7579,0.6523,0.0000,0.0154,0.0120,0.0041,0.0095,0.0139,0.0019,0.0000
2026-02-19 05:00:00,13,eval2026,clear,26.1800,32.6600,99.3600,0.4800,0.0000,4.9600,2.0921,0.0000,0.0000,0.0000,1,0.0000,0.0000,0.9659,0.2588,0.7579,0.6523,0.0000,0.0119,0.0155,0.0073,0.0051,0.0044,-0.0095,0.0000
2026-02-19 06:00:00,13,eval2026,clear,27.6700,29.0400,99.2800,0.4200,0.0000,5.9800,2.4945,0.0000,0.0000,0.0000,1,0.0000,0.0000,1.0000,0.0000,0.7579,0.6523,0.0000,0.0092,0.0142,0.0007,-0.0079,-0.0101,-0.0159,0.0000
2026-02-19 07:00:00,13,eval2026,clear,28.5100,26.9700,99.1600,0.4800,0.0000,6.3200,2.9934,0.0000,0.0000,0.0001,1,0.0000,0.0000,0.9659,-0.2588,0.7579,0.6523,0.0000,0.0075,0.0099,-0.0085,-0.0194,-0.0187,-0.0166,0.0000
2026-02-19 08:00:00,13,eval2026,clear,28.8300,25.9400,99.0700,0.5400,0.0000,2.2200,2.9934,0.0000,0.0000,0.0002,1,0.0000,0.0000,0.8660,-0.5000,0.7579,0.6523,0.0000,0.0049,0.0038,-0.0159,-0.0259,-0.0211,-0.0139,0.0000
2026-02-19 09:00:00,13,eval2026,clear,28.4400,26.3600,99.0300,0.5300,0.0000,3.8500,2.9934,0.0000,0.0000,0.0008,1,0.0000,0.0000,0.7071,-0.7071,0.7579,0.6523,0.0000,0.0027,-0.0016,-0.0203,-0.0288,-0.0215,-0.0120,0.0000
2026-02-19 10:00:00,13,eval2026,clear,27.6000,27.6800,99.0300,0.5100,0.0000,3.8900,2.9934,0.0000,0.0000,0.0046,1,0.0000,0.0000,0.5000,-0.8660,0.7579,0.6523,0.0000,-0.0001,-0.0062,-0.0226,-0.0296,-0.0210,-0.0109,0.0000
2026-02-19 11:00:00,13,eval2026,clear,25.8900,37.2800,99.0800,0.5000,0.0000,3.9300,2.9934,0.0000,0.0000,0.0042,1,0.0000,0.0000,0.2588,-0.9659,0.7579,0.6523,0.0000,-0.0018,-0.0087,-0.0223,-0.0278,-0.0190,-0.0094,0.0000
2026-02-19 12:00:00,13,eval2026,clear,23.5100,39.6300,99.1500,0.8200,0.0000,3.9700,2.9934,0.0000,0.0000,0.0060,1,0.0000,0.0000,0.0000,-1.0000,0.7579,0.6523,0.0000,-0.0015,-0.0094,-0.0201,-0.0237,-0.0138,-0.0049,0.0000
2026-02-19 13:00:00,13,eval2026,clear,21.7900,43.9800,99.2400,1.0300,0.0000,4.0100,3.4923,0.0000,0.0000,0.0013,1,0.0000,0.0000,-0.2588,-0.9659,0.7579,0.6523,0.0000,-0.0007,-0.0086,-0.0159,-0.0180,-0.0075,-0.0001,0.0000
2026-02-19 14:00:00,13,eval2026,clear,20.6100,47.5800,99.3200,1.1700,0.0000,4.0500,4.0073,0.0000,0.0000,0.0029,1,0.0000,0.0000,-0.5000,-0.8660,0.7579,0.6523,0.0000,0.0003,-0.0070,-0.0111,-0.0114,-0.0001,0.0053,0.0000
2026-02-19 15:00:00,13,eval2026,clear,19.8000,49.0900,99.3800,1.3400,0.0000,4.0900,4.0073,0.0000,0.0000,0.0041,1,0.0000,0.0000,-0.7071,-0.7071,0.7579,0.6523,0.0000,0.0025,-0.0040,-0.0059,-0.0054,0.0062,0.0092,0.0000
2026-02-19 16:00:00,13,eval2026,clear,19.0000,50.4600,99.4100,1.5000,0.0000,4.1300,4.0073,0.0000,0.0000,0.0030,1,0.0000,0.0000,-0.8660,-0.5000,0.7579,0.6523,0.0000,0.0044,-0.0006,-0.0012,-0.0018,0.0080,0.0088,0.0000
2026-02-19 17:00:00,13,eval2026,clear,17.9600,52.5500,99.4200,1.6800,0.0000,4.1700,4.0073,0.0000,1.0000,0.0027,1,0.0000,0.0000,-0.9659,-0.2588,0.7579,0.6523,0.0000,0.0061,0.0026,0.0021,-0.0006,0.0063,0.0058,0.0000
2026-02-19 18:00:00,13,eval2026,clear,16.9600,54.9900,99.4000,1.8600,0.0000,4.2200,4.0073,0.0000,1.0000,0.0024,1,0.0000,0.0000,-1.0000,-0.0000,0.7579,0.6523,0.0000,0.0172,0.0117,0.0114,0.0085,0.0148,0.0093,0.0000
2026-02-19 19:00:00,13,eval2026,clear,15.9600,57.9800,99.3800,2.0200,0.0000,4.2600,4.0073,0.0000,1.0000,0.0020,1,0.0000,0.0000,-0.9659,0.2588,0.7579,0.6523,0.0000,0.0222,0.0166,0.0160,0.0105,0.0134,0.0026,0.0000
2026-02-19 20:00:00,13,eval2026,clear,15.0000,61.0900,99.3600,2.1700,0.0000,4.3000,3.4923,0.0000,1.0000,0.0017,1,0.0000,0.0000,-0.8660,0.5000,0.7579,0.6523,0.0000,0.0237,0.0176,0.0146,0.0069,0.0064,-0.0070,0.0000
2026-02-19 21:00:00,13,eval2026,clear,14.2800,63.3000,99.3300,2.2600,0.0000,4.3400,3.4923,0.0000,1.0000,0.0013,1,0.0000,0.0000,-0.7071,0.7071,0.7579,0.6523,0.0000,0.0199,0.0136,0.0084,0.0004,-0.0027,-0.0159,0.0000
2026-02-19 22:00:00,13,eval2026,clear,13.8700,64.3000,99.3100,2.2400,0.0000,3.0800,3.4923,0.0000,1.0000,0.0005,1,0.0000,0.0000,-0.5000,0.8660,0.7579,0.6523,0.0000,0.0167,0.0087,0.0010,-0.0049,-0.0081,-0.0197,0.0000
2026-02-19 23:00:00,13,eval2026,clear,13.6600,65.0000,99.3400,2.1600,0.0000,1.8100,3.2026,0.0000,1.0000,0.0001,1,0.0000,0.0000,-0.2588,0.9659,0.7579,0.6523,0.0000,0.0138,0.0042,-0.0056,-0.0082,-0.0101,-0.0199,0.0000
2026-03-08 00:00:00,14,eval2026,clear,19.4500,49.4300,98.7500,0.6700,0.0000,20.4600,2.9934,0.0000,1.0000,0.0000,1,0.0000,0.0000,0.0000,1.0000,0.9138,0.4061,0.0000,0.0136,0.0016,0.0005,0.0142,0.0202,0.0174,0.0000
2026-03-08 01:00:00,14,eval2026,clear,19.2700,52.4900,98.8200,0.7500,0.0000,17.4100,2.4945,0.0000,1.0000,0.0000,1,0.0000,0.0000,0.2588,0.9659,0.9138,0.4061,0.0000,0.0073,-0.0002,0.0021,0.0194,0.0271,0.0207,0.0000
2026-03-08 02:00:00,14,eval2026,clear,21.1000,47.2900,98.9000,0.9500,0.0000,13.7900,2.4945,0.0000,1.0000,0.0002,1,0.0000,0.0000,0.5000,0.8660,0.9138,0.4061,0.0000,0.0052,0.0023,0.0061,0.0233,0.0318,0.0225,0.0000
2026-03-08 03:00:00,14,eval2026,clear,24.0000,40.4200,98.9700,0.9200,0.0000,12.4700,1.8025,0.0000,0.0000,0.0001,1,0.0000,0.0000,0.7071,0.7071,0.9138,0.4061,0.0000,0.0098,0.0110,0.0134,0.0273,0.0350,0.0227,0.0000
2026-03-08 04:00:00,14,eval2026,clear,29.6100,27.7300,98.9700,1.8300,0.0000,10.1600,1.8025,0.0000,0.0000,0.0000,1,0.0000,0.0000,0.8660,0.5000,0.9138,0.4061,0.0000,0.0093,0.0170,0.0164,0.0216,0.0247,0.0152,0.0000
2026-03-08 05:00:00,14,eval2026,clear,33.1600,21.3000,98.9400,3.1500,0.0000,7.8000,1.8025,0.0000,0.0000,0.0000,1,0.0000,0.0000,0.9659,0.2588,0.9138,0.4061,0.0000,0.0118,0.0240,0.0203,0.0177,0.0173,0.0105,0.0000
2026-03-08 06:00:00,14,eval2026,clear,34.9300,18.3500,98.8400,3.7500,0.0000,5.5200,2.4945,0.0000,0.0000,0.0000,1,0.0000,0.0000,1.0000,0.0000,0.9138,0.4061,0.0000,0.0118,0.0268,0.0219,0.0139,0.0118,0.0067,0.0000
2026-03-08 07:00:00,14,eval2026,clear,36.1300,16.2600,98.7100,4.1300,0.0000,2.5600,3.4923,0.0000,0.0000,0.0000,1,0.0000,0.0000,0.9659,-0.2588,0.9138,0.4061,0.0000,0.0109,0.0261,0.0193,0.0077,0.0052,0.0021,0.0000
2026-03-08 08:00:00,14,eval2026,clear,36.8000,14.8400,98.5900,4.4000,0.0000,0.0000,4.5062,0.0000,0.0000,0.0000,1,0.0000,0.0000,0.8660,-0.5000,0.9138,0.4061,0.0000,0.0104,0.0236,0.0135,0.0004,-0.0011,-0.0004,0.0000
2026-03-08 09:00:00,14,eval2026,clear,36.8400,14.2200,98.5100,4.5500,0.0000,5.8600,5.0051,0.0000,0.0000,0.0000,1,0.0000,0.0000,0.7071,-0.7071,0.9138,0.4061,0.0000,0.0101,0.0203,0.0070,-0.0053,-0.0050,0.0012,0.0000
2026-03-08 10:00:00,14,eval2026,clear,36.0200,14.6000,98.4600,4.5000,0.0000,11.2700,5.0051,0.0000,0.0000,0.0000,1,0.0000,0.0000,0.5000,-0.8660,0.9138,0.4061,0.0000,0.0090,0.0170,0.0019,-0.0084,-0.0066,0.0046,0.0000
2026-03-08 11:00:00,14,eval2026,clear,33.0200,22.8800,98.4600,2.7700,0.0000,15.5400,5.0051,0.0000,0.0000,0.0000,1,0.0000,0.0000,0.2588,-0.9659,0.9138,0.4061,0.0000,0.0088,0.0151,0.0001,-0.0085,-0.0064,0.0080,0.0000
2026-03-08 12:00:00,14,eval2026,clear,27.6000,34.0300,98.5100,3.0500,0.0000,21.5000,5.0051,0.0000,0.0000,0.0000,1,0.0000,0.0000,0.0000,-1.0000,0.9138,0.4061,0.0000,0.0082,0.0114,-0.0007,-0.0068,-0.0035,0.0107,0.0000
2026-03-08 13:00:00,14,eval2026,clear,25.2700,37.1200,98.5800,3.2300,0.0000,28.4500,4.5062,0.0000,0.0000,0.0000,1,0.0000,0.0000,-0.2588,-0.9659,0.9138,0.4061,0.0000,0.0136,0.0121,0.0030,-0.0017,0.0033,0.0152,0.0000
2026-03-08 14:00:00,14,eval2026,clear,24.0300,40.0100,98.6700,3.1700,0.0000,14.5000,4.5062,0.0000,0.0000,0.0000,1,0.0000,0.0000,-0.5000,-0.8660,0.9138,0.4061,0.0000,0.0174,0.0140,0.0082,0.0036,0.0084,0.0167,0.0000
2026-03-08 15:00:00,14,eval2026,clear,23.2300,42.4500,98.7100,2.9800,0.0000,9.3900,4.5062,0.0000,0.0000,0.0000,1,0.0000,0.0000,-0.7071,-0.7071,0.9138,0.4061,0.0000,0.0229,0.0173,0.0132,0.0070,0.0105,0.0152,0.0000
2026-03-08 16:00:00,14,eval2026,clear,22.8000,44.2100,98.7400,2.7100,0.0000,7.3100,4.5062,0.0000,0.0000,0.0000,1,0.0000,0.0000,-0.8660,-0.5000,0.9138,0.4061,0.0000,0.0275,0.0197,0.0162,0.0082,0.0100,0.0118,0.0000
2026-03-08 17:00:00,14,eval2026,clear,22.4100,44.8000,98.7400,2.4200,0.0000,5.3100,4.5062,0.0000,0.0000,0.0000,1,0.0000,0.0000,-0.9659,-0.2588,0.9138,0.4061,0.0000,0.0313,0.0216,0.0176,0.0082,0.0081,0.0076,0.0000
2026-03-08 18:00:00,14,eval2026,clear,21.9200,45.7300,98.7100,2.1900,0.0000,3.3100,4.5062,0.0000,0.0000,0.0000,1,0.0000,0.0000,-1.0000,-0.0000,0.9138,0.4061,0.0000,0.0330,0.0221,0.0174,0.0071,0.0049,0.0030,0.0000
2026-03-08 19:00:00,14,eval2026,clear,21.2500,47.4900,98.6700,2.0500,0.0000,10.5600,4.5062,0.0000,0.0000,0.0000,1,0.0000,0.0000,-0.9659,0.2588,0.9138,0.4061,0.0000,0.0326,0.0210,0.0154,0.0049,0.0011,-0.0011,0.0000
2026-03-08 20:00:00,14,eval2026,clear,20.4200,49.3700,98.6100,2.0600,0.0000,4.2500,4.5062,0.0000,1.0000,0.0000,1,0.0000,0.0000,-0.8660,0.5000,0.9138,0.4061,0.0000,0.0304,0.0181,0.0117,0.0024,-0.0020,-0.0034,0.0000
2026-03-08 21:00:00,14,eval2026,clear,19.4000,52.2900,98.5700,2.2300,0.0000,3.2300,4.0073,0.0000,1.0000,0.0000,1,0.0000,0.0000,-0.7071,0.7071,0.9138,0.4061,0.0000,0.0496,0.0291,0.0186,0.0137,0.0112,0.0084,0.0000
2026-03-08 22:00:00,14,eval2026,clear,18.6200,55.0400,98.5600,2.4000,0.0000,2.2100,3.4923,0.0000,1.0000,0.0000,1,0.0000,0.0000,-0.5000,0.8660,0.9138,0.4061,0.0000,0.0503,0.0301,0.0207,0.0198,0.0173,0.0111,0.0000
2026-03-08 23:00:00,14,eval2026,clear,17.4500,58.4700,98.6000,2.7400,0.0000,1.1000,2.9934,0.0000,1.0000,0.0000,1,0.0000,0.0000,-0.2588,0.9659,0.9138,0.4061,0.0000,0.0423,0.0273,0.0211,0.0237,0.0201,0.0103,0.0000
2026-03-16 00:00:00,15,eval2026,mixed,15.9500,60.3600,98.5000,2.9800,0.0000,36.5700,4.0073,0.0000,0.0000,0.0000,1,0.0000,0.0000,0.0000,1.0000,0.9609,0.2769,0.0000,0.0290,0.0243,0.0244,0.0186,0.0149,0.0169,0.0000
2026-03-16 01:00:00,15,eval2026,mixed,17.2000,55.6100,98.5400,3.9700,0.0000,33.1400,4.0073,0.0000,0.0000,0.0000,1,0.0000,0.0000,0.2588,0.9659,0.9609,0.2769,0.0000,0.0247,0.0225,0.0240,0.0196,0.0183,0.0194,0.0000
2026-03-16 02:00:00,15,eval2026,mixed,20.0600,46.7200,98.5900,4.0300,0.0000,30.4600,4.5062,0.0000,0.0000,0.0000,1,0.0000,0.0000,0.5000,0.8660,0.9609,0.2769,0.0000,0.0261,0.0279,0.0297,0.0234,0.0217,0.0199,0.0000
2026-03-16 03:00:00,15,eval2026,mixed,24.8800,34.6600,98.6200,4.0100,0.0000,28.3200,5.0051,0.0000,0.0000,0.0000,1,0.0000,0.0000,0.7071,0.7071,0.9609,0.2769,0.0000,0.0287,0.0357,0.0361,0.0269,0.0242,0.0195,0.0000
2026-03-16 04:00:00,15,eval2026,mixed,28.6400,26.6200,98.6100,4.3100,0.0000,4.4200,5.0051,0.0000,0.0000,0.0000,1,0.0000,0.0000,0.8660,0.5000,0.9609,0.2769,0.0000,0.0268,0.0401,0.0377,0.0259,0.0219,0.0161,0.0000
2026-03-16 05:00:00,15,eval2026,mixed,30.9000,22.3500,98.5600,4.0900,0.0000,44.5600,5.0051,0.0000,0.0000,0.0000,1,0.0000,0.0000,0.9659,0.2588,0.9609,0.2769,0.0000,0.0200,0.0382,0.0332,0.0193,0.0147,0.0099,0.0000
2026-03-16 06:00:00,15,eval2026,mixed,32.6000,19.2500,98.4600,4.2700,0.0000,61.6500,5.0051,0.0000,0.0000,0.0000,1,0.0000,0.0000,1.0000,0.0000,0.9609,0.2769,0.0000,0.0131,0.0343,0.0264,0.0126,0.0077,0.0045,0.0000
2026-03-16 07:00:00,15,eval2026,mixed,33.6800,17.1400,98.3200,4.5800,0.0000,27.3600,5.0051,0.0000,0.0000,0.0000,1,0.0000,0.0000,0.9659,-0.2588,0.9609,0.2769,0.0000,0.0085,0.0309,0.0212,0.0087,0.0041,0.0036,0.0000
2026-03-16 08:00:00,15,eval2026,mixed,34.1400,15.8300,98.1700,4.8200,0.0000,6.4800,5.0051,0.0000,0.0000,0.0003,1,0.0000,0.0000,0.8660,-0.5000,0.9609,0.2769,0.0000,0.0025,0.0241,0.0138,0.0011,-0.0023,0.0017,0.0000
2026-03-16 09:00:00,15,eval2026,mixed,33.9300,15.4400,98.0800,4.6200,0.0000,5.4000,5.0051,0.0000,0.0000,0.0291,1,0.0000,0.0000,0.7071,-0.7071,0.9609,0.2769,0.0000,-0.0032,0.0162,0.0053,-0.0074,-0.0096,-0.0010,0.0000
2026-03-16 10:00:00,15,eval2026,mixed,33.1300,15.9600,98.0800,4.0100,0.0000,3.5300,5.0051,0.0000,0.0000,0.0426,1,0.0000,0.0000,0.5000,-0.8660,0.9609,0.2769,0.0000,-0.0087,0.0086,-0.0018,-0.0133,-0.0144,-0.0024,0.0000
2026-03-16 11:00:00,15,eval2026,mixed,31.5400,18.7500,98.0900,2.8800,0.0000,3.4600,5.0051,0.0000,0.0000,0.0242,1,0.0000,0.0000,0.2588,-0.9659,0.9609,0.2769,0.0000,-0.0087,0.0050,-0.0044,-0.0141,-0.0144,-0.0008,0.0000
2026-03-16 12:00:00,15,eval2026,mixed,26.9300,31.5600,98.1200,2.3900,0.0000,12.4800,5.0051,0.0000,0.0000,0.0020,1,0.0000,0.0000,0.0000,-1.0000,0.9609,0.2769,0.0000,-0.0039,0.0044,-0.0035,-0.0111,-0.0105,0.0022,0.0000
2026-03-16 13:00:00,15,eval2026,mixed,24.5000,33.4100,98.1700,2.9400,0.0000,18.9200,5.0051,0.0000,0.0000,0.0042,1,0.0000,0.0000,-0.2588,-0.9659,0.9609,0.2769,0.0000,0.0022,0.0042,-0.0009,-0.0055,-0.0024,0.0075,0.0000
2026-03-16 14:00:00,15,eval2026,mixed,23.4400,34.5500,98.2200,3.1600,0.0000,29.3600,5.0051,0.0000,0.0000,0.0005,1,0.0000,0.0000,-0.5000,-0.8660,0.9609,0.2769,0.0000,0.0078,0.0063,0.0033,-0.0001,0.0038,0.0102,0.0000
2026-03-16 15:00:00,15,eval2026,mixed,22.6000,35.9700,98.2700,3.1600,0.0000,54.0500,5.0051,0.0000,0.0000,0.0000,1,0.0000,0.0000,-0.7071,-0.7071,0.9609,0.2769,0.0000,0.0146,0.0114,0.0089,0.0050,0.0082,0.0112,0.0000
2026-03-16 16:00:00,15,eval2026,mixed,21.8600,37.7000,98.3000,2.9700,0.0000,99.5900,5.0051,0.0000,0.0000,0.0000,1,0.0000,0.0000,-0.8660,-0.5000,0.9609,0.2769,0.0000,0.0234,0.0197,0.0163,0.0113,0.0126,0.0124,0.0000
2026-03-16 17:00:00,15,eval2026,mixed,21.0400,39.7700,98.3200,2.7300,0.0000,99.6400,4.5062,0.0000,0.0000,0.0000,1,0.0000,0.0000,-0.9659,-0.2588,0.9609,0.2769,0.0000,0.0354,0.0340,0.0300,0.0239,0.0219,0.0176,0.0000
2026-03-16 18:00:00,15,eval2026,mixed,20.1800,41.8800,98.3500,2.4900,0.0000,99.5500,4.5062,0.0000,0.0000,0.0000,1,0.0000,0.0000,-1.0000,-0.0000,0.9609,0.2769,0.0000,0.0401,0.0469,0.0461,0.0349,0.0242,0.0141,0.0000
2026-03-16 19:00:00,15,eval2026,mixed,19.4500,43.4100,98.3700,2.4200,0.0000,98.6500,4.5062,0.0000,0.0000,0.0000,1,0.0000,0.0000,-0.9659,0.2588,0.9609,0.2769,0.0000,0.0382,0.0565,0.0606,0.0421,0.0196,0.0038,0.0000
2026-03-16 20:00:00,15,eval2026,mixed,18.9100,44.3300,98.3700,2.6800,0.0000,92.8300,4.5062,0.0000,0.0000,0.0000,1,0.0000,0.0000,-0.8660,0.5000,0.9609,0.2769,0.0000,0.0345,0.0629,0.0694,0.0429,0.0087,-0.0094,0.0000
2026-03-16 21:00:00,15,eval2026,mixed,18.8600,43.7300,98.3400,3.0500,0.0000,55.5300,4.5062,0.0000,0.0000,0.0000,1,0.0000,0.0000,-0.7071,0.7071,0.9609,0.2769,0.0000,0.0304,0.0623,0.0673,0.0359,-0.0046,-0.0191,0.0000
2026-03-16 22:00:00,15,eval2026,mixed,18.2000,45.1900,98.3200,3.0900,0.0000,8.3400,4.5062,0.0000,0.0000,0.0000,1,0.0000,0.0000,-0.5000,0.8660,0.9609,0.2769,0.0000,0.0143,0.0416,0.0437,0.0150,-0.0202,-0.0230,0.0000
2026-03-16 23:00:00,15,eval2026,mixed,16.8500,48.7300,98.3300,2.8300,0.0000,36.6200,4.5062,0.0000,0.0000,0.0000,1,0.0000,0.0000,-0.2588,0.9659,0.9609,0.2769,0.0000,-0.0030,0.0125,0.0103,-0.0101,-0.0300,-0.0191,0.0000
2026-03-19 00:00:00,16,eval2026,cloudy,18.4900,55.3400,98.7000,3.2000,0.1500,82.3300,4.0073,0.0000,1.0000,0.0270,1,0.0000,0.0000,0.0000,1.0000,0.9739,0.2270,0.3890,0.1192,0.0793,0.0331,-0.0034,0.0225,0.0170,0.0000
2026-03-19 01:00:00,16,eval2026,cloudy,18.9800,53.6500,98.7800,2.9900,0.0700,89.5500,4.0073,0.0000,1.0000,0.0263,1,0.0000,0.0000,0.2588,0.9659,0.9739,0.2270,0.2020,0.1339,0.0656,0.0243,0.0019,0.0441,0.0490,0.0000
2026-03-19 02:00:00,16,eval2026,cloudy,21.1200,46.4700,98.8800,3.1300,0.1700,95.3100,3.4923,0.0000,1.0000,0.0584,1,0.0000,0.0000,0.5000,0.8660,0.9739,0.2270,0.4331,0.0930,0.0433,0.0282,0.0223,0.0663,0.0716,0.0000
2026-03-19 03:00:00,16,eval2026,cloudy,24.3300,36.9200,98.9300,2.4500,0.0000,99.9500,4.0073,0.0000,1.0000,0.1426,1,0.0000,0.0000,0.7071,0.7071,0.9739,0.2270,0.0000,0.1353,0.0777,0.0614,0.0516,0.0842,0.0833,0.0000
2026-03-19 04:00:00,16,eval2026,cloudy,28.6300,24.9600,98.9400,2.7300,0.0000,99.8200,4.0073,0.0000,0.0000,0.1245,1,0.0000,0.0000,0.8660,0.5000,0.9739,0.2270,0.0000,0.0883,0.0757,0.0905,0.0868,0.1111,0.1141,0.0000
2026-03-19 05:00:00,16,eval2026,cloudy,30.4600,22.2400,98.9000,2.1600,0.0000,100.0000,4.0073,1.0000,0.0000,0.0056,1,0.0000,0.0000,0.9659,0.2588,0.9739,0.2270,0.0000,0.0613,0.0865,0.1099,0.0985,0.1068,0.1316,0.0000
2026-03-19 06:00:00,16,eval2026,cloudy,30.6300,22.0100,98.8400,1.9700,0.0000,100.0000,3.2026,1.0000,0.0000,0.0335,1,0.0000,0.0000,1.0000,0.0000,0.9739,0.2270,0.0000,0.1449,0.2119,0.2323,0.1976,0.1823,0.2440,0.0000
2026-03-19 07:00:00,16,eval2026,cloudy,30.4600,22.5200,98.7400,2.7000,0.0000,99.4700,2.0921,0.0000,0.0000,0.0155,1,0.0000,0.0000,0.9659,-0.2588,0.9739,0.2270,0.0000,0.2283,0.3170,0.3303,0.2881,0.2829,0.3836,0.0000
2026-03-19 08:00:00,16,eval2026,cloudy,30.5200,23.0300,98.6300,4.0600,0.0000,100.0000,2.4945,1.0000,0.0000,0.0257,1,0.0000,0.0000,0.8660,-0.5000,0.9739,0.2270,0.0000,0.1620,0.2394,0.2400,0.2124,0.2376,0.3526,0.0000
2026-03-19 09:00:00,16,eval2026,cloudy,29.3400,25.7100,98.5600,5.1700,0.0000,99.8700,2.9934,0.0000,0.0000,0.0463,1,0.0000,0.0000,0.7071,-0.7071,0.9739,0.2270,0.0000,0.2749,0.3337,0.3277,0.3297,0.4112,0.5782,0.0000
2026-03-19 10:00:00,16,eval2026,cloudy,26.5200,32.9300,98.5700,6.4900,0.0000,99.9700,3.4923,0.0000,0.0000,0.1151,1,0.0000,0.0000,0.5000,-0.8660,0.9739,0.2270,0.0000,0.1545,0.2039,0.2013,0.2302,0.3396,0.5152,0.0000
2026-03-19 11:00:00,16,eval2026,cloudy,23.3200,44.7000,98.6300,7.3500,0.0000,92.3700,2.9934,0.0000,0.0000,0.0178,1,0.0000,0.0000,0.2588,-0.9659,0.9739,0.2270,0.0000,0.2272,0.2392,0.2158,0.2358,0.3509,0.5234,0.0000
2026-03-19 12:00:00,16,eval2026,cloudy,21.2400,54.9300,98.6800,6.8400,0.0000,83.1000,2.4945,1.0000,0.0000,0.0554,1,0.0000,0.0000,0.0000,-1.0000,0.9739,0.2270,0.0000,0.1747,0.1974,0.2114,0.2507,0.3589,0.5041,0.0000
2026-03-19 13:00:00,16,eval2026,cloudy,20.3500,59.6300,98.7300,5.4600,0.0000,70.6000,2.4945,0.0000,1.0000,0.0549,1,0.0000,0.0000,-0.2588,-0.9659,0.9739,0.2270,0.0000,0.3001,0.3099,0.3525,0.4073,0.5236,0.6809,0.0000
2026-03-19 14:00:00,16,eval2026,cloudy,19.9900,61.4900,98.8000,4.5100,0.0000,82.8900,2.4945,1.0000,0.0000,0.0817,1,0.0000,0.0000,-0.5000,-0.8660,0.9739,0.2270,0.0000,0.1472,0.2075,0.2993,0.3653,0.4192,0.5062,0.0000
2026-03-19 15:00:00,16,eval2026,cloudy,19.7100,62.9300,98.8300,3.8100,0.0000,99.1400,2.0921,1.0000,0.0000,0.0332,1,0.0000,0.0000,-0.7071,-0.7071,0.9739,0.2270,0.0000,0.2923,0.2926,0.3679,0.4075,0.4444,0.5446,0.0000
2026-03-19 16:00:00,16,eval2026,cloudy,19.4600,64.3100,98.8100,3.2000,0.0000,99.6000,2.9934,1.0000,0.0000,0.0911,1,0.0000,0.0000,-0.8660,-0.5000,0.9739,0.2270,0.0000,0.2208,0.2121,0.3284,0.4054,0.4475,0.5624,0.0000
2026-03-19 17:00:00,16,eval2026,cloudy,19.0100,66.2500,98.7500,2.4200,0.0000,91.3800,2.9934,1.0000,0.0000,0.0939,1,0.0000,0.0000,-0.9659,-0.2588,0.9739,0.2270,0.0000,0.2529,0.2429,0.3842,0.4753,0.5063,0.6237,0.0000
2026-03-19 18:00:00,16,eval2026,cloudy,18.7700,67.5600,98.6800,2.1200,0.0500,83.1500,2.9934,0.0000,1.0000,0.0598,1,0.0000,0.0000,-1.0000,-0.0000,0.9739,0.2270,0.1511,0.2533,0.2472,0.4044,0.4973,0.5060,0.6134,0.0000
2026-03-19 19:00:00,16,eval2026,cloudy,18.6600,70.0100,98.6000,2.0700,0.2500,99.0500,2.9934,0.0000,1.0000,0.0348,1,0.0000,0.0000,-0.9659,0.2588,0.9739,0.2270,0.6027,0.2921,0.2799,0.3678,0.3673,0.2716,0.3095,0.0000
2026-03-19 20:00:00,16,eval2026,cloudy,18.5300,72.6500,98.5300,2.1200,0.6800,99.9500,2.9934,0.0000,1.0000,0.0283,1,0.0000,0.0000,-0.8660,0.5000,0.9739,0.2270,1.4146,0.5834,0.4652,0.4107,0.2972,0.1047,0.1041,0.0000
2026-03-19 21:00:00,16,eval2026,cloudy,18.0200,77.6900,98.5500,2.8300,0.4000,100.0000,2.9934,0.0000,1.0000,0.0746,1,0.0000,0.0000,-0.7071,0.7071,0.9739,0.2270,0.9005,1.0565,0.6874,0.4241,0.2208,0.0233,0.0530,0.0000
2026-03-19 22:00:00,16,eval2026,cloudy,17.3000,83.5700,98.6100,3.5800,0.1000,100.0000,2.9934,0.0000,1.0000,0.0218,1,0.0000,0.0000,-0.5000,0.8660,0.9739,0.2270,0.2746,0.6390,0.4287,0.3107,0.2448,0.1851,0.2138,0.0000
2026-03-19 23:00:00,16,eval2026,cloudy,17.0400,85.6000,98.6100,2.9400,0.1100,100.0000,1.8025,0.0000,1.0000,0.0137,1,0.0000,0.0000,-0.2588,0.9659,0.9739,0.2270,0.2980,0.3408,0.3339,0.3346,0.3182,0.2872,0.2656,0.0000
2026-03-20 00:00:00,17,eval2026,rain,16.9200,87.3100,98.6200,2.5300,0.3100,100.0000,0.9978,1.0000,0.0000,0.0783,1,0.0000,0.0000,0.0000,1.0000,0.9777,0.2102,0.7244,0.3190,0.3526,0.3556,0.3266,0.2834,0.2230,0.0000
2026-03-20 01:00:00,17,eval2026,rain,16.9800,88.2500,98.6800,2.5800,1.1300,100.0000,0.9978,1.0000,0.0000,0.1888,1,0.0000,0.0000,0.2588,0.9659,0.9777,0.2102,2.1749,0.5697,0.5381,0.4777,0.4235,0.3706,0.3163,0.0000
2026-03-20 02:00:00,17,eval2026,rain,17.3200,88.5800,98.7700,2.1300,1.9200,100.0000,0.9012,1.0000,0.0000,0.3797,1,0.0000,0.0000,0.5000,0.8660,0.9777,0.2102,3.3981,1.4595,0.8776,0.5015,0.3681,0.3586,0.3858,0.0000
2026-03-20 03:00:00,17,eval2026,rain,18.2300,87.2800,98.8200,1.3900,2.0000,100.0000,0.9012,1.0000,0.0000,0.3755,1,0.0000,0.0000,0.7071,0.7071,0.9777,0.2102,3.5164,1.8867,0.8657,0.3378,0.2248,0.2861,0.3510,0.0000
2026-03-20 04:00:00,17,eval2026,rain,19.5300,81.8500,98.8200,0.7600,0.8800,100.0000,1.2070,1.0000,0.0000,0.1604,1,0.0000,0.0000,0.8660,0.5000,0.9777,0.2102,1.7603,1.4119,0.5705,0.2467,0.2325,0.2571,0.1904,0.0000
2026-03-20 05:00:00,17,eval2026,rain,20.5700,73.8100,98.7900,1.0200,0.3100,100.0000,1.3036,1.0000,0.0000,0.0988,1,0.0000,0.0000,0.9659,0.2588,0.9777,0.2102,0.7244,0.6906,0.3934,0.3511,0.3577,0.2940,0.1162,0.0000
2026-03-20 06:00:00,17,eval2026,rain,20.9300,70.1400,98.7400,1.5700,0.2400,100.0000,1.4967,1.0000,0.0000,0.0585,1,0.0000,0.0000,1.0000,0.0000,0.9777,0.2102,0.5820,0.4149,0.4014,0.4471,0.4213,0.3789,0.2256,0.0000
2026-03-20 07:00:00,17,eval2026,rain,21.0100,68.1900,98.6900,1.8600,0.3200,100.0000,1.8025,1.0000,0.0000,0.0023,1,0.0000,0.0000,0.9659,-0.2588,0.9777,0.2102,0.7443,0.3251,0.4320,0.5356,0.5673,0.6329,0.5359,0.0000
2026-03-20 08:00:00,17,eval2026,rain,21.1100,66.8500,98.6200,1.9400,0.5400,100.0000,2.4945,0.0000,1.0000,0.0047,1,0.0000,0.0000,0.8660,-0.5000,0.9777,0.2102,1.1629,0.3649,0.5822,0.7984,0.9829,1.1597,1.0823,0.0000
2026-03-20 09:00:00,17,eval2026,rain,21.3500,64.7800,98.5600,2.0000,0.5200,99.1400,2.8003,0.0000,1.0000,0.0267,1,0.0000,0.0000,0.7071,-0.7071,0.9777,0.2102,1.1261,1.0203,1.1530,1.2499,1.2517,1.2247,0.9662,0.0000
2026-03-20 10:00:00,17,eval2026,rain,21.4300,63.2300,98.5400,1.7700,0.4300,86.8500,2.8003,0.0000,1.0000,0.0284,1,0.0000,0.0000,0.5000,-0.8660,0.9777,0.2102,0.9578,1.3019,1.3395,1.2896,1.0665,0.8703,0.6015,0.0000
2026-03-20 11:00:00,17,eval2026,rain,21.0300,64.6400,98.5800,1.0200,0.4100,76.3700,3.2026,0.0000,0.0000,0.0045,1,0.0000,0.0000,0.2588,-0.9659,0.9777,0.2102,0.9197,1.1075,1.0877,0.9760,0.7430,0.5789,0.4256,0.0000
2026-03-20 12:00:00,17,eval2026,rain,20.2000,72.5100,98.6500,0.3900,0.2500,61.2900,3.4923,0.0000,0.0000,0.0072,1,0.0000,0.0000,0.0000,-1.0000,0.9777,0.2102,0.6027,0.9643,0.8651,0.7150,0.5376,0.4606,0.4353,0.0000
2026-03-20 13:00:00,17,eval2026,rain,19.2500,74.8000,98.7200,0.8300,0.1100,44.0000,3.4923,0.0000,0.0000,0.0237,1,0.0000,0.0000,-0.2588,-0.9659,0.9777,0.2102,0.2980,0.6053,0.5517,0.4602,0.3709,0.3522,0.4158,0.0000
2026-03-20 14:00:00,17,eval2026,rain,18.5800,76.9500,98.8000,1.1100,0.0600,32.8400,3.4923,0.0000,1.0000,0.0363,1,0.0000,0.0000,-0.5000,-0.8660,0.9777,0.2102,0.1769,0.3435,0.2966,0.2397,0.2047,0.2204,0.3378,0.0000
2026-03-20 15:00:00,17,eval2026,rain,18.1800,76.7700,98.8500,1.0800,0.2200,43.7500,3.4923,0.0000,1.0000,0.0555,1,0.0000,0.0000,-0.7071,-0.7071,0.9777,0.2102,0.5402,0.2409,0.1914,0.1735,0.1785,0.2141,0.3189,0.0000
2026-03-20 16:00:00,17,eval2026,rain,17.7900,78.0800,98.8800,1.0400,0.5700,9.9700,3.4923,0.0000,1.0000,0.0228,1,0.0000,0.0000,-0.8660,-0.5000,0.9777,0.2102,1.2176,0.4671,0.3507,0.3192,0.3292,0.3707,0.4388,0.0000
2026-03-20 17:00:00,17,eval2026,rain,17.1700,80.9600,98.8800,1.0200,0.5400,4.4200,3.4923,0.0000,1.0000,0.0064,1,0.0000,0.0000,-0.9659,-0.2588,0.9777,0.2102,1.1629,0.9460,0.6862,0.5620,0.5020,0.5094,0.5234,0.0000
2026-03-20 18:00:00,17,eval2026,rain,16.7600,82.4100,98.8500,1.1000,0.3900,2.7600,3.4923,0.0000,1.0000,0.0038,1,0.0000,0.0000,-1.0000,-0.0000,0.9777,0.2102,0.8813,0.9186,0.7335,0.6385,0.5688,0.5328,0.4907,0.0000
2026-03-20 19:00:00,17,eval2026,rain,16.2500,84.6600,98.8000,1.1200,0.2200,15.9900,3.4923,0.0000,1.0000,0.0021,1,0.0000,0.0000,-0.9659,0.2588,0.9777,0.2102,0.5402,0.7673,0.6903,0.6197,0.5390,0.4675,0.4007,0.0000
2026-03-20 20:00:00,17,eval2026,rain,15.7500,87.1000,98.7500,0.9000,0.0700,42.2900,3.4923,0.0000,1.0000,0.0009,1,0.0000,0.0000,-0.8660,0.5000,0.9777,0.2102,0.2020,0.6024,0.6026,0.5506,0.4710,0.3837,0.3165,0.0000
2026-03-20 21:00:00,17,eval2026,rain,15.8600,86.6400,98.7100,0.4700,0.0100,69.5900,3.4923,0.0000,1.0000,0.0002,1,0.0000,0.0000,-0.7071,0.7071,0.9777,0.2102,0.0376,0.4492,0.4956,0.4630,0.3990,0.3150,0.2637,0.0000
2026-03-20 22:00:00,17,eval2026,rain,15.4500,88.9500,98.7200,0.1400,0.0000,70.1500,2.8003,0.0000,1.0000,0.0005,1,0.0000,0.0000,-0.5000,0.8660,0.9777,0.2102,0.0000,0.3444,0.4090,0.3911,0.3484,0.2752,0.2434,0.0000
2026-03-20 23:00:00,17,eval2026,rain,14.8400,92.2600,98.7600,0.6200,0.0100,74.0300,2.4945,0.0000,1.0000,0.0051,1,0.0000,0.0000,-0.2588,0.9659,0.9777,0.2102,0.0376,0.2808,0.3483,0.3402,0.3134,0.2452,0.2238,0.0000
2026-03-22 00:00:00,18,eval2026,mixed,13.9500,68.6000,98.8300,2.5400,0.0000,1.4700,2.2048,0.0000,1.0000,0.0003,1,0.0000,0.0000,0.0000,1.0000,0.9843,0.1765,0.0000,0.0199,0.0066,0.0049,0.0142,0.0211,0.0214,0.0000
2026-03-22 01:00:00,18,eval2026,mixed,15.6800,61.5700,98.8900,3.2200,0.0000,1.6600,1.4967,0.0000,1.0000,0.0034,1,0.0000,0.0000,0.2588,0.9659,0.9843,0.1765,0.0000,0.0178,0.0127,0.0142,0.0239,0.0274,0.0186,0.0000
2026-03-22 02:00:00,18,eval2026,mixed,18.4100,53.1000,98.9800,3.2000,0.0000,1.8400,1.2070,0.0000,1.0000,0.0004,1,0.0000,0.0000,0.5000,0.8660,0.9843,0.1765,0.0000,0.0179,0.0218,0.0255,0.0315,0.0295,0.0125,0.0000
2026-03-22 03:00:00,18,eval2026,mixed,23.6000,37.3100,99.0200,3.9600,0.0000,2.0300,1.0944,0.0000,1.0000,0.0000,1,0.0000,0.0000,0.7071,0.7071,0.9843,0.1765,0.0000,0.0174,0.0291,0.0332,0.0335,0.0266,0.0039,0.0000
2026-03-22 04:00:00,18,eval2026,mixed,27.3300,29.1100,99.0100,5.2900,0.0000,2.2100,1.3036,0.0000,0.0000,0.0002,1,0.0000,0.0000,0.8660,0.5000,0.9843,0.1765,0.0000,0.0126,0.0311,0.0338,0.0273,0.0169,-0.0088,0.0000
2026-03-22 05:00:00,18,eval2026,mixed,29.3700,27.4300,98.9900,6.1500,0.0000,6.5200,2.4945,0.0000,0.0000,0.0010,1,0.0000,0.0000,0.9659,0.2588,0.9843,0.1765,0.0000,0.0051,0.0287,0.0284,0.0144,0.0029,-0.0183,0.0000
2026-03-22 06:00:00,18,eval2026,mixed,30.6700,26.8300,98.9000,6.5300,0.0000,27.4400,4.0073,0.0000,0.0000,0.0000,1,0.0000,0.0000,1.0000,0.0000,0.9843,0.1765,0.0000,0.0094,0.0321,0.0257,0.0061,-0.0035,-0.0180,0.0000
2026-03-22 07:00:00,18,eval2026,mixed,31.4200,26.2900,98.7800,6.7800,0.0000,34.2100,5.0051,0.0000,0.0000,0.0000,1,0.0000,0.0000,0.9659,-0.2588,0.9843,0.1765,0.0000,0.0196,0.0390,0.0269,0.0063,-0.0000,-0.0075,0.0000
2026-03-22 08:00:00,18,eval2026,mixed,31.6700,25.9600,98.6800,6.8700,0.0000,30.0100,6.0029,0.0000,0.0000,0.0000,1,0.0000,0.0000,0.8660,-0.5000,0.9843,0.1765,0.0000,0.0261,0.0428,0.0276,0.0100,0.0077,0.0077,0.0000
2026-03-22 09:00:00,18,eval2026,mixed,31.4900,25.9700,98.5900,6.5400,0.0000,7.3600,9.9940,0.0000,0.0000,0.0001,1,0.0000,0.0000,0.7071,-0.7071,0.9843,0.1765,0.0000,0.0253,0.0398,0.0242,0.0112,0.0134,0.0215,0.0000
2026-03-22 10:00:00,18,eval2026,mixed,30.8100,26.6300,98.5500,5.9600,0.0000,9.6400,9.9940,0.0000,0.0000,0.0301,1,0.0000,0.0000,0.5000,-0.8660,0.9843,0.1765,0.0000,0.0035,0.0155,0.0023,-0.0030,0.0068,0.0286,0.0000
2026-03-22 11:00:00,18,eval2026,mixed,29.5800,28.5000,98.5500,5.1400,0.0000,17.6700,9.9940,0.0000,0.0000,0.0320,1,0.0000,0.0000,0.2588,-0.9659,0.9843,0.1765,0.0000,0.0024,0.0083,-0.0012,-0.0002,0.0118,0.0406,0.0000
2026-03-22 12:00:00,18,eval2026,mixed,25.9700,39.4900,98.5800,2.9300,0.0000,23.5800,7.0006,0.0000,0.0000,0.0317,1,0.0000,0.0000,0.0000,-1.0000,0.9843,0.1765,0.0000,0.0107,0.0105,0.0047,0.0088,0.0201,0.0511,0.0000
2026-03-22 13:00:00,18,eval2026,mixed,23.1700,47.4300,98.6300,2.8500,0.0000,33.9200,6.0029,0.0000,0.0000,0.0329,1,0.0000,0.0000,-0.2588,-0.9659,0.9843,0.1765,0.0000,0.0190,0.0137,0.0124,0.0170,0.0252,0.0522,0.0000
2026-03-22 14:00:00,18,eval2026,mixed,22.2500,49.4900,98.7000,2.8100,0.0000,5.8300,5.0051,0.0000,0.0000,0.0211,1,0.0000,0.0000,-0.5000,-0.8660,0.9843,0.1765,0.0000,0.0303,0.0192,0.0187,0.0214,0.0278,0.0513,0.0000
2026-03-22 15:00:00,18,eval2026,mixed,21.5500,51.1300,98.7500,2.6400,0.0000,12.9800,5.0051,0.0000,0.0000,0.0143,1,0.0000,0.0000,-0.7071,-0.7071,0.9843,0.1765,0.0000,0.0410,0.0231,0.0209,0.0177,0.0204,0.0388,0.0000
2026-03-22 16:00:00,18,eval2026,mixed,21.0700,51.9700,98.7600,2.3600,0.0000,34.6400,5.0051,0.0000,0.0000,0.0118,1,0.0000,0.0000,-0.8660,-0.5000,0.9843,0.1765,0.0000,0.0467,0.0246,0.0214,0.0159,0.0173,0.0313,0.0000
2026-03-22 17:00:00,18,eval2026,mixed,20.7700,52.8600,98.7500,2.1900,0.0000,82.4800,4.5062,0.0000,0.0000,0.0086,1,0.0000,0.0000,-0.9659,-0.2588,0.9843,0.1765,0.0000,0.0553,0.0302,0.0244,0.0181,0.0186,0.0289,0.0000
2026-03-22 18:00:00,18,eval2026,mixed,20.3800,53.8100,98.7200,2.0300,0.0000,99.6600,4.0073,0.0000,0.0000,0.0061,1,0.0000,0.0000,-1.0000,-0.0000,0.9843,0.1765,0.0000,0.0761,0.0456,0.0331,0.0260,0.0258,0.0345,0.0000
2026-03-22 19:00:00,18,eval2026,mixed,20.0900,55.7700,98.6900,1.9200,0.1800,98.8400,4.0073,0.0000,0.0000,0.0036,1,0.0000,0.0000,-0.9659,0.2588,0.9843,0.1765,0.4548,0.0979,0.0617,0.0440,0.0357,0.0347,0.0434,0.0000
2026-03-22 20:00:00,18,eval2026,mixed,19.7100,58.8400,98.6300,1.8300,0.1800,99.5800,3.4923,0.0000,0.0000,0.0037,1,0.0000,0.0000,-0.8660,0.5000,0.9843,0.1765,0.4548,0.1961,0.1259,0.0889,0.0716,0.0682,0.0795,0.0000
2026-03-22 21:00:00,18,eval2026,mixed,19.1000,61.4300,98.5600,1.8100,0.1800,99.6800,3.4923,0.0000,0.0000,0.0150,1,0.0000,0.0000,-0.7071,0.7071,0.9843,0.1765,0.4548,0.2352,0.1549,0.1288,0.1138,0.1059,0.1143,0.0000
2026-03-22 22:00:00,18,eval2026,mixed,18.5600,64.8500,98.5600,1.7300,0.0300,99.9000,3.4923,0.0000,0.0000,0.0821,1,0.0000,0.0000,-0.5000,0.8660,0.9843,0.1765,0.0973,0.2491,0.1745,0.1661,0.1553,0.1435,0.1493,0.0000
2026-03-22 23:00:00,18,eval2026,mixed,18.3000,67.6000,98.6200,1.6300,0.0300,100.0000,3.4923,0.0000,0.0000,0.0634,1,0.0000,0.0000,-0.2588,0.9659,0.9843,0.1765,0.0973,0.1833,0.1526,0.1815,0.1879,0.1871,0.1966,0.0000
2026-03-28 00:00:00,19,eval2026,mixed,19.1300,67.1100,98.2500,1.2000,0.0000,21.5400,2.9934,0.0000,1.0000,0.0000,1,0.0000,0.0000,0.0000,1.0000,0.9972,0.0741,0.0000,0.0077,0.0098,0.0250,0.0385,0.0436,0.0417,0.0000
2026-03-28 01:00:00,19,eval2026,mixed,20.2300,63.8400,98.3100,1.5800,0.0000,22.5200,2.2048,0.0000,1.0000,0.0000,1,0.0000,0.0000,0.2588,0.9659,0.9972,0.0741,0.0000,0.0322,0.0283,0.0441,0.0647,0.0761,0.0667,0.0000
2026-03-28 02:00:00,19,eval2026,mixed,23.1700,54.0800,98.3700,1.8400,0.0000,25.7700,2.2048,0.0000,0.0000,0.0000,1,0.0000,0.0000,0.5000,0.8660,0.9972,0.0741,0.0000,0.0450,0.0466,0.0663,0.0884,0.0994,0.0784,0.0000
2026-03-28 03:00:00,19,eval2026,mixed,27.5900,40.4600,98.4000,2.0500,0.0000,28.2100,2.8003,0.0000,0.0000,0.0000,1,0.0000,0.0000,0.7071,0.7071,0.9972,0.0741,0.0000,0.0475,0.0618,0.0830,0.0963,0.1003,0.0730,0.0000
2026-03-28 04:00:00,19,eval2026,mixed,30.0600,34.0400,98.4000,2.3200,0.0000,45.3900,4.0073,0.0000,0.0000,0.0000,1,0.0000,0.0000,0.8660,0.5000,0.9972,0.0741,0.0000,0.0553,0.0751,0.0895,0.0899,0.0858,0.0566,0.0000
2026-03-28 05:00:00,19,eval2026,mixed,32.0400,29.6500,98.3800,2.5400,0.0000,69.1900,5.0051,0.0000,0.0000,0.0000,1,0.0000,0.0000,0.9659,0.2588,0.9972,0.0741,0.0000,0.0562,0.0733,0.0764,0.0674,0.0620,0.0383,0.0000
2026-03-28 06:00:00,19,eval2026,mixed,33.0000,27.3200,98.2900,2.4700,0.0000,93.2000,6.0029,0.0000,0.0000,0.0000,1,0.0000,0.0000,1.0000,0.0000,0.9972,0.0741,0.0000,0.0435,0.0555,0.0492,0.0385,0.0386,0.0266,0.0000
2026-03-28 07:00:00,19,eval2026,mixed,32.8400,26.8400,98.1800,2.4100,0.0000,90.0000,6.0029,0.0000,0.0000,0.0000,1,0.0000,0.0000,0.9659,-0.2588,0.9972,0.0741,0.0000,0.0239,0.0326,0.0212,0.0156,0.0246,0.0271,0.0000
2026-03-28 08:00:00,19,eval2026,mixed,32.6700,26.6600,98.0800,2.6500,0.0000,51.0600,6.0029,0.0000,0.0000,0.0000,1,0.0000,0.0000,0.8660,-0.5000,0.9972,0.0741,0.0000,0.0118,0.0204,0.0087,0.0069,0.0206,0.0333,0.0000
2026-03-28 09:00:00,19,eval2026,mixed,32.5500,26.6700,98.0200,2.9800,0.0000,59.7600,6.0029,0.0000,0.0000,0.0000,1,0.0000,0.0000,0.7071,-0.7071,0.9972,0.0741,0.0000,0.0081,0.0169,0.0055,0.0020,0.0141,0.0321,0.0000
2026-03-28 10:00:00,19,eval2026,mixed,31.6700,28.2200,97.9800,2.8100,0.0000,76.8100,6.0029,0.0000,0.0000,0.0001,1,0.0000,0.0000,0.5000,-0.8660,0.9972,0.0741,0.0000,0.0068,0.0160,0.0064,0.0029,0.0130,0.0333,0.0000
2026-03-28 11:00:00,19,eval2026,mixed,30.1800,35.4400,97.9800,1.8200,0.0000,80.0600,6.0029,0.0000,0.0000,0.0001,1,0.0000,0.0000,0.2588,-0.9659,0.9972,0.0741,0.0000,0.0085,0.0189,0.0131,0.0119,0.0208,0.0414,0.0000
2026-03-28 12:00:00,19,eval2026,mixed,27.8300,44.2200,98.0100,1.9600,0.0000,83.4300,5.0051,0.0000,0.0000,0.0003,1,0.0000,0.0000,0.0000,-1.0000,0.9972,0.0741,0.0000,0.0129,0.0236,0.0231,0.0256,0.0354,0.0559,0.0000
2026-03-28 13:00:00,19,eval2026,mixed,26.4000,45.6200,98.0300,2.1000,0.0000,87.1100,5.0051,0.0000,0.0000,0.0016,1,0.0000,0.0000,-0.2588,-0.9659,0.9972,0.0741,0.0000,0.0221,0.0344,0.0405,0.0450,0.0543,0.0712,0.0000
2026-03-28 14:00:00,19,eval2026,mixed,25.7200,46.6200,98.0800,2.1400,0.0000,50.0900,5.0051,0.0000,0.0000,0.0010,1,0.0000,0.0000,-0.5000,-0.8660,0.9972,0.0741,0.0000,0.0294,0.0459,0.0588,0.0626,0.0695,0.0806,0.0000
2026-03-28 15:00:00,19,eval2026,mixed,25.1000,46.4800,98.1200,2.0200,0.0000,55.3500,5.0051,0.0000,0.0000,0.0004,1,0.0000,0.0000,-0.7071,-0.7071,0.9972,0.0741,0.0000,0.0385,0.0557,0.0683,0.0616,0.0600,0.0650,0.0000
2026-03-28 16:00:00,19,eval2026,mixed,25.1300,46.7400,98.1300,1.7300,0.0000,43.8500,5.0051,0.0000,0.0000,0.0005,1,0.0000,0.0000,-0.8660,-0.5000,0.9972,0.0741,0.0000,0.0439,0.0605,0.0722,0.0578,0.0500,0.0501,0.0000
2026-03-28 17:00:00,19,eval2026,mixed,24.8500,47.2900,98.1300,1.5800,0.0000,24.7500,4.5062,0.0000,0.0000,0.0004,1,0.0000,0.0000,-0.9659,-0.2588,0.9972,0.0741,0.0000,0.0486,0.0635,0.0731,0.0523,0.0389,0.0365,0.0000
2026-03-28 18:00:00,19,eval2026,mixed,23.7900,49.7900,98.1100,1.9000,0.0000,24.7000,4.5062,0.0000,0.0000,0.0002,1,0.0000,0.0000,-1.0000,-0.0000,0.9972,0.0741,0.0000,0.0502,0.0637,0.0720,0.0471,0.0281,0.0244,0.0000
2026-03-28 19:00:00,19,eval2026,mixed,22.4600,52.7300,98.0700,2.3800,0.0000,37.8000,4.0073,0.0000,0.0000,0.0010,1,0.0000,0.0000,-0.9659,0.2588,0.9972,0.0741,0.0000,0.0537,0.0628,0.0687,0.0432,0.0226,0.0204,0.0000
2026-03-28 20:00:00,19,eval2026,mixed,21.3100,54.9500,98.0300,2.7000,0.0000,58.7300,4.0073,0.0000,0.0000,0.0032,1,0.0000,0.0000,-0.8660,0.5000,0.9972,0.0741,0.0000,0.0534,0.0592,0.0644,0.0417,0.0212,0.0210,0.0000
2026-03-28 21:00:00,19,eval2026,mixed,20.6400,56.4100,98.0000,2.7700,0.0000,55.9500,4.0073,0.0000,0.0000,0.0056,1,0.0000,0.0000,-0.7071,0.7071,0.9972,0.0741,0.0000,0.0515,0.0555,0.0599,0.0420,0.0229,0.0245,0.0000
2026-03-28 22:00:00,19,eval2026,mixed,20.3300,57.4400,98.0000,2.7100,0.0000,33.0700,4.0073,0.0000,0.0000,0.0093,1,0.0000,0.0000,-0.5000,0.8660,0.9972,0.0741,0.0000,0.0392,0.0447,0.0494,0.0371,0.0213,0.0255,0.0000
2026-03-28 23:00:00,19,eval2026,mixed,20.2100,57.9500,98.0400,2.6100,0.0000,67.1100,4.0073,0.0000,0.0000,0.0140,1,0.0000,0.0000,-0.2588,0.9659,0.9972,0.0741,0.0000,0.0198,0.0279,0.0331,0.0266,0.0171,0.0243,0.0000
2026-04-21 00:00:00,20,eval2026,clear,22.7100,36.4600,98.0900,2.8100,0.0000,5.8800,3.2026,0.0000,0.0000,0.0000,1,0.0000,0.0000,0.0000,1.0000,0.9432,-0.3322,0.0000,0.0154,0.0127,0.0114,0.0083,-0.0023,-0.0100,0.0000
2026-04-21 01:00:00,20,eval2026,clear,26.2700,29.3800,98.1400,3.3100,0.0000,2.1900,2.4945,0.0000,0.0000,0.0000,1,0.0000,0.0000,0.2588,0.9659,0.9432,-0.3322,0.0000,0.0112,0.0125,0.0142,0.0115,0.0022,-0.0088,0.0000
2026-04-21 02:00:00,20,eval2026,clear,29.5800,24.2700,98.1800,3.1300,0.0000,4.4200,2.0921,0.0000,0.0000,0.0000,1,0.0000,0.0000,0.5000,0.8660,0.9432,-0.3322,0.0000,0.0076,0.0146,0.0192,0.0154,0.0058,-0.0091,0.0000
2026-04-21 03:00:00,20,eval2026,clear,34.9800,16.4500,98.2100,5.1900,0.0000,3.6800,2.4945,0.0000,0.0000,0.0000,1,0.0000,0.0000,0.7071,0.7071,0.9432,-0.3322,0.0000,0.0060,0.0179,0.0243,0.0190,0.0082,-0.0101,0.0000
2026-04-21 04:00:00,20,eval2026,clear,38.2100,12.4800,98.2200,7.6900,0.0000,2.9500,2.9934,0.0000,0.0000,0.0000,1,0.0000,0.0000,0.8660,0.5000,0.9432,-0.3322,0.0000,0.0062,0.0224,0.0259,0.0150,0.0024,-0.0164,0.0000
2026-04-21 05:00:00,20,eval2026,clear,39.6600,11.5700,98.1900,8.3300,0.0000,2.2100,2.9934,0.0000,0.0000,0.0000,1,0.0000,0.0000,0.9659,0.2588,0.9432,-0.3322,0.0000,0.0071,0.0281,0.0250,0.0076,-0.0061,-0.0224,0.0000
2026-04-21 06:00:00,20,eval2026,clear,40.7000,11.1600,98.1100,8.4900,0.0000,1.4700,4.5062,0.0000,0.0000,0.0000,1,0.0000,0.0000,1.0000,0.0000,0.9432,-0.3322,0.0000,0.0081,0.0323,0.0235,0.0028,-0.0109,-0.0243,0.0000
2026-04-21 07:00:00,20,eval2026,clear,41.3300,10.9000,98.0100,8.4400,0.0000,0.7400,5.0051,0.0000,0.0000,0.0000,1,0.0000,0.0000,0.9659,-0.2588,0.9432,-0.3322,0.0000,0.0147,0.0379,0.0224,0.0017,-0.0089,-0.0155,0.0000
2026-04-21 08:00:00,20,eval2026,clear,41.5500,10.7000,97.9000,8.4100,0.0000,0.0000,6.0029,0.0000,0.0000,0.0000,1,0.0000,0.0000,0.8660,-0.5000,0.9432,-0.3322,0.0000,0.0184,0.0394,0.0197,0.0015,-0.0057,-0.0044,0.0000
2026-04-21 09:00:00,20,eval2026,clear,41.2100,10.7900,97.8200,8.3800,0.0000,2.9800,6.0029,0.0000,0.0000,0.0000,1,0.0000,0.0000,0.7071,-0.7071,0.9432,-0.3322,0.0000,0.0194,0.0381,0.0157,0.0011,-0.0027,0.0081,0.0000
2026-04-21 10:00:00,20,eval2026,clear,40.4300,11.1200,97.7800,8.2100,0.0000,6.0800,6.0029,0.0000,0.0000,0.0000,1,0.0000,0.0000,0.5000,-0.8660,0.9432,-0.3322,0.0000,0.0207,0.0375,0.0149,0.0035,0.0009,0.0179,0.0000
2026-04-21 11:00:00,20,eval2026,clear,39.1900,11.7900,97.8000,7.7000,0.0000,8.9600,6.0029,0.0000,0.0000,0.0000,1,0.0000,0.0000,0.2588,-0.9659,0.9432,-0.3322,0.0000,0.0216,0.0373,0.0164,0.0070,0.0040,0.0244,0.0000
2026-04-21 12:00:00,20,eval2026,clear,36.9700,13.5300,97.8500,5.5700,0.0000,10.1000,6.0029,0.0000,0.0000,0.0000,1,0.0000,0.0000,0.0000,-1.0000,0.9432,-0.3322,0.0000,0.0230,0.0380,0.0194,0.0107,0.0064,0.0276,0.0000
2026-04-21 13:00:00,20,eval2026,clear,32.4200,18.4500,97.9300,3.5100,0.0000,14.9200,6.0029,0.0000,0.0000,0.0000,1,0.0000,0.0000,-0.2588,-0.9659,0.9432,-0.3322,0.0000,0.0184,0.0323,0.0181,0.0096,0.0042,0.0236,0.0000
2026-04-21 14:00:00,20,eval2026,clear,30.7400,20.6600,98.0200,3.3300,0.0000,13.2700,5.0051,0.0000,0.0000,0.0000,1,0.0000,0.0000,-0.5000,-0.8660,0.9432,-0.3322,0.0000,0.0087,0.0206,0.0124,0.0055,0.0007,0.0159,0.0000
2026-04-21 15:00:00,20,eval2026,clear,29.5200,22.2500,98.0700,3.2300,0.0000,7.2400,5.0051,0.0000,0.0000,0.0000,1,0.0000,0.0000,-0.7071,-0.7071,0.9432,-0.3322,0.0000,0.0116,0.0176,0.0106,0.0028,-0.0030,0.0082,0.0000
2026-04-21 16:00:00,20,eval2026,clear,28.4300,23.4500,98.0800,3.1700,0.0000,2.7600,5.0051,0.0000,0.0000,0.0000,1,0.0000,0.0000,-0.8660,-0.5000,0.9432,-0.3322,0.0000,0.0170,0.0166,0.0086,-0.0005,-0.0067,0.0014,0.0000
2026-04-21 17:00:00,20,eval2026,clear,27.3900,24.5800,98.0700,3.0900,0.0000,0.5500,5.0051,0.0000,0.0000,0.0000,1,0.0000,0.0000,-0.9659,-0.2588,0.9432,-0.3322,0.0000,0.0258,0.0188,0.0082,-0.0017,-0.0089,-0.0034,0.0000
2026-04-21 18:00:00,20,eval2026,clear,26.4000,25.6800,98.0500,2.9900,0.0000,9.0200,5.0051,0.0000,0.0000,0.0000,1,0.0000,0.0000,-1.0000,-0.0000,0.9432,-0.3322,0.0000,0.0352,0.0225,0.0089,-0.0014,-0.0098,-0.0062,0.0000
2026-04-21 19:00:00,20,eval2026,clear,25.5000,26.6400,98.0200,2.9100,0.0000,35.1000,5.0051,0.0000,0.0000,0.0000,1,0.0000,0.0000,-0.9659,0.2588,0.9432,-0.3322,0.0000,0.0437,0.0266,0.0099,-0.0005,-0.0103,-0.0075,0.0000
2026-04-21 20:00:00,20,eval2026,clear,24.7600,27.6300,97.9800,2.8300,0.0000,27.1500,5.0051,0.0000,0.0000,0.0000,1,0.0000,0.0000,-0.8660,0.5000,0.9432,-0.3322,0.0000,0.0521,0.0311,0.0104,0.0003,-0.0112,-0.0078,0.0000
2026-04-21 21:00:00,20,eval2026,clear,24.2000,28.5200,97.9600,2.6500,0.0000,21.8000,4.0073,0.0000,0.0000,0.0000,1,0.0000,0.0000,-0.7071,0.7071,0.9432,-0.3322,0.0000,0.0552,0.0322,0.0095,-0.0003,-0.0135,-0.0092,0.0000
2026-04-21 22:00:00,20,eval2026,clear,23.7700,29.1600,97.9600,2.4300,0.0000,30.1700,4.0073,0.0000,0.0000,0.0000,1,0.0000,0.0000,-0.5000,0.8660,0.9432,-0.3322,0.0000,0.0477,0.0278,0.0086,0.0002,-0.0144,-0.0119,0.0000
2026-04-21 23:00:00,20,eval2026,clear,23.3400,29.9300,97.9700,2.3400,0.0000,5.9900,3.4923,0.0000,0.0000,0.0000,1,0.0000,0.0000,-0.2588,0.9659,0.9432,-0.3322,0.0000,0.0363,0.0213,0.0065,0.0005,-0.0139,-0.0133,0.0000
2026-04-27 00:00:00,21,eval2026,mixed,26.7200,26.9500,97.7500,2.0800,0.0000,34.2400,2.9934,0.0000,0.0000,0.0024,1,0.0000,0.0000,0.0000,1.0000,0.9039,-0.4276,0.0000,-0.0047,0.0062,0.0055,0.0004,-0.0199,-0.0274,0.0000
2026-04-27 01:00:00,21,eval2026,mixed,29.5900,22.8500,97.8200,1.8600,0.0000,21.7600,2.2048,0.0000,0.0000,0.0006,1,0.0000,0.0000,0.2588,0.9659,0.9039,-0.4276,0.0000,-0.0131,-0.0000,0.0025,-0.0014,-0.0190,-0.0285,0.0000
2026-04-27 02:00:00,21,eval2026,mixed,32.0700,19.8500,97.8800,1.1800,0.0000,14.0400,1.9956,0.0000,0.0000,0.0000,1,0.0000,0.0000,0.5000,0.8660,0.9039,-0.4276,0.0000,-0.0175,-0.0033,0.0035,0.0019,-0.0124,-0.0245,0.0000
2026-04-27 03:00:00,21,eval2026,mixed,36.6200,14.5100,97.9200,2.1000,0.0000,1.1000,2.3014,0.0000,0.0000,0.0000,1,0.0000,0.0000,0.7071,0.7071,0.9039,-0.4276,0.0000,-0.0146,-0.0010,0.0091,0.0091,-0.0040,-0.0191,0.0000
2026-04-27 04:00:00,21,eval2026,mixed,40.4000,11.7500,97.9100,3.5100,0.0000,0.8800,2.4945,0.0000,0.0000,0.0000,1,0.0000,0.0000,0.8660,0.5000,0.9039,-0.4276,0.0000,-0.0063,0.0048,0.0129,0.0099,-0.0050,-0.0214,0.0000
2026-04-27 05:00:00,21,eval2026,mixed,42.4900,11.0400,97.8500,4.2300,0.0000,0.6600,3.4923,0.0000,0.0000,0.0000,1,0.0000,0.0000,0.9659,0.2588,0.9039,-0.4276,0.0000,0.0015,0.0092,0.0124,0.0044,-0.0118,-0.0259,0.0000
2026-04-27 06:00:00,21,eval2026,mixed,43.9300,10.5900,97.7700,4.8600,0.0000,0.4400,4.5062,0.0000,0.0000,0.0000,1,0.0000,0.0000,1.0000,0.0000,0.9039,-0.4276,0.0000,0.0104,0.0128,0.0081,-0.0039,-0.0192,-0.0271,0.0000
2026-04-27 07:00:00,21,eval2026,mixed,44.8500,10.2700,97.6800,5.4500,0.0000,0.2200,5.0051,0.0000,0.0000,0.0000,1,0.0000,0.0000,0.9659,-0.2588,0.9039,-0.4276,0.0000,0.0186,0.0155,0.0022,-0.0110,-0.0229,-0.0212,0.0000
2026-04-27 08:00:00,21,eval2026,mixed,45.2800,10.1600,97.5800,6.0600,0.0000,14.1400,6.0029,0.0000,0.0000,0.0016,1,0.0000,0.0000,0.8660,-0.5000,0.9039,-0.4276,0.0000,0.0232,0.0169,-0.0028,-0.0149,-0.0228,-0.0109,0.0000
2026-04-27 09:00:00,21,eval2026,mixed,45.1400,10.4200,97.4800,6.4900,0.0000,26.6200,7.0006,0.0000,0.0000,0.0079,1,0.0000,0.0000,0.7071,-0.7071,0.9039,-0.4276,0.0000,0.0200,0.0150,-0.0089,-0.0176,-0.0214,0.0022,0.0000
2026-04-27 10:00:00,21,eval2026,mixed,44.5000,11.0300,97.4300,6.7700,0.0000,39.1300,8.9962,0.0000,0.0000,0.0562,1,0.0000,0.0000,0.5000,-0.8660,0.9039,-0.4276,0.0000,0.0134,0.0133,-0.0123,-0.0165,-0.0173,0.0183,0.0000
2026-04-27 11:00:00,21,eval2026,mixed,43.3800,11.8600,97.4000,6.8500,0.0000,51.6000,8.9962,0.0000,0.0000,0.0209,1,0.0000,0.0000,0.2588,-0.9659,0.9039,-0.4276,0.0000,0.0066,0.0154,-0.0089,-0.0085,-0.0086,0.0384,0.0000
2026-04-27 12:00:00,21,eval2026,mixed,41.3900,13.4000,97.4000,5.1900,0.0000,57.9400,8.9962,0.0000,0.0000,0.0671,1,0.0000,0.0000,0.0000,-1.0000,0.9039,-0.4276,0.0000,0.0240,0.0379,0.0146,0.0160,0.0124,0.0633,0.0000
2026-04-27 13:00:00,21,eval2026,mixed,36.9100,17.7200,97.4400,3.1300,0.0000,81.6400,6.0029,0.0000,0.0000,0.0000,1,0.0000,0.0000,-0.2588,-0.9659,0.9039,-0.4276,0.0000,0.0354,0.0581,0.0412,0.0434,0.0352,0.0858,0.0000
2026-04-27 14:00:00,21,eval2026,mixed,35.2600,19.8700,97.5000,2.9700,0.0000,98.9200,5.0051,0.0000,0.0000,0.0000,1,0.0000,0.0000,-0.5000,-0.8660,0.9039,-0.4276,0.0000,0.0434,0.0746,0.0670,0.0728,0.0598,0.1015,0.0000
2026-04-27 15:00:00,21,eval2026,mixed,34.5000,20.9400,97.5600,2.7200,0.0000,100.0000,1.9956,0.0000,0.0000,0.0002,1,0.0000,0.0000,-0.7071,-0.7071,0.9039,-0.4276,0.0000,0.0489,0.0875,0.0868,0.0940,0.0775,0.1077,0.0000
2026-04-27 16:00:00,21,eval2026,mixed,33.8400,21.7000,97.5900,2.4400,0.0000,100.0000,2.9934,0.0000,0.0000,0.0000,1,0.0000,0.0000,-0.8660,-0.5000,0.9039,-0.4276,0.0000,0.0644,0.1017,0.1049,0.1150,0.0986,0.1195,0.0000
2026-04-27 17:00:00,21,eval2026,mixed,33.1000,22.5300,97.6200,2.2500,0.0000,100.0000,3.4923,0.0000,0.0000,0.0033,1,0.0000,0.0000,-0.9659,-0.2588,0.9039,-0.4276,0.0000,0.0552,0.0957,0.1051,0.1148,0.0989,0.1142,0.0000
2026-04-27 18:00:00,21,eval2026,mixed,32.1200,23.8100,97.6300,2.1900,0.0000,100.0000,4.0073,0.0000,0.0000,0.0005,1,0.0000,0.0000,-1.0000,-0.0000,0.9039,-0.4276,0.0000,0.0454,0.0940,0.1137,0.1198,0.1000,0.1078,0.0000
2026-04-27 19:00:00,21,eval2026,mixed,31.0800,25.6700,97.6300,2.2700,0.0200,99.8800,4.0073,0.0000,0.0000,0.0026,1,0.0000,0.0000,-0.9659,0.2588,0.9039,-0.4276,0.0685,0.0351,0.0981,0.1284,0.1258,0.0959,0.0945,0.0000
2026-04-27 20:00:00,21,eval2026,mixed,30.2700,28.6100,97.6200,2.4400,0.0200,98.5900,4.0073,0.0000,0.0000,0.0024,1,0.0000,0.0000,-0.8660,0.5000,0.9039,-0.4276,0.0685,0.0518,0.1188,0.1480,0.1319,0.0882,0.0790,0.0000
2026-04-27 21:00:00,21,eval2026,mixed,29.5900,31.0300,97.6500,2.5200,0.0200,86.5500,3.4923,0.0000,0.0000,0.0139,1,0.0000,0.0000,-0.7071,0.7071,0.9039,-0.4276,0.0685,0.0622,0.1261,0.1490,0.1231,0.0695,0.0553,0.0000
2026-04-27 22:00:00,21,eval2026,mixed,29.1800,32.6300,97.6900,2.6600,0.0000,72.8000,3.4923,0.0000,0.0000,0.0038,1,0.0000,0.0000,-0.5000,0.8660,0.9039,-0.4276,0.0000,0.0629,0.1158,0.1306,0.1017,0.0451,0.0286,0.0000
2026-04-27 23:00:00,21,eval2026,mixed,28.8700,33.2900,97.7700,2.9100,0.0000,65.1200,2.9934,0.0000,0.0000,0.0056,1,0.0000,0.0000,-0.2588,0.9659,0.9039,-0.4276,0.0000,0.0363,0.0834,0.0951,0.0686,0.0180,0.0018,0.0000
2026-05-02 00:00:00,22,eval2026,mixed,24.5700,52.2200,97.8500,3.1000,0.0000,45.3800,3.4923,0.0000,0.0000,0.0037,1,0.0000,0.0000,0.0000,1.0000,0.8639,-0.5037,0.0000,0.0399,0.0307,0.0243,0.0261,0.0180,0.0128,0.0000
2026-05-02 01:00:00,22,eval2026,mixed,26.4200,47.7700,97.9200,3.9200,0.0000,60.2600,2.9934,0.0000,0.0000,0.0055,1,0.0000,0.0000,0.2588,0.9659,0.8639,-0.5037,0.0000,0.0453,0.0391,0.0371,0.0378,0.0289,0.0170,0.0000
2026-05-02 02:00:00,22,eval2026,mixed,30.5700,34.7600,97.9600,3.8300,0.0000,74.8100,2.4945,0.0000,0.0000,0.0023,1,0.0000,0.0000,0.5000,0.8660,0.8639,-0.5037,0.0000,0.0527,0.0522,0.0543,0.0499,0.0362,0.0146,0.0000
2026-05-02 03:00:00,22,eval2026,mixed,34.5200,23.5100,97.9900,3.3200,0.0000,89.2900,2.4945,0.0000,0.0000,0.0000,1,0.0000,0.0000,0.7071,0.7071,0.8639,-0.5037,0.0000,0.0494,0.0578,0.0647,0.0558,0.0361,0.0057,0.0000
2026-05-02 04:00:00,22,eval2026,mixed,36.9500,19.0500,97.9900,2.3500,0.0000,29.2700,3.4923,0.0000,0.0000,0.0000,1,0.0000,0.0000,0.8660,0.5000,0.8639,-0.5037,0.0000,0.0389,0.0547,0.0653,0.0537,0.0300,-0.0043,0.0000
2026-05-02 05:00:00,22,eval2026,mixed,38.7500,16.7500,97.9500,1.6100,0.0000,15.2800,4.0073,0.0000,0.0000,0.0000,1,0.0000,0.0000,0.9659,0.2588,0.8639,-0.5037,0.0000,0.0238,0.0394,0.0454,0.0291,0.0083,-0.0193,0.0000
2026-05-02 06:00:00,22,eval2026,mixed,40.1200,15.3700,97.8700,1.1800,0.0000,19.1100,4.5062,0.0000,0.0000,0.0000,1,0.0000,0.0000,1.0000,0.0000,0.8639,-0.5037,0.0000,0.0187,0.0265,0.0240,0.0060,-0.0098,-0.0270,0.0000
2026-05-02 07:00:00,22,eval2026,mixed,41.1400,14.3600,97.7600,1.5800,0.0000,1.2300,5.0051,0.0000,0.0000,0.0004,1,0.0000,0.0000,0.9659,-0.2588,0.8639,-0.5037,0.0000,0.0197,0.0172,0.0064,-0.0101,-0.0208,-0.0269,0.0000
2026-05-02 08:00:00,22,eval2026,mixed,41.7400,13.6500,97.6400,2.5200,0.0000,1.4400,5.0051,0.0000,0.0000,0.0076,1,0.0000,0.0000,0.8660,-0.5000,0.8639,-0.5037,0.0000,0.0276,0.0147,-0.0033,-0.0168,-0.0228,-0.0192,0.0000
2026-05-02 09:00:00,22,eval2026,mixed,41.5600,13.5500,97.5300,2.9800,0.0000,1.6600,5.0051,0.0000,0.0000,0.0099,1,0.0000,0.0000,0.7071,-0.7071,0.8639,-0.5037,0.0000,0.0255,0.0086,-0.0114,-0.0205,-0.0217,-0.0103,0.0000
2026-05-02 10:00:00,22,eval2026,mixed,40.9700,13.8100,97.4500,3.0600,0.0000,3.3900,4.5062,0.0000,0.0000,0.0157,1,0.0000,0.0000,0.5000,-0.8660,0.8639,-0.5037,0.0000,0.0170,0.0015,-0.0169,-0.0210,-0.0180,-0.0007,0.0000
2026-05-02 11:00:00,22,eval2026,mixed,40.0000,14.4500,97.4300,2.9400,0.0000,7.0200,4.5062,0.0000,0.0000,0.0048,1,0.0000,0.0000,0.2588,-0.9659,0.8639,-0.5037,0.0000,0.0058,-0.0050,-0.0185,-0.0177,-0.0116,0.0078,0.0000
2026-05-02 12:00:00,22,eval2026,mixed,38.2200,17.0800,97.4400,1.8700,0.0000,6.5300,4.5062,0.0000,0.0000,0.0340,1,0.0000,0.0000,0.0000,-1.0000,0.8639,-0.5037,0.0000,-0.0022,-0.0082,-0.0166,-0.0118,-0.0033,0.0158,0.0000
2026-05-02 13:00:00,22,eval2026,mixed,36.1500,20.0100,97.5100,0.9900,0.0000,9.4500,4.0073,0.0000,0.0000,0.0403,1,0.0000,0.0000,-0.2588,-0.9659,0.8639,-0.5037,0.0000,-0.0076,-0.0089,-0.0113,-0.0015,0.0088,0.0243,0.0000
2026-05-02 14:00:00,22,eval2026,mixed,35.3400,20.5600,97.5900,0.8800,0.0000,11.6100,4.0073,0.0000,0.0000,0.0839,1,0.0000,0.0000,-0.5000,-0.8660,0.8639,-0.5037,0.0000,-0.0079,-0.0045,0.0003,0.0147,0.0252,0.0321,0.0000
2026-05-02 15:00:00,22,eval2026,mixed,33.8100,21.9800,97.6600,1.5400,0.0000,74.3400,4.0073,0.0000,0.0000,0.0248,1,0.0000,0.0000,-0.7071,-0.7071,0.8639,-0.5037,0.0000,-0.0052,0.0050,0.0166,0.0345,0.0428,0.0393,0.0000
2026-05-02 16:00:00,22,eval2026,mixed,31.9300,24.2800,97.7000,2.1200,0.0000,94.9800,4.0073,0.0000,0.0000,0.0152,1,0.0000,0.0000,-0.8660,-0.5000,0.8639,-0.5037,0.0000,-0.0135,0.0108,0.0304,0.0482,0.0540,0.0405,0.0000
2026-05-02 17:00:00,22,eval2026,mixed,30.3800,26.3800,97.7100,2.6300,0.0000,93.8800,2.9934,1.0000,0.0000,0.0112,1,0.0000,0.0000,-0.9659,-0.2588,0.8639,-0.5037,0.0000,-0.0139,0.0267,0.0497,0.0599,0.0581,0.0346,0.0000
2026-05-02 18:00:00,22,eval2026,mixed,29.4900,27.9100,97.7000,2.8700,0.0000,93.6700,2.9934,0.0000,0.0000,0.0129,1,0.0000,0.0000,-1.0000,-0.0000,0.8639,-0.5037,0.0000,0.0608,0.1144,0.1569,0.1734,0.1747,0.1330,0.0000
2026-05-02 19:00:00,22,eval2026,mixed,28.9000,29.9200,97.6800,2.9500,0.0800,79.0100,2.9934,0.0000,0.0000,0.0079,1,0.0000,0.0000,-0.9659,0.2588,0.8639,-0.5037,0.2266,0.0472,0.1243,0.1641,0.1603,0.1239,0.0634,0.0000
2026-05-02 20:00:00,22,eval2026,mixed,28.2500,33.2200,97.6700,3.2100,0.0700,40.6200,2.9934,0.0000,0.0000,0.0052,1,0.0000,0.0000,-0.8660,0.5000,0.8639,-0.5037,0.2020,0.1283,0.1675,0.1712,0.1363,0.0761,0.0174,0.0000
2026-05-02 21:00:00,22,eval2026,mixed,27.4400,36.3600,97.6800,3.5100,0.0500,24.8600,2.9934,0.0000,0.0000,0.0024,1,0.0000,0.0000,-0.7071,0.7071,0.8639,-0.5037,0.1511,0.0993,0.1129,0.1055,0.0723,0.0214,-0.0136,0.0000
2026-05-02 22:00:00,22,eval2026,mixed,26.5100,39.5300,97.7000,3.7100,0.0000,19.8800,2.9934,0.0000,0.0000,0.0090,1,0.0000,0.0000,-0.5000,0.8660,0.8639,-0.5037,0.0000,0.0509,0.0539,0.0469,0.0246,-0.0089,-0.0248,0.0000
2026-05-02 23:00:00,22,eval2026,mixed,25.7200,42.4700,97.7600,3.8500,0.0000,28.1700,2.9934,0.0000,0.0000,0.0066,1,0.0000,0.0000,-0.2588,0.9659,0.8639,-0.5037,0.0000,0.0079,0.0118,0.0100,-0.0031,-0.0230,-0.0298,0.0000
2026-05-03 00:00:00,23,eval2026,rain,25.1500,46.1100,97.8200,4.3700,0.0000,22.0000,2.9934,0.0000,0.0000,0.0008,1,0.0000,0.0000,0.0000,1.0000,0.8551,-0.5185,0.0000,-0.0051,-0.0031,-0.0042,-0.0137,-0.0264,-0.0311,0.0000
2026-05-03 01:00:00,23,eval2026,rain,26.2300,45.2000,97.9100,5.0800,0.0000,15.4200,2.9934,0.0000,0.0000,0.0000,1,0.0000,0.0000,0.2588,0.9659,0.8551,-0.5185,0.0000,-0.0036,-0.0049,-0.0077,-0.0168,-0.0243,-0.0293,0.0000
2026-05-03 02:00:00,23,eval2026,rain,29.3700,37.2000,97.9600,5.9900,0.0100,12.6900,3.4923,0.0000,0.0000,0.0006,1,0.0000,0.0000,0.5000,0.8660,0.8551,-0.5185,0.0376,0.0059,0.0028,-0.0022,-0.0134,-0.0179,-0.0251,0.0000
2026-05-03 03:00:00,23,eval2026,rain,33.3800,27.9000,98.0000,6.4700,0.0000,3.3100,3.2026,0.0000,0.0000,0.0029,1,0.0000,0.0000,0.7071,0.7071,0.8551,-0.5185,0.0000,0.0199,0.0184,0.0103,-0.0046,-0.0091,-0.0193,0.0000
2026-05-03 04:00:00,23,eval2026,rain,36.6900,22.1300,98.0100,6.0600,0.0000,29.2100,3.4923,0.0000,0.0000,0.0000,1,0.0000,0.0000,0.8660,0.5000,0.8551,-0.5185,0.0000,0.0215,0.0264,0.0177,0.0011,-0.0035,-0.0162,0.0000
2026-05-03 05:00:00,23,eval2026,rain,38.8700,19.2500,97.9800,5.5900,0.0000,18.1800,4.5062,0.0000,0.0000,0.0000,1,0.0000,0.0000,0.9659,0.2588,0.8551,-0.5185,0.0000,0.0207,0.0311,0.0223,0.0060,0.0010,-0.0130,0.0000
2026-05-03 06:00:00,23,eval2026,rain,40.4800,17.3200,97.9000,5.2300,0.0000,23.1500,5.0051,0.0000,0.0000,0.0001,1,0.0000,0.0000,1.0000,0.0000,0.8551,-0.5185,0.0000,0.0217,0.0327,0.0211,0.0062,0.0038,-0.0056,0.0000
2026-05-03 07:00:00,23,eval2026,rain,41.5600,16.0800,97.8200,4.9700,0.0000,13.3200,5.0051,0.0000,0.0000,0.0001,1,0.0000,0.0000,0.9659,-0.2588,0.8551,-0.5185,0.0000,0.0225,0.0315,0.0170,0.0043,0.0043,0.0010,0.0000
2026-05-03 08:00:00,23,eval2026,rain,42.1100,15.2800,97.7200,4.7600,0.0000,14.6500,5.0051,0.0000,0.0000,0.0008,1,0.0000,0.0000,0.8660,-0.5000,0.8551,-0.5185,0.0000,0.0242,0.0295,0.0126,0.0012,0.0025,0.0048,0.0000
2026-05-03 09:00:00,23,eval2026,rain,42.0400,14.7600,97.6400,4.5600,0.0000,15.9700,5.0051,0.0000,0.0000,0.0043,1,0.0000,0.0000,0.7071,-0.7071,0.8551,-0.5185,0.0000,0.0241,0.0261,0.0081,-0.0024,-0.0009,0.0056,0.0000
2026-05-03 10:00:00,23,eval2026,rain,41.5100,14.3300,97.5800,4.2300,0.0000,17.2400,5.0051,0.0000,0.0000,0.0082,1,0.0000,0.0000,0.5000,-0.8660,0.8551,-0.5185,0.0000,0.0222,0.0220,0.0041,-0.0054,-0.0039,0.0060,0.0000
2026-05-03 11:00:00,23,eval2026,rain,40.5600,14.3700,97.5700,3.8800,0.0000,17.1900,5.0051,0.0000,0.0000,0.0095,1,0.0000,0.0000,0.2588,-0.9659,0.8551,-0.5185,0.0000,0.0184,0.0173,0.0008,-0.0071,-0.0055,0.0071,0.0000
2026-05-03 12:00:00,23,eval2026,rain,38.8400,15.4700,97.6000,3.1400,0.0000,17.0400,5.0051,0.0000,0.0000,0.0140,1,0.0000,0.0000,0.0000,-1.0000,0.8551,-0.5185,0.0000,0.0148,0.0136,-0.0007,-0.0066,-0.0049,0.0093,0.0000
2026-05-03 13:00:00,23,eval2026,rain,35.1700,20.0900,97.6700,2.6100,0.0000,21.0200,5.0051,0.0000,0.0000,0.0049,1,0.0000,0.0000,-0.2588,-0.9659,0.8551,-0.5185,0.0000,0.0121,0.0112,-0.0003,-0.0035,-0.0015,0.0124,0.0000
2026-05-03 14:00:00,23,eval2026,rain,33.7900,22.6200,97.7600,3.7100,0.0800,22.5300,5.0051,0.0000,0.0000,0.0007,1,0.0000,0.0000,-0.5000,-0.8660,0.8551,-0.5185,0.2266,0.0111,0.0104,0.0022,0.0021,0.0049,0.0159,0.0000
2026-05-03 15:00:00,23,eval2026,rain,32.5900,26.6900,97.8600,4.7400,0.2500,51.9200,5.0051,0.0000,0.0000,0.0079,1,0.0000,0.0000,-0.7071,-0.7071,0.8551,-0.5185,0.6027,0.0595,0.0446,0.0275,0.0239,0.0245,0.0320,0.0000
2026-05-03 16:00:00,23,eval2026,rain,29.9900,39.1300,97.9100,4.8900,10.2900,83.2300,4.0073,0.0000,0.0000,0.0123,1,0.0000,0.0000,-0.8660,-0.5000,0.8551,-0.5185,13.6025,0.2306,0.1614,0.1056,0.0847,0.0777,0.0821,0.0000
2026-05-03 17:00:00,23,eval2026,rain,26.4900,62.2000,97.9500,4.7700,1.5300,95.3200,4.0073,1.0000,0.0000,0.0004,1,0.0000,0.0000,-0.9659,-0.2588,0.8551,-0.5185,2.8080,1.9025,0.9308,0.3900,0.2013,0.1066,0.1743,0.0000
2026-05-03 18:00:00,23,eval2026,rain,25.5400,64.0500,97.9700,5.0500,0.2800,98.9900,4.0073,1.0000,0.0000,0.0019,1,0.0000,0.0000,-1.0000,-0.0000,0.8551,-0.5185,0.6640,1.1690,0.3331,0.0451,-0.0005,-0.0619,-0.0758,0.0000
2026-05-03 19:00:00,23,eval2026,rain,24.9300,65.5800,97.9700,5.2000,0.2200,100.0000,3.4923,1.0000,0.0000,0.0388,1,0.0000,0.0000,-0.9659,0.2588,0.8551,-0.5185,0.5402,0.2818,0.0184,0.0232,0.0507,0.0122,-0.0433,0.0000
2026-05-03 20:00:00,23,eval2026,rain,24.3100,69.3300,97.9600,4.8200,0.2200,98.7000,3.4923,1.0000,0.0000,0.0203,1,0.0000,0.0000,-0.8660,0.5000,0.8551,-0.5185,0.5402,0.4063,0.2122,0.1764,0.1177,0.0412,-0.0316,0.0000
2026-05-03 21:00:00,23,eval2026,rain,23.6700,74.2400,97.9900,4.1900,0.7200,100.0000,3.4923,1.0000,0.0000,0.0049,1,0.0000,0.0000,-0.7071,0.7071,0.8551,-0.5185,1.4849,0.4968,0.3076,0.2361,0.1392,0.0698,0.0207,0.0000
2026-05-03 22:00:00,23,eval2026,rain,22.9800,79.4700,98.0300,3.9300,2.3600,100.0000,3.4923,1.0000,0.0000,0.1530,1,0.0000,0.0000,-0.5000,0.8660,0.8551,-0.5185,4.0391,1.1354,0.5791,0.2479,0.0363,0.0049,0.0500,0.0000
2026-05-03 23:00:00,23,eval2026,rain,22.5600,82.5900,98.0900,4.2600,1.0600,100.0000,4.0073,1.0000,0.0000,0.3679,1,0.0000,0.0000,-0.2588,0.9659,0.8551,-0.5185,2.0605,2.2068,0.7868,-0.0605,-0.4247,-0.3268,-0.0569,0.0000
2026-05-09 00:00:00,24,eval2026,clear,23.4200,57.0400,98.4300,3.7400,0.0000,4.1400,3.2026,0.0000,0.0000,0.0000,1,0.0000,0.0000,0.0000,1.0000,0.7971,-0.6038,0.0000,0.0631,0.0517,0.0516,0.0523,0.0424,0.0307,0.0000
2026-05-09 01:00:00,24,eval2026,clear,25.0100,51.5900,98.4900,4.5600,0.0000,4.9600,2.9934,0.0000,0.0000,0.0000,1,0.0000,0.0000,0.2588,0.9659,0.7971,-0.6038,0.0000,0.0600,0.0560,0.0592,0.0558,0.0435,0.0236,0.0000
2026-05-09 02:00:00,24,eval2026,clear,28.5000,40.5100,98.5400,4.9800,0.0000,6.3600,2.9934,0.0000,0.0000,0.0000,1,0.0000,0.0000,0.5000,0.8660,0.7971,-0.6038,0.0000,0.0580,0.0615,0.0652,0.0553,0.0395,0.0120,0.0000
2026-05-09 03:00:00,24,eval2026,clear,32.1100,31.1900,98.5800,5.1500,0.0000,7.5100,3.4923,0.0000,0.0000,0.0000,1,0.0000,0.0000,0.7071,0.7071,0.7971,-0.6038,0.0000,0.0510,0.0620,0.0640,0.0480,0.0295,-0.0025,0.0000
2026-05-09 04:00:00,24,eval2026,clear,34.2800,27.4200,98.5800,4.2300,0.0000,8.4000,4.5062,0.0000,0.0000,0.0000,1,0.0000,0.0000,0.8660,0.5000,0.7971,-0.6038,0.0000,0.0418,0.0572,0.0547,0.0345,0.0163,-0.0153,0.0000
2026-05-09 05:00:00,24,eval2026,clear,35.8800,25.3800,98.5400,3.2300,0.0000,9.1300,4.5062,0.0000,0.0000,0.0000,1,0.0000,0.0000,0.9659,0.2588,0.7971,-0.6038,0.0000,0.0349,0.0488,0.0395,0.0186,0.0040,-0.0213,0.0000
2026-05-09 06:00:00,24,eval2026,clear,37.0900,24.2100,98.4700,2.3300,0.0000,9.8600,5.0051,0.0000,0.0000,0.0281,1,0.0000,0.0000,1.0000,0.0000,0.7971,-0.6038,0.0000,0.0286,0.0381,0.0237,0.0039,-0.0061,-0.0240,0.0000
2026-05-09 07:00:00,24,eval2026,clear,37.8800,23.4300,98.3700,1.6200,0.0000,10.6000,6.0029,0.0000,0.0000,0.0081,1,0.0000,0.0000,0.9659,-0.2588,0.7971,-0.6038,0.0000,0.0248,0.0283,0.0096,-0.0078,-0.0128,-0.0237,0.0000
2026-05-09 08:00:00,24,eval2026,clear,38.2600,23.0000,98.2700,1.0500,0.0000,6.3500,6.0029,0.0000,0.0000,0.0034,1,0.0000,0.0000,0.8660,-0.5000,0.7971,-0.6038,0.0000,0.0279,0.0232,-0.0005,-0.0140,-0.0135,-0.0166,0.0000
2026-05-09 09:00:00,24,eval2026,clear,38.1700,23.0200,98.2000,0.6600,0.0000,1.1000,7.0006,0.0000,0.0000,0.0212,1,0.0000,0.0000,0.7071,-0.7071,0.7971,-0.6038,0.0000,0.0316,0.0201,-0.0062,-0.0158,-0.0112,-0.0092,0.0000
2026-05-09 10:00:00,24,eval2026,clear,37.7100,23.5700,98.1500,0.5200,0.0000,1.6700,7.0006,0.0000,0.0000,0.0176,1,0.0000,0.0000,0.5000,-0.8660,0.7971,-0.6038,0.0000,0.0262,0.0123,-0.0140,-0.0169,-0.0077,0.0003,0.0000
2026-05-09 11:00:00,24,eval2026,clear,36.8600,24.7300,98.1300,0.6300,0.0000,1.6600,7.0006,0.0000,0.0000,0.0183,1,0.0000,0.0000,0.2588,-0.9659,0.7971,-0.6038,0.0000,0.0209,0.0069,-0.0174,-0.0142,-0.0023,0.0090,0.0000
2026-05-09 12:00:00,24,eval2026,clear,35.5800,28.0400,98.1600,0.9000,0.0000,1.6600,6.0029,0.0000,0.0000,0.0137,1,0.0000,0.0000,0.0000,-1.0000,0.7971,-0.6038,0.0000,0.0141,0.0029,-0.0178,-0.0096,0.0035,0.0165,0.0000
2026-05-09 13:00:00,24,eval2026,clear,33.3000,36.4400,98.2400,1.2500,0.0000,1.6600,6.0029,0.0000,0.0000,0.0022,1,0.0000,0.0000,-0.2588,-0.9659,0.7971,-0.6038,0.0000,0.0151,0.0066,-0.0108,-0.0010,0.0104,0.0209,0.0000
2026-05-09 14:00:00,24,eval2026,clear,31.6100,40.4200,98.3200,1.8600,0.0000,1.6600,5.0051,0.0000,0.0000,0.0012,1,0.0000,0.0000,-0.5000,-0.8660,0.7971,-0.6038,0.0000,0.0191,0.0124,-0.0022,0.0087,0.0186,0.0257,0.0000
2026-05-09 15:00:00,24,eval2026,clear,30.4400,42.1800,98.3600,2.2300,0.0000,4.9700,5.0051,0.0000,0.0000,0.0011,1,0.0000,0.0000,-0.7071,-0.7071,0.7971,-0.6038,0.0000,0.0324,0.0250,0.0115,0.0195,0.0254,0.0271,0.0000
2026-05-09 16:00:00,24,eval2026,clear,29.3800,44.2600,98.3700,2.4400,0.0000,0.5500,5.0051,0.0000,0.0000,0.0009,1,0.0000,0.0000,-0.8660,-0.5000,0.7971,-0.6038,0.0000,0.0462,0.0365,0.0223,0.0268,0.0293,0.0272,0.0000
2026-05-09 17:00:00,24,eval2026,clear,28.4000,45.9500,98.3500,2.5200,0.0000,0.5500,5.0051,0.0000,0.0000,0.0004,1,0.0000,0.0000,-0.9659,-0.2588,0.7971,-0.6038,0.0000,0.0603,0.0460,0.0296,0.0301,0.0294,0.0254,0.0000
2026-05-09 18:00:00,24,eval2026,clear,27.4600,47.8500,98.3400,2.5000,0.0000,1.1000,4.5062,0.0000,0.0000,0.0001,1,0.0000,0.0000,-1.0000,-0.0000,0.7971,-0.6038,0.0000,0.0711,0.0514,0.0325,0.0301,0.0272,0.0237,0.0000
2026-05-09 19:00:00,24,eval2026,clear,26.5600,50.0200,98.2900,2.4800,0.0000,6.6500,4.5062,0.0000,0.0000,0.0000,1,0.0000,0.0000,-0.9659,0.2588,0.7971,-0.6038,0.0000,0.0801,0.0553,0.0350,0.0309,0.0255,0.0234,0.0000
2026-05-09 20:00:00,24,eval2026,clear,25.7200,52.2600,98.2400,2.5400,0.0000,12.6500,4.0073,0.0000,0.0000,0.0000,1,0.0000,0.0000,-0.8660,0.5000,0.7971,-0.6038,0.0000,0.0853,0.0567,0.0359,0.0320,0.0250,0.0253,0.0000
2026-05-09 21:00:00,24,eval2026,clear,24.9400,54.6400,98.2400,2.6700,0.0000,18.6400,4.0073,0.0000,0.0000,0.0000,1,0.0000,0.0000,-0.7071,0.7071,0.7971,-0.6038,0.0000,0.0873,0.0574,0.0383,0.0358,0.0273,0.0285,0.0000
2026-05-09 22:00:00,24,eval2026,clear,24.2900,56.8300,98.2800,2.9300,0.0000,1.1000,4.0073,0.0000,0.0000,0.0000,1,0.0000,0.0000,-0.5000,0.8660,0.7971,-0.6038,0.0000,0.0847,0.0565,0.0407,0.0406,0.0315,0.0322,0.0000
2026-05-09 23:00:00,24,eval2026,clear,23.7000,59.1300,98.3500,3.1400,0.0000,8.3000,3.4923,0.0000,0.0000,0.0000,1,0.0000,0.0000,-0.2588,0.9659,0.7971,-0.6038,0.0000,0.0744,0.0531,0.0437,0.0450,0.0360,0.0330,0.0000
2026-05-12 00:00:00,25,eval2026,mixed,26.4300,57.6600,98.1800,3.5700,0.0000,51.8300,3.2026,0.0000,0.0000,0.0010,1,0.0000,0.0000,0.0000,1.0000,0.7649,-0.6442,0.0000,0.0557,0.0462,0.0427,0.0434,0.0338,0.0214,0.0000
2026-05-12 01:00:00,25,eval2026,mixed,27.5300,55.1900,98.2600,4.1200,0.0000,51.5900,2.9934,0.0000,0.0000,0.0174,1,0.0000,0.0000,0.2588,0.9659,0.7649,-0.6442,0.0000,0.0630,0.0553,0.0526,0.0496,0.0380,0.0190,0.0000
2026-05-12 02:00:00,25,eval2026,mixed,30.3700,46.2100,98.3100,4.4800,0.0000,53.7600,3.4923,0.0000,0.0000,0.0237,1,0.0000,0.0000,0.5000,0.8660,0.7649,-0.6442,0.0000,0.0732,0.0673,0.0645,0.0552,0.0406,0.0133,0.0000
2026-05-12 03:00:00,25,eval2026,mixed,33.2600,37.5700,98.3400,4.6600,0.0000,87.5500,3.4923,0.0000,0.0000,0.0248,1,0.0000,0.0000,0.7071,0.7071,0.7649,-0.6442,0.0000,0.0741,0.0727,0.0684,0.0529,0.0366,0.0045,0.0000
2026-05-12 04:00:00,25,eval2026,mixed,35.3200,32.3800,98.3200,4.1100,0.0000,87.7100,4.0073,0.0000,0.0000,0.0496,1,0.0000,0.0000,0.8660,0.5000,0.7649,-0.6442,0.0000,0.0739,0.0758,0.0697,0.0512,0.0333,-0.0017,0.0000
2026-05-12 05:00:00,25,eval2026,mixed,36.9200,29.1100,98.2400,3.3800,0.0000,12.2900,4.0073,0.0000,0.0000,0.0151,1,0.0000,0.0000,0.9659,0.2588,0.7649,-0.6442,0.0000,0.0621,0.0666,0.0598,0.0416,0.0273,-0.0037,0.0000
2026-05-12 06:00:00,25,eval2026,mixed,38.3900,26.5300,98.1400,2.6300,0.0000,3.8700,4.5062,0.0000,0.0000,0.0009,1,0.0000,0.0000,1.0000,0.0000,0.7649,-0.6442,0.0000,0.0333,0.0394,0.0319,0.0146,0.0109,-0.0078,0.0000
2026-05-12 07:00:00,25,eval2026,mixed,39.7600,24.2300,98.0100,1.8500,0.0000,2.2700,4.5062,0.0000,0.0000,0.0001,1,0.0000,0.0000,0.9659,-0.2588,0.7649,-0.6442,0.0000,0.0263,0.0270,0.0149,-0.0015,0.0011,-0.0088,0.0000
2026-05-12 08:00:00,25,eval2026,mixed,40.4700,22.7700,97.8700,1.0500,0.0000,0.6600,5.0051,0.0000,0.0000,0.0008,1,0.0000,0.0000,0.8660,-0.5000,0.7649,-0.6442,0.0000,0.0321,0.0245,0.0077,-0.0074,-0.0030,-0.0084,0.0000
2026-05-12 09:00:00,25,eval2026,mixed,40.7200,21.8200,97.7600,0.5400,0.0000,9.4300,5.0051,0.0000,0.0000,0.0147,1,0.0000,0.0000,0.7071,-0.7071,0.7649,-0.6442,0.0000,0.0440,0.0265,0.0053,-0.0072,-0.0016,-0.0041,0.0000
2026-05-12 10:00:00,25,eval2026,mixed,40.4500,21.4200,97.7000,0.4000,0.0000,17.4400,5.0051,0.0000,0.0000,0.0056,1,0.0000,0.0000,0.5000,-0.8660,0.7649,-0.6442,0.0000,0.0488,0.0252,0.0026,-0.0052,0.0017,0.0003,0.0000
2026-05-12 11:00:00,25,eval2026,mixed,39.7600,21.7100,97.6700,0.6800,0.0000,30.7000,5.0051,0.0000,0.0000,0.0013,1,0.0000,0.0000,0.2588,-0.9659,0.7649,-0.6442,0.0000,0.0465,0.0214,0.0004,-0.0020,0.0066,0.0055,0.0000
2026-05-12 12:00:00,25,eval2026,mixed,38.2400,26.5800,97.6800,1.1400,0.0000,49.8800,5.0051,0.0000,0.0000,0.0014,1,0.0000,0.0000,0.0000,-1.0000,0.7649,-0.6442,0.0000,0.0316,0.0124,-0.0034,0.0003,0.0112,0.0105,0.0000
2026-05-12 13:00:00,25,eval2026,mixed,34.7400,36.7200,97.7200,2.1000,0.0000,75.6200,5.0051,0.0000,0.0000,0.0131,1,0.0000,0.0000,-0.2588,-0.9659,0.7649,-0.6442,0.0000,0.0119,0.0039,-0.0045,0.0057,0.0193,0.0193,0.0000
2026-05-12 14:00:00,25,eval2026,mixed,33.0300,37.5300,97.7700,2.7100,0.0000,98.0400,4.5062,0.0000,0.0000,0.0307,1,0.0000,0.0000,-0.5000,-0.8660,0.7649,-0.6442,0.0000,0.0002,0.0056,0.0057,0.0230,0.0396,0.0383,0.0000
2026-05-12 15:00:00,25,eval2026,mixed,32.0200,38.5700,97.8200,2.8500,0.0000,98.2300,4.5062,0.0000,0.0000,0.0012,1,0.0000,0.0000,-0.7071,-0.7071,0.7649,-0.6442,0.0000,0.0016,0.0236,0.0344,0.0571,0.0727,0.0655,0.0000
2026-05-12 16:00:00,25,eval2026,mixed,31.1300,40.2400,97.8500,2.8400,0.0000,98.1300,4.0073,0.0000,0.0000,0.0000,1,0.0000,0.0000,-0.8660,-0.5000,0.7649,-0.6442,0.0000,0.0068,0.0464,0.0650,0.0819,0.0889,0.0719,0.0000
2026-05-12 17:00:00,25,eval2026,mixed,30.3300,41.9100,97.8500,2.8200,0.0000,94.4400,4.0073,1.0000,0.0000,0.0009,1,0.0000,0.0000,-0.9659,-0.2588,0.7649,-0.6442,0.0000,0.0126,0.0667,0.0890,0.0923,0.0852,0.0585,0.0000
2026-05-12 18:00:00,25,eval2026,mixed,29.6100,43.5600,97.8400,2.8200,0.0000,31.9300,4.0073,0.0000,0.0000,0.0013,1,0.0000,0.0000,-1.0000,-0.0000,0.7649,-0.6442,0.0000,0.0424,0.1139,0.1577,0.1645,0.1552,0.1144,0.0000
2026-05-12 19:00:00,25,eval2026,mixed,29.1600,45.7200,97.8100,2.8700,0.9800,32.9200,4.0073,0.0000,0.0000,0.0005,1,0.0000,0.0000,-0.9659,0.2588,0.7649,-0.6442,1.9282,0.0236,0.1013,0.1366,0.1183,0.0800,0.0344,0.0000
2026-05-12 20:00:00,25,eval2026,mixed,28.6200,49.7400,97.8100,3.1600,0.9800,0.7600,4.0073,0.0000,0.0000,0.0002,1,0.0000,0.0000,-0.8660,0.5000,0.7649,-0.6442,1.9282,0.9048,0.5913,0.3511,0.1814,0.0863,0.0685,0.0000
2026-05-12 21:00:00,25,eval2026,mixed,27.7700,54.6300,97.8200,3.3000,0.9800,59.3300,4.0073,0.0000,0.0000,0.0001,1,0.0000,0.0000,-0.7071,0.7071,0.7649,-0.6442,1.9282,0.7639,0.3339,0.1225,0.0555,0.0144,0.0413,0.0000
2026-05-12 22:00:00,25,eval2026,mixed,26.8500,59.6100,97.8700,3.1300,0.0000,12.6200,4.0073,0.0000,0.0000,0.0000,1,0.0000,0.0000,-0.5000,0.8660,0.7649,-0.6442,0.0000,0.7198,0.2276,0.0276,0.0112,-0.0052,0.0226,0.0000
2026-05-12 23:00:00,25,eval2026,mixed,26.1400,62.1000,97.9200,2.9300,0.0000,1.1000,4.0073,0.0000,0.0000,0.0000,1,0.0000,0.0000,-0.2588,0.9659,0.7649,-0.6442,0.0000,0.1798,0.0167,-0.0007,0.0372,0.0491,0.0360,0.0000
2026-05-18 00:00:00,26,eval2026,clear,27.5200,37.9500,97.6400,2.8100,0.0000,9.1400,3.4923,0.0000,0.0000,0.0000,1,0.0000,0.0000,0.0000,1.0000,0.6945,-0.7195,0.0000,0.0312,0.0271,0.0188,0.0205,0.0085,0.0049,0.0000
2026-05-18 01:00:00,26,eval2026,clear,30.2400,32.4400,97.7100,4.1500,0.0000,7.7800,3.2026,0.0000,0.0000,0.0000,1,0.0000,0.0000,0.2588,0.9659,0.6945,-0.7195,0.0000,0.0312,0.0310,0.0275,0.0276,0.0139,0.0020,0.0000
2026-05-18 02:00:00,26,eval2026,clear,33.8600,26.6900,97.7700,3.8700,0.0000,6.7100,4.0073,0.0000,0.0000,0.0000,1,0.0000,0.0000,0.5000,0.8660,0.6945,-0.7195,0.0000,0.0315,0.0366,0.0357,0.0298,0.0119,-0.0089,0.0000
2026-05-18 03:00:00,26,eval2026,clear,38.3800,19.6200,97.8100,5.1600,0.0000,5.5500,4.0073,0.0000,0.0000,0.0000,1,0.0000,0.0000,0.7071,0.7071,0.6945,-0.7195,0.0000,0.0329,0.0402,0.0363,0.0247,0.0042,-0.0197,0.0000
2026-05-18 04:00:00,26,eval2026,clear,40.6200,17.3200,97.8100,5.7100,0.0000,3.9800,4.0073,0.0000,0.0000,0.0000,1,0.0000,0.0000,0.8660,0.5000,0.6945,-0.7195,0.0000,0.0293,0.0393,0.0310,0.0149,-0.0061,-0.0286,0.0000
2026-05-18 05:00:00,26,eval2026,clear,42.3700,15.7500,97.7900,6.1700,0.0000,2.6800,5.0051,0.0000,0.0000,0.0000,1,0.0000,0.0000,0.9659,0.2588,0.6945,-0.7195,0.0000,0.0260,0.0374,0.0248,0.0063,-0.0135,-0.0326,0.0000
2026-05-18 06:00:00,26,eval2026,clear,43.7800,14.4600,97.7300,6.5700,0.0000,1.3800,5.0051,0.0000,0.0000,0.0000,1,0.0000,0.0000,1.0000,0.0000,0.6945,-0.7195,0.0000,0.0253,0.0361,0.0173,-0.0018,-0.0182,-0.0297,0.0000
2026-05-18 07:00:00,26,eval2026,clear,44.7900,13.4300,97.6500,6.9500,0.0000,0.0800,5.0051,0.0000,0.0000,0.0000,1,0.0000,0.0000,0.9659,-0.2588,0.6945,-0.7195,0.0000,0.0253,0.0348,0.0115,-0.0068,-0.0200,-0.0240,0.0000
2026-05-18 08:00:00,26,eval2026,clear,45.3400,12.7300,97.5700,7.2700,0.0000,0.6200,6.0029,0.0000,0.0000,0.0000,1,0.0000,0.0000,0.8660,-0.5000,0.6945,-0.7195,0.0000,0.0233,0.0320,0.0061,-0.0108,-0.0210,-0.0180,0.0000
2026-05-18 09:00:00,26,eval2026,clear,45.3200,12.3500,97.5000,7.4900,0.0000,1.1600,6.0029,0.0000,0.0000,0.0000,1,0.0000,0.0000,0.7071,-0.7071,0.6945,-0.7195,0.0000,0.0219,0.0300,0.0014,-0.0136,-0.0207,-0.0087,0.0000
2026-05-18 10:00:00,26,eval2026,clear,44.8800,12.3700,97.4600,7.5500,0.0000,1.7000,6.0029,0.0000,0.0000,0.0034,1,0.0000,0.0000,0.5000,-0.8660,0.6945,-0.7195,0.0000,0.0217,0.0295,-0.0002,-0.0130,-0.0189,0.0001,0.0000
2026-05-18 11:00:00,26,eval2026,clear,43.9800,12.9200,97.4500,7.3100,0.0000,2.2400,6.0029,0.0000,0.0000,0.0053,1,0.0000,0.0000,0.2588,-0.9659,0.6945,-0.7195,0.0000,0.0202,0.0288,0.0004,-0.0102,-0.0156,0.0085,0.0000
2026-05-18 12:00:00,26,eval2026,clear,42.3300,14.4900,97.4700,5.7800,0.0000,2.7800,5.0051,0.0000,0.0000,0.0038,1,0.0000,0.0000,0.0000,-1.0000,0.6945,-0.7195,0.0000,0.0200,0.0296,0.0035,-0.0054,-0.0114,0.0159,0.0000
2026-05-18 13:00:00,26,eval2026,clear,38.1300,20.1100,97.5300,3.4500,0.0000,3.3300,5.0051,0.0000,0.0000,0.0016,1,0.0000,0.0000,-0.2588,-0.9659,0.6945,-0.7195,0.0000,0.0197,0.0294,0.0073,-0.0006,-0.0079,0.0184,0.0000
2026-05-18 14:00:00,26,eval2026,clear,36.2500,22.7300,97.6000,3.3800,0.0000,3.8700,5.0051,0.0000,0.0000,0.0007,1,0.0000,0.0000,-0.5000,-0.8660,0.6945,-0.7195,0.0000,0.0094,0.0201,0.0056,-0.0005,-0.0063,0.0153,0.0000
2026-05-18 15:00:00,26,eval2026,clear,35.2300,23.9400,97.6400,3.3500,0.0000,3.6500,5.0051,0.0000,0.0000,0.0003,1,0.0000,0.0000,-0.7071,-0.7071,0.6945,-0.7195,0.0000,0.0078,0.0160,0.0051,0.0005,-0.0045,0.0127,0.0000
2026-05-18 16:00:00,26,eval2026,clear,34.3100,24.5700,97.6600,3.4600,0.0000,3.4300,5.0051,0.0000,0.0000,0.0001,1,0.0000,0.0000,-0.8660,-0.5000,0.6945,-0.7195,0.0000,0.0129,0.0168,0.0063,0.0024,-0.0027,0.0105,0.0000
2026-05-18 17:00:00,26,eval2026,clear,33.4000,24.7900,97.6500,3.6600,0.0000,3.2000,5.0051,0.0000,0.0000,0.0000,1,0.0000,0.0000,-0.9659,-0.2588,0.6945,-0.7195,0.0000,0.0218,0.0208,0.0085,0.0046,-0.0017,0.0083,0.0000
2026-05-18 18:00:00,26,eval2026,clear,32.4100,25.0800,97.6200,3.7700,0.0000,2.9800,5.0051,0.0000,0.0000,0.0000,1,0.0000,0.0000,-1.0000,-0.0000,0.6945,-0.7195,0.0000,0.0318,0.0261,0.0107,0.0059,-0.0023,0.0055,0.0000
2026-05-18 19:00:00,26,eval2026,clear,31.3800,25.8000,97.5900,3.7200,0.0000,2.7600,4.5062,0.0000,0.0000,0.0000,1,0.0000,0.0000,-0.9659,0.2588,0.6945,-0.7195,0.0000,0.0405,0.0308,0.0122,0.0062,-0.0043,0.0022,0.0000
2026-05-18 20:00:00,26,eval2026,clear,30.4200,26.6300,97.5600,3.6100,0.0000,0.6900,4.5062,0.0000,0.0000,0.0000,1,0.0000,0.0000,-0.8660,0.5000,0.6945,-0.7195,0.0000,0.0461,0.0340,0.0139,0.0072,-0.0057,-0.0011,0.0000
2026-05-18 21:00:00,26,eval2026,clear,29.5700,27.5500,97.5500,3.4700,0.0000,7.2900,4.5062,0.0000,0.0000,0.0000,1,0.0000,0.0000,-0.7071,0.7071,0.6945,-0.7195,0.0000,0.0454,0.0334,0.0138,0.0072,-0.0075,-0.0049,0.0000
2026-05-18 22:00:00,26,eval2026,clear,28.8400,28.5500,97.5800,3.3000,0.0000,13.9000,4.5062,0.0000,0.0000,0.0000,1,0.0000,0.0000,-0.5000,0.8660,0.6945,-0.7195,0.0000,0.0418,0.0315,0.0131,0.0071,-0.0087,-0.0079,0.0000
2026-05-18 23:00:00,26,eval2026,clear,28.2100,29.5900,97.6400,3.1900,0.0000,20.5100,4.5062,0.0000,0.0000,0.0000,1,0.0000,0.0000,-0.2588,0.9659,0.6945,-0.7195,0.0000,0.0374,0.0296,0.0128,0.0077,-0.0087,-0.0098,0.0000
2026-05-22 00:00:00,27,eval2026,clear,28.5000,19.7200,97.9900,4.7600,0.0000,14.8500,4.0073,0.0000,0.0000,0.0007,1,0.0000,0.0000,0.0000,1.0000,0.6433,-0.7656,0.0000,0.0060,0.0102,-0.0063,-0.0210,-0.0403,-0.0462,0.0000
2026-05-22 01:00:00,27,eval2026,clear,30.2800,17.9600,98.0700,4.8000,0.0000,21.1700,4.0073,0.0000,0.0000,0.0006,1,0.0000,0.0000,0.2588,0.9659,0.6433,-0.7656,0.0000,0.0025,0.0093,-0.0049,-0.0193,-0.0379,-0.0475,0.0000
2026-05-22 02:00:00,27,eval2026,clear,34.1900,14.6700,98.1200,4.2100,0.0000,27.3200,5.0051,0.0000,0.0000,0.0001,1,0.0000,0.0000,0.5000,0.8660,0.6433,-0.7656,0.0000,0.0009,0.0105,-0.0026,-0.0171,-0.0352,-0.0477,0.0000
2026-05-22 03:00:00,27,eval2026,clear,39.0200,11.8100,98.1700,4.9400,0.0000,0.5800,5.0051,0.0000,0.0000,0.0000,1,0.0000,0.0000,0.7071,0.7071,0.6433,-0.7656,0.0000,0.0040,0.0152,-0.0012,-0.0157,-0.0327,-0.0438,0.0000
2026-05-22 04:00:00,27,eval2026,clear,41.5400,10.6600,98.1600,4.6000,0.0000,0.5700,5.0051,0.0000,0.0000,0.0000,1,0.0000,0.0000,0.8660,0.5000,0.6433,-0.7656,0.0000,0.0067,0.0183,-0.0008,-0.0156,-0.0297,-0.0374,0.0000
2026-05-22 05:00:00,27,eval2026,clear,43.2100,10.1400,98.1100,3.9900,0.0000,0.5600,5.0051,0.0000,0.0000,0.0000,1,0.0000,0.0000,0.9659,0.2588,0.6433,-0.7656,0.0000,0.0105,0.0219,-0.0004,-0.0155,-0.0279,-0.0330,0.0000
2026-05-22 06:00:00,27,eval2026,clear,44.3500,9.9500,98.0200,3.5300,0.0000,0.4200,6.0029,0.0000,0.0000,0.0000,1,0.0000,0.0000,1.0000,0.0000,0.6433,-0.7656,0.0000,0.0164,0.0254,-0.0002,-0.0159,-0.0267,-0.0294,0.0000
2026-05-22 07:00:00,27,eval2026,clear,45.0400,9.8000,97.9000,3.4000,0.0000,0.2800,6.0029,0.0000,0.0000,0.0019,1,0.0000,0.0000,0.9659,-0.2588,0.6433,-0.7656,0.0000,0.0253,0.0291,-0.0022,-0.0181,-0.0265,-0.0239,0.0000
2026-05-22 08:00:00,27,eval2026,clear,45.2900,9.6400,97.7900,3.5300,0.0000,0.1400,4.5062,0.0000,0.0000,0.0014,1,0.0000,0.0000,0.8660,-0.5000,0.6433,-0.7656,0.0000,0.0342,0.0318,-0.0040,-0.0197,-0.0260,-0.0187,0.0000
2026-05-22 09:00:00,27,eval2026,clear,45.0000,9.6100,97.7200,3.8500,0.0000,0.6500,4.5062,0.0000,0.0000,0.0021,1,0.0000,0.0000,0.7071,-0.7071,0.6433,-0.7656,0.0000,0.0369,0.0301,-0.0042,-0.0194,-0.0247,-0.0165,0.0000
2026-05-22 10:00:00,27,eval2026,clear,44.2800,9.8400,97.6900,4.2300,0.0000,2.8800,5.0051,0.0000,0.0000,0.0090,1,0.0000,0.0000,0.5000,-0.8660,0.6433,-0.7656,0.0000,0.0317,0.0240,-0.0068,-0.0204,-0.0239,-0.0143,0.0000
2026-05-22 11:00:00,27,eval2026,clear,43.1400,10.3500,97.6800,4.5000,0.0000,24.5700,5.0051,0.0000,0.0000,0.0040,1,0.0000,0.0000,0.2588,-0.9659,0.6433,-0.7656,0.0000,0.0255,0.0187,-0.0094,-0.0209,-0.0229,-0.0107,0.0000
2026-05-22 12:00:00,27,eval2026,clear,41.4900,11.2800,97.7000,4.3500,0.0000,45.8300,5.0051,0.0000,0.0000,0.0032,1,0.0000,0.0000,0.0000,-1.0000,0.6433,-0.7656,0.0000,0.0157,0.0133,-0.0112,-0.0194,-0.0207,-0.0059,0.0000
2026-05-22 13:00:00,27,eval2026,clear,37.4500,14.8600,97.7500,2.9300,0.0000,69.7900,4.5062,0.0000,0.0000,0.0044,1,0.0000,0.0000,-0.2588,-0.9659,0.6433,-0.7656,0.0000,0.0051,0.0093,-0.0105,-0.0143,-0.0149,0.0020,0.0000
2026-05-22 14:00:00,27,eval2026,clear,35.4300,16.6100,97.8200,3.2600,0.0000,92.2300,4.5062,0.0000,0.0000,0.0027,1,0.0000,0.0000,-0.5000,-0.8660,0.6433,-0.7656,0.0000,-0.0081,0.0040,-0.0072,-0.0047,-0.0033,0.0115,0.0000
2026-05-22 15:00:00,27,eval2026,clear,34.4000,17.6800,97.8700,3.3800,0.0000,78.8800,4.0073,0.0000,0.0000,0.0004,1,0.0000,0.0000,-0.7071,-0.7071,0.6433,-0.7656,0.0000,-0.0156,0.0055,0.0022,0.0101,0.0119,0.0226,0.0000
2026-05-22 16:00:00,27,eval2026,clear,33.5200,19.0200,97.8900,3.4400,0.0000,41.3800,4.0073,0.0000,0.0000,0.0002,1,0.0000,0.0000,-0.8660,-0.5000,0.6433,-0.7656,0.0000,-0.0171,0.0121,0.0145,0.0215,0.0198,0.0248,0.0000
2026-05-22 17:00:00,27,eval2026,clear,32.7500,20.4300,97.9000,3.4500,0.0000,7.1400,4.0073,0.0000,0.0000,0.0006,1,0.0000,0.0000,-0.9659,-0.2588,0.6433,-0.7656,0.0000,-0.0123,0.0174,0.0190,0.0182,0.0106,0.0126,0.0000
2026-05-22 18:00:00,27,eval2026,clear,32.0300,21.9900,97.8800,3.4400,0.0000,0.5500,4.0073,0.0000,0.0000,0.0005,1,0.0000,0.0000,-1.0000,-0.0000,0.6433,-0.7656,0.0000,-0.0008,0.0194,0.0150,0.0062,-0.0058,-0.0036,0.0000
2026-05-22 19:00:00,27,eval2026,clear,31.3800,23.7300,97.8700,3.3500,0.0000,0.5500,4.0073,0.0000,0.0000,0.0001,1,0.0000,0.0000,-0.9659,0.2588,0.6433,-0.7656,0.0000,0.0083,0.0174,0.0074,-0.0043,-0.0182,-0.0152,0.0000
2026-05-22 20:00:00,27,eval2026,clear,30.7100,25.9200,97.8500,3.1100,0.0000,1.0200,4.0073,0.0000,0.0000,0.0003,1,0.0000,0.0000,-0.8660,0.5000,0.6433,-0.7656,0.0000,0.0141,0.0151,0.0013,-0.0099,-0.0245,-0.0212,0.0000
2026-05-22 21:00:00,27,eval2026,clear,30.0900,28.2800,97.8400,2.8900,0.0000,0.5500,4.0073,0.0000,0.0000,0.0005,1,0.0000,0.0000,-0.7071,0.7071,0.6433,-0.7656,0.0000,0.0164,0.0128,-0.0022,-0.0113,-0.0259,-0.0232,0.0000
2026-05-22 22:00:00,27,eval2026,clear,29.4400,30.4600,97.8700,2.7900,0.0000,0.5500,3.4923,0.0000,0.0000,0.0176,1,0.0000,0.0000,-0.5000,0.8660,0.6433,-0.7656,0.0000,0.0161,0.0110,-0.0035,-0.0098,-0.0240,-0.0226,0.0000
2026-05-22 23:00:00,27,eval2026,clear,28.8200,32.3700,97.9200,2.7800,0.0000,36.0900,3.4923,0.0000,0.0000,0.0143,1,0.0000,0.0000,-0.2588,0.9659,0.6433,-0.7656,0.0000,0.0149,0.0106,-0.0002,-0.0031,-0.0167,-0.0189,0.0000
2026-05-25 00:00:00,28,eval2026,mixed,31.0200,23.5700,97.7600,4.4500,0.0000,58.0900,3.4923,0.0000,0.0000,0.0154,1,0.0000,0.0000,0.0000,1.0000,0.6030,-0.7978,0.0000,0.0202,0.0226,0.0095,-0.0003,-0.0239,-0.0298,0.0000
2026-05-25 01:00:00,28,eval2026,mixed,32.7500,22.8600,97.8100,5.6600,0.0000,78.1000,3.4923,0.0000,0.0000,0.0123,1,0.0000,0.0000,0.2588,0.9659,0.6030,-0.7978,0.0000,0.0239,0.0281,0.0164,0.0058,-0.0207,-0.0331,0.0000
2026-05-25 02:00:00,28,eval2026,mixed,35.1600,22.7700,97.8400,7.9700,0.0000,98.4500,3.4923,0.0000,0.0000,0.0056,1,0.0000,0.0000,0.5000,0.8660,0.6030,-0.7978,0.0000,0.0268,0.0354,0.0244,0.0103,-0.0204,-0.0392,0.0000
2026-05-25 03:00:00,28,eval2026,mixed,38.0100,19.3200,97.8500,7.6400,0.0000,97.9500,3.4923,0.0000,0.0000,0.0016,1,0.0000,0.0000,0.7071,0.7071,0.6030,-0.7978,0.0000,0.0247,0.0403,0.0286,0.0084,-0.0239,-0.0457,0.0000
2026-05-25 04:00:00,28,eval2026,mixed,40.7500,15.8100,97.8500,6.1100,0.0000,97.1200,4.0073,0.0000,0.0000,0.0001,1,0.0000,0.0000,0.8660,0.5000,0.6030,-0.7978,0.0000,0.0214,0.0411,0.0286,0.0057,-0.0221,-0.0419,0.0000
2026-05-25 05:00:00,28,eval2026,mixed,42.7800,13.7800,97.8100,5.2300,0.0000,70.1800,4.0073,0.0000,0.0000,0.0000,1,0.0000,0.0000,0.9659,0.2588,0.6030,-0.7978,0.0000,0.0191,0.0386,0.0258,0.0052,-0.0126,-0.0248,0.0000
2026-05-25 06:00:00,28,eval2026,mixed,44.1300,12.6000,97.7500,4.9900,0.0000,68.9300,4.0073,0.0000,0.0000,0.0000,1,0.0000,0.0000,1.0000,0.0000,0.6030,-0.7978,0.0000,0.0200,0.0340,0.0214,0.0041,-0.0029,-0.0063,0.0000
2026-05-25 07:00:00,28,eval2026,mixed,44.9900,11.8000,97.6600,5.1300,0.0000,67.1100,4.0073,0.0000,0.0000,0.0000,1,0.0000,0.0000,0.9659,-0.2588,0.6030,-0.7978,0.0000,0.0264,0.0337,0.0215,0.0074,0.0068,0.0087,0.0000
2026-05-25 08:00:00,28,eval2026,mixed,45.3200,11.4200,97.5700,5.6200,0.0000,45.0400,4.5062,0.0000,0.0000,0.0001,1,0.0000,0.0000,0.8660,-0.5000,0.6030,-0.7978,0.0000,0.0324,0.0346,0.0234,0.0115,0.0135,0.0180,0.0000
2026-05-25 09:00:00,28,eval2026,mixed,45.1900,11.3900,97.5100,6.1200,0.0000,23.2000,4.5062,0.0000,0.0000,0.0035,1,0.0000,0.0000,0.7071,-0.7071,0.6030,-0.7978,0.0000,0.0365,0.0346,0.0217,0.0103,0.0139,0.0223,0.0000
2026-05-25 10:00:00,28,eval2026,mixed,44.5200,11.8200,97.4700,6.5000,0.0000,1.5700,4.5062,0.0000,0.0000,0.0022,1,0.0000,0.0000,0.5000,-0.8660,0.6030,-0.7978,0.0000,0.0343,0.0302,0.0153,0.0043,0.0082,0.0209,0.0000
2026-05-25 11:00:00,28,eval2026,mixed,43.3900,12.7400,97.4500,6.6500,0.0000,22.7400,4.5062,0.0000,0.0000,0.0131,1,0.0000,0.0000,0.2588,-0.9659,0.6030,-0.7978,0.0000,0.0268,0.0224,0.0060,-0.0041,0.0003,0.0181,0.0000
2026-05-25 12:00:00,28,eval2026,mixed,41.8700,13.9100,97.4700,6.0500,0.0000,45.5700,4.5062,0.0000,0.0000,0.0920,1,0.0000,0.0000,0.0000,-1.0000,0.6030,-0.7978,0.0000,0.0107,0.0111,-0.0023,-0.0088,-0.0036,0.0175,0.0000
2026-05-25 13:00:00,28,eval2026,mixed,38.9100,16.4500,97.5100,3.9400,0.0000,68.0000,4.0073,0.0000,0.0000,0.0901,1,0.0000,0.0000,-0.2588,-0.9659,0.6030,-0.7978,0.0000,-0.0055,0.0026,-0.0026,-0.0025,0.0036,0.0257,0.0000
2026-05-25 14:00:00,28,eval2026,mixed,37.1200,18.1800,97.5800,3.8300,0.0000,90.0400,4.0073,0.0000,0.0000,0.0142,1,0.0000,0.0000,-0.5000,-0.8660,0.6030,-0.7978,0.0000,-0.0146,0.0017,0.0096,0.0186,0.0258,0.0416,0.0000
2026-05-25 15:00:00,28,eval2026,mixed,36.2100,19.0900,97.6300,3.9500,0.0000,91.3300,4.0073,0.0000,0.0000,0.0003,1,0.0000,0.0000,-0.7071,-0.7071,0.6030,-0.7978,0.0000,-0.0175,0.0094,0.0297,0.0438,0.0503,0.0558,0.0000
2026-05-25 16:00:00,28,eval2026,mixed,35.3300,20.0400,97.6700,4.0500,0.0000,98.4000,4.0073,0.0000,0.0000,0.0005,1,0.0000,0.0000,-0.8660,-0.5000,0.6030,-0.7978,0.0000,-0.0219,0.0179,0.0475,0.0610,0.0629,0.0569,0.0000
2026-05-25 17:00:00,28,eval2026,mixed,34.5100,20.9500,97.6900,4.2300,0.0000,98.6000,3.4923,0.0000,0.0000,0.0014,1,0.0000,0.0000,-0.9659,-0.2588,0.6030,-0.7978,0.0000,-0.0215,0.0299,0.0646,0.0727,0.0658,0.0478,0.0000
2026-05-25 18:00:00,28,eval2026,mixed,33.6200,21.8400,97.6900,4.2500,0.0000,71.3600,3.4923,0.0000,0.0000,0.0014,1,0.0000,0.0000,-1.0000,-0.0000,0.6030,-0.7978,0.0000,-0.0177,0.0403,0.0757,0.0771,0.0603,0.0350,0.0000
2026-05-25 19:00:00,28,eval2026,mixed,32.5100,22.7900,97.6800,3.8900,0.0000,19.7600,3.4923,0.0000,0.0000,0.0005,1,0.0000,0.0000,-0.9659,0.2588,0.6030,-0.7978,0.0000,-0.0193,0.0353,0.0649,0.0596,0.0380,0.0164,0.0000
2026-05-25 20:00:00,28,eval2026,mixed,31.3700,23.3600,97.6700,3.5100,0.0000,7.1200,3.4923,0.0000,0.0000,0.0001,1,0.0000,0.0000,-0.8660,0.5000,0.6030,-0.7978,0.0000,-0.0203,0.0190,0.0369,0.0272,0.0081,-0.0028,0.0000
2026-05-25 21:00:00,28,eval2026,mixed,30.3400,23.9500,97.6700,3.3000,0.0000,6.9000,3.4923,0.0000,0.0000,0.0000,1,0.0000,0.0000,-0.7071,0.7071,0.6030,-0.7978,0.0000,-0.0178,0.0069,0.0158,0.0058,-0.0099,-0.0163,0.0000
2026-05-25 22:00:00,28,eval2026,mixed,29.4500,25.1700,97.7100,3.1600,0.0000,12.0800,3.4923,0.0000,0.0000,0.0000,1,0.0000,0.0000,-0.5000,0.8660,0.6030,-0.7978,0.0000,-0.0155,-0.0002,0.0036,-0.0045,-0.0183,-0.0244,0.0000
2026-05-25 23:00:00,28,eval2026,mixed,28.6400,26.9100,97.7600,3.0100,0.0000,2.2000,3.4923,0.0000,0.0000,0.0000,1,0.0000,0.0000,-0.2588,0.9659,0.6030,-0.7978,0.0000,-0.0119,-0.0023,-0.0016,-0.0079,-0.0213,-0.0294,0.0000
2026-05-26 00:00:00,29,eval2026,clear,29.1900,27.0400,97.8200,3.0800,0.0000,1.9400,3.2026,0.0000,0.0000,0.0000,1,0.0000,0.0000,0.0000,1.0000,0.5892,-0.8080,0.0000,-0.0078,-0.0023,-0.0036,-0.0089,-0.0212,-0.0317,0.0000
2026-05-26 01:00:00,29,eval2026,clear,31.9000,24.1700,97.9000,4.3300,0.0000,1.6700,2.4945,0.0000,0.0000,0.0000,1,0.0000,0.0000,0.2588,0.9659,0.5892,-0.8080,0.0000,-0.0030,0.0001,-0.0023,-0.0074,-0.0186,-0.0315,0.0000
2026-05-26 02:00:00,29,eval2026,clear,35.6700,19.8400,97.9600,4.3000,0.0000,1.4100,2.0921,0.0000,0.0000,0.0000,1,0.0000,0.0000,0.5000,0.8660,0.5892,-0.8080,0.0000,-0.0002,0.0036,0.0014,-0.0049,-0.0156,-0.0311,0.0000
2026-05-26 03:00:00,29,eval2026,clear,40.5400,12.9100,98.0000,6.1300,0.0000,1.1500,3.4923,0.0000,0.0000,0.0000,1,0.0000,0.0000,0.7071,0.7071,0.5892,-0.8080,0.0000,0.0015,0.0077,0.0070,-0.0005,-0.0116,-0.0300,0.0000
2026-05-26 04:00:00,29,eval2026,clear,42.6000,10.6000,97.9900,6.8200,0.0000,0.8900,4.5062,0.0000,0.0000,0.0000,1,0.0000,0.0000,0.8660,0.5000,0.5892,-0.8080,0.0000,0.0059,0.0148,0.0095,-0.0023,-0.0143,-0.0315,0.0000
2026-05-26 05:00:00,29,eval2026,clear,44.1100,9.2500,97.9600,7.4000,0.0000,0.6200,5.0051,0.0000,0.0000,0.0000,1,0.0000,0.0000,0.9659,0.2588,0.5892,-0.8080,0.0000,0.0141,0.0246,0.0110,-0.0046,-0.0172,-0.0303,0.0000
2026-05-26 06:00:00,29,eval2026,clear,45.2500,8.1500,97.9000,7.9200,0.0000,0.3600,6.0029,0.0000,0.0000,0.0000,1,0.0000,0.0000,1.0000,0.0000,0.5892,-0.8080,0.0000,0.0199,0.0312,0.0099,-0.0077,-0.0191,-0.0259,0.0000
2026-05-26 07:00:00,29,eval2026,clear,45.9700,7.4000,97.8000,8.4200,0.0000,0.1000,7.0006,0.0000,0.0000,0.0001,1,0.0000,0.0000,0.9659,-0.2588,0.5892,-0.8080,0.0000,0.0235,0.0349,0.0064,-0.0116,-0.0209,-0.0182,0.0000
2026-05-26 08:00:00,29,eval2026,clear,46.2700,7.0200,97.7200,8.8000,0.0000,0.1800,7.0006,0.0000,0.0000,0.0001,1,0.0000,0.0000,0.8660,-0.5000,0.5892,-0.8080,0.0000,0.0249,0.0365,0.0021,-0.0152,-0.0228,-0.0093,0.0000
2026-05-26 09:00:00,29,eval2026,clear,45.9600,7.0700,97.6400,8.5400,0.0000,4.1700,7.0006,0.0000,0.0000,0.0001,1,0.0000,0.0000,0.7071,-0.7071,0.5892,-0.8080,0.0000,0.0277,0.0390,0.0017,-0.0147,-0.0224,-0.0014,0.0000
2026-05-26 10:00:00,29,eval2026,clear,45.3200,7.3600,97.5900,7.9200,0.0000,7.0900,7.0006,0.0000,0.0000,0.0048,1,0.0000,0.0000,0.5000,-0.8660,0.5892,-0.8080,0.0000,0.0279,0.0402,0.0036,-0.0117,-0.0203,0.0049,0.0000
2026-05-26 11:00:00,29,eval2026,clear,44.2700,7.8900,97.5800,7.2600,0.0000,10.6600,7.0006,0.0000,0.0000,0.0145,1,0.0000,0.0000,0.2588,-0.9659,0.5892,-0.8080,0.0000,0.0277,0.0417,0.0078,-0.0067,-0.0172,0.0097,0.0000
2026-05-26 12:00:00,29,eval2026,clear,42.6400,8.7600,97.6100,5.6000,0.0000,14.0000,7.0006,0.0000,0.0000,0.0017,1,0.0000,0.0000,0.0000,-1.0000,0.5892,-0.8080,0.0000,0.0282,0.0443,0.0141,-0.0001,-0.0131,0.0139,0.0000
2026-05-26 13:00:00,29,eval2026,clear,38.2700,11.7200,97.6700,3.1500,0.0000,19.6700,6.0029,0.0000,0.0000,0.0037,1,0.0000,0.0000,-0.2588,-0.9659,0.5892,-0.8080,0.0000,0.0294,0.0468,0.0198,0.0057,-0.0102,0.0153,0.0000
2026-05-26 14:00:00,29,eval2026,clear,36.1900,13.4800,97.7600,2.9800,0.0000,23.9900,5.0051,0.0000,0.0000,0.0076,1,0.0000,0.0000,-0.5000,-0.8660,0.5892,-0.8080,0.0000,0.0206,0.0398,0.0191,0.0070,-0.0101,0.0105,0.0000
2026-05-26 15:00:00,29,eval2026,clear,35.2900,14.2800,97.8100,2.7100,0.0000,42.4900,4.5062,0.0000,0.0000,0.0008,1,0.0000,0.0000,-0.7071,-0.7071,0.5892,-0.8080,0.0000,0.0172,0.0344,0.0173,0.0065,-0.0107,0.0057,0.0000
2026-05-26 16:00:00,29,eval2026,clear,34.4900,14.7300,97.8400,2.5100,0.0000,40.1100,4.5062,0.0000,0.0000,0.0016,1,0.0000,0.0000,-0.8660,-0.5000,0.5892,-0.8080,0.0000,0.0159,0.0303,0.0144,0.0055,-0.0110,0.0014,0.0000
2026-05-26 17:00:00,29,eval2026,clear,33.5200,15.0600,97.8200,2.4400,0.0000,30.6700,4.5062,0.0000,0.0000,0.0017,1,0.0000,0.0000,-0.9659,-0.2588,0.5892,-0.8080,0.0000,0.0221,0.0307,0.0126,0.0043,-0.0119,-0.0018,0.0000
2026-05-26 18:00:00,29,eval2026,clear,32.2300,15.4700,97.7700,2.5200,0.0000,22.0300,4.5062,0.0000,0.0000,0.0001,1,0.0000,0.0000,-1.0000,-0.0000,0.5892,-0.8080,0.0000,0.0332,0.0339,0.0119,0.0035,-0.0132,-0.0044,0.0000
2026-05-26 19:00:00,29,eval2026,clear,30.9700,15.8100,97.7300,2.5800,0.0000,11.5900,4.5062,0.0000,0.0000,0.0000,1,0.0000,0.0000,-0.9659,0.2588,0.5892,-0.8080,0.0000,0.0438,0.0368,0.0113,0.0025,-0.0155,-0.0072,0.0000
2026-05-26 20:00:00,29,eval2026,clear,29.9900,16.2000,97.7000,2.5000,0.0000,1.1000,4.5062,0.0000,0.0000,0.0000,1,0.0000,0.0000,-0.8660,0.5000,0.5892,-0.8080,0.0000,0.0502,0.0378,0.0103,0.0010,-0.0185,-0.0109,0.0000
2026-05-26 21:00:00,29,eval2026,clear,29.4100,16.6000,97.6800,2.2100,0.0000,0.0600,4.5062,0.0000,0.0000,0.0000,1,0.0000,0.0000,-0.7071,0.7071,0.5892,-0.8080,0.0000,0.0493,0.0353,0.0082,-0.0006,-0.0211,-0.0147,0.0000
2026-05-26 22:00:00,29,eval2026,clear,29.2300,16.7300,97.6800,1.8100,0.0000,0.0600,4.0073,0.0000,0.0000,0.0000,1,0.0000,0.0000,-0.5000,0.8660,0.5892,-0.8080,0.0000,0.0422,0.0297,0.0050,-0.0020,-0.0224,-0.0169,0.0000
2026-05-26 23:00:00,29,eval2026,clear,29.0300,16.9300,97.7100,1.4700,0.0000,0.0500,3.4923,0.0000,0.0000,0.0000,1,0.0000,0.0000,-0.2588,0.9659,0.5892,-0.8080,0.0000,0.0319,0.0228,0.0031,-0.0004,-0.0194,-0.0158,0.0000
2026-05-27 00:00:00,30,eval2026,clear,28.9800,17.3800,97.7500,1.3400,0.0000,0.0500,3.4923,0.0000,0.0000,0.0000,1,0.0000,0.0000,0.0000,1.0000,0.5752,-0.8180,0.0000,0.0211,0.0161,0.0037,0.0045,-0.0124,-0.0125,0.0000
2026-05-27 01:00:00,30,eval2026,clear,31.1600,15.2400,97.8200,1.8300,0.0000,0.0400,2.4945,0.0000,0.0000,0.0000,1,0.0000,0.0000,0.2588,0.9659,0.5752,-0.8180,0.0000,0.0142,0.0124,0.0059,0.0087,-0.0069,-0.0115,0.0000
2026-05-27 02:00:00,30,eval2026,clear,34.6700,12.2400,97.8800,2.0500,0.0000,0.0400,2.0921,0.0000,0.0000,0.0000,1,0.0000,0.0000,0.5000,0.8660,0.5752,-0.8180,0.0000,0.0070,0.0101,0.0113,0.0152,-0.0006,-0.0112,0.0000
2026-05-27 03:00:00,30,eval2026,clear,40.2700,8.2000,97.9300,4.2400,0.0000,0.0300,2.8003,0.0000,0.0000,0.0000,1,0.0000,0.0000,0.7071,0.7071,0.5752,-0.8180,0.0000,0.0028,0.0103,0.0171,0.0196,0.0011,-0.0152,0.0000
2026-05-27 04:00:00,30,eval2026,clear,42.3600,7.3600,97.9500,5.2700,0.0000,0.0200,3.4923,0.0000,0.0000,0.0000,1,0.0000,0.0000,0.8660,0.5000,0.5752,-0.8180,0.0000,0.0040,0.0133,0.0170,0.0121,-0.0100,-0.0277,0.0000
2026-05-27 05:00:00,30,eval2026,clear,43.9200,6.7500,97.9400,5.9500,0.0000,0.0200,5.0051,0.0000,0.0000,0.0000,1,0.0000,0.0000,0.9659,0.2588,0.5752,-0.8180,0.0000,0.0090,0.0175,0.0137,0.0021,-0.0208,-0.0355,0.0000
2026-05-27 06:00:00,30,eval2026,clear,45.2000,6.2400,97.8800,6.4000,0.0000,0.0100,5.0051,0.0000,0.0000,0.0000,1,0.0000,0.0000,1.0000,0.0000,0.5752,-0.8180,0.0000,0.0171,0.0223,0.0073,-0.0076,-0.0276,-0.0328,0.0000
2026-05-27 07:00:00,30,eval2026,clear,46.1700,5.9000,97.7800,6.8500,0.0000,0.0100,6.0029,0.0000,0.0000,0.0000,1,0.0000,0.0000,0.9659,-0.2588,0.5752,-0.8180,0.0000,0.0217,0.0249,0.0020,-0.0137,-0.0296,-0.0256,0.0000
2026-05-27 08:00:00,30,eval2026,clear,46.7900,5.7100,97.6800,7.3000,0.0000,0.0000,7.0006,0.0000,0.0000,0.0000,1,0.0000,0.0000,0.8660,-0.5000,0.5752,-0.8180,0.0000,0.0216,0.0240,-0.0053,-0.0195,-0.0306,-0.0147,0.0000
2026-05-27 09:00:00,30,eval2026,clear,46.8100,5.7900,97.6000,7.6900,0.0000,5.6000,7.0006,0.0000,0.0000,0.0000,1,0.0000,0.0000,0.7071,-0.7071,0.5752,-0.8180,0.0000,0.0188,0.0220,-0.0123,-0.0242,-0.0313,-0.0024,0.0000
2026-05-27 10:00:00,30,eval2026,clear,46.3600,6.1700,97.5400,8.1000,0.0000,11.1000,7.0006,0.0000,0.0000,0.0015,1,0.0000,0.0000,0.5000,-0.8660,0.5752,-0.8180,0.0000,0.0171,0.0221,-0.0137,-0.0231,-0.0284,0.0095,0.0000
2026-05-27 11:00:00,30,eval2026,clear,45.4600,6.8400,97.5200,8.1900,0.0000,16.5600,7.0006,0.0000,0.0000,0.0092,1,0.0000,0.0000,0.2588,-0.9659,0.5752,-0.8180,0.0000,0.0175,0.0255,-0.0089,-0.0163,-0.0215,0.0212,0.0000
2026-05-27 12:00:00,30,eval2026,clear,43.8900,7.8700,97.5300,7.1300,0.0000,22.0400,6.0029,0.0000,0.0000,0.0002,1,0.0000,0.0000,0.0000,-1.0000,0.5752,-0.8180,0.0000,0.0210,0.0325,0.0016,-0.0048,-0.0117,0.0317,0.0000
2026-05-27 13:00:00,30,eval2026,clear,39.8200,10.4800,97.5800,4.3300,0.0000,27.9800,6.0029,0.0000,0.0000,0.0000,1,0.0000,0.0000,-0.2588,-0.9659,0.5752,-0.8180,0.0000,0.0284,0.0426,0.0158,0.0092,-0.0012,0.0382,0.0000
2026-05-27 14:00:00,30,eval2026,clear,37.3600,12.7800,97.6500,3.9900,0.0000,33.4900,5.0051,0.0000,0.0000,0.0000,1,0.0000,0.0000,-0.5000,-0.8660,0.5752,-0.8180,0.0000,0.0161,0.0366,0.0183,0.0131,0.0010,0.0336,0.0000
2026-05-27 15:00:00,30,eval2026,clear,36.1500,14.6200,97.7100,3.7700,0.0000,19.2200,5.0051,0.0000,0.0000,0.0001,1,0.0000,0.0000,-0.7071,-0.7071,0.5752,-0.8180,0.0000,0.0129,0.0348,0.0215,0.0170,0.0034,0.0289,0.0000
2026-05-27 16:00:00,30,eval2026,clear,35.0600,16.6400,97.7500,3.4400,0.0000,7.1300,5.0051,0.0000,0.0000,0.0001,1,0.0000,0.0000,-0.8660,-0.5000,0.5752,-0.8180,0.0000,0.0132,0.0314,0.0186,0.0126,-0.0012,0.0201,0.0000
2026-05-27 17:00:00,30,eval2026,clear,34.2100,18.4800,97.7400,3.1800,0.0000,17.0100,5.0051,0.0000,0.0000,0.0001,1,0.0000,0.0000,-0.9659,-0.2588,0.5752,-0.8180,0.0000,0.0180,0.0286,0.0134,0.0059,-0.0080,0.0098,0.0000
2026-05-27 18:00:00,30,eval2026,clear,33.5400,20.0800,97.7200,2.9100,0.0000,0.5500,5.0051,0.0000,0.0000,0.0000,1,0.0000,0.0000,-1.0000,-0.0000,0.5752,-0.8180,0.0000,0.0247,0.0276,0.0092,0.0021,-0.0119,0.0034,0.0000
2026-05-27 19:00:00,30,eval2026,clear,32.9100,21.2600,97.6900,2.5500,0.0000,0.9100,5.0051,0.0000,0.0000,0.0000,1,0.0000,0.0000,-0.9659,0.2588,0.5752,-0.8180,0.0000,0.0355,0.0302,0.0081,0.0009,-0.0140,-0.0008,0.0000
2026-05-27 20:00:00,30,eval2026,clear,32.3000,21.6500,97.6700,2.1400,0.0000,1.2800,5.0051,0.0000,0.0000,0.0000,1,0.0000,0.0000,-0.8660,0.5000,0.5752,-0.8180,0.0000,0.0428,0.0319,0.0077,0.0017,-0.0140,-0.0024,0.0000
2026-05-27 21:00:00,30,eval2026,clear,31.7600,21.3500,97.6700,1.6700,0.0000,4.9500,5.0051,0.0000,0.0000,0.0000,1,0.0000,0.0000,-0.7071,0.7071,0.5752,-0.8180,0.0000,0.0464,0.0330,0.0080,0.0039,-0.0126,-0.0018,0.0000
2026-05-27 22:00:00,30,eval2026,clear,30.7400,21.9000,97.6900,1.6100,0.0000,2.2000,4.5062,0.0000,0.0000,0.0000,1,0.0000,0.0000,-0.5000,0.8660,0.5752,-0.8180,0.0000,0.0451,0.0323,0.0079,0.0063,-0.0103,0.0003,0.0000
2026-05-27 23:00:00,30,eval2026,clear,29.4500,23.2100,97.7300,1.9800,0.0000,23.7600,4.5062,0.0000,0.0000,0.0000,1,0.0000,0.0000,-0.2588,0.9659,0.5752,-0.8180,0.0000,0.0407,0.0305,0.0097,0.0109,-0.0051,0.0032,0.0000
2026-06-01 00:00:00,31,eval2026,clear,25.4700,64.9600,98.2900,2.9500,0.0500,44.9600,3.2026,0.0000,1.0000,0.0052,1,0.0000,0.0000,0.0000,1.0000,0.5028,-0.8644,0.1511,0.2333,0.1729,0.1474,0.1598,0.1352,0.1463,0.0000
2026-06-01 01:00:00,31,eval2026,clear,27.3700,57.0800,98.3500,3.2700,0.0100,43.7100,2.4945,0.0000,0.0000,0.0132,1,0.0000,0.0000,0.2588,0.9659,0.5028,-0.8644,0.0376,0.2027,0.1679,0.1614,0.1709,0.1334,0.1110,0.0000
2026-06-01 02:00:00,31,eval2026,clear,30.1300,46.7400,98.4000,3.5200,0.0000,45.8400,2.9934,0.0000,0.0000,0.0082,1,0.0000,0.0000,0.5000,0.8660,0.5028,-0.8644,0.0000,0.1416,0.1472,0.1546,0.1473,0.1011,0.0532,0.0000
2026-06-01 03:00:00,31,eval2026,clear,32.6000,39.0200,98.4200,3.0700,0.0000,10.1800,3.4923,0.0000,0.0000,0.0060,1,0.0000,0.0000,0.7071,0.7071,0.5028,-0.8644,0.0000,0.1032,0.1264,0.1300,0.1069,0.0596,0.0049,0.0000
2026-06-01 04:00:00,31,eval2026,clear,34.5900,33.8000,98.4100,2.6200,0.0000,3.8500,4.5062,0.0000,0.0000,0.0156,1,0.0000,0.0000,0.8660,0.5000,0.5028,-0.8644,0.0000,0.0699,0.0964,0.0922,0.0613,0.0245,-0.0222,0.0000
2026-06-01 05:00:00,31,eval2026,clear,36.0600,30.6300,98.3700,2.4300,0.0000,7.2700,6.0029,0.0000,0.0000,0.0447,1,0.0000,0.0000,0.9659,0.2588,0.5028,-0.8644,0.0000,0.0498,0.0695,0.0549,0.0236,-0.0001,-0.0331,0.0000
2026-06-01 06:00:00,31,eval2026,clear,37.1100,28.5900,98.3100,2.2600,0.0000,29.7000,6.0029,0.0000,0.0000,0.0505,1,0.0000,0.0000,1.0000,0.0000,0.5028,-0.8644,0.0000,0.0314,0.0435,0.0199,-0.0053,-0.0164,-0.0331,0.0000
2026-06-01 07:00:00,31,eval2026,clear,37.7400,27.3500,98.2500,2.0700,0.0000,49.4800,6.0029,0.0000,0.0000,0.0403,1,0.0000,0.0000,0.9659,-0.2588,0.5028,-0.8644,0.0000,0.0203,0.0261,-0.0020,-0.0195,-0.0217,-0.0269,0.0000
2026-06-01 08:00:00,31,eval2026,clear,37.9600,26.7000,98.1800,1.8000,0.0000,42.3000,6.0029,0.0000,0.0000,0.0348,1,0.0000,0.0000,0.8660,-0.5000,0.5028,-0.8644,0.0000,0.0154,0.0164,-0.0130,-0.0231,-0.0194,-0.0175,0.0000
2026-06-01 09:00:00,31,eval2026,clear,37.8200,26.5800,98.1200,1.7500,0.0000,7.0300,6.0029,0.0000,0.0000,0.0207,1,0.0000,0.0000,0.7071,-0.7071,0.5028,-0.8644,0.0000,0.0118,0.0105,-0.0175,-0.0219,-0.0149,-0.0090,0.0000
2026-06-01 10:00:00,31,eval2026,clear,37.0800,27.3800,98.0800,2.0100,0.0000,3.3700,6.0029,0.0000,0.0000,0.0886,1,0.0000,0.0000,0.5000,-0.8660,0.5028,-0.8644,0.0000,0.0131,0.0090,-0.0165,-0.0182,-0.0102,-0.0030,0.0000
2026-06-01 11:00:00,31,eval2026,clear,36.2300,28.5500,98.0600,2.3400,0.0000,3.0800,6.0029,0.0000,0.0000,0.1142,1,0.0000,0.0000,0.2588,-0.9659,0.5028,-0.8644,0.0000,0.0014,0.0005,-0.0201,-0.0169,-0.0081,0.0015,0.0000
2026-06-01 12:00:00,31,eval2026,clear,35.2200,30.2700,98.0900,2.6000,0.0000,2.7900,6.0029,0.0000,0.0000,0.1103,1,0.0000,0.0000,0.0000,-1.0000,0.5028,-0.8644,0.0000,-0.0039,-0.0022,-0.0185,-0.0099,-0.0002,0.0115,0.0000
2026-06-01 13:00:00,31,eval2026,clear,33.6200,36.2700,98.1500,1.9800,0.0000,2.5000,6.0029,0.0000,0.0000,0.0832,1,0.0000,0.0000,-0.2588,-0.9659,0.5028,-0.8644,0.0000,-0.0025,0.0006,-0.0119,0.0019,0.0123,0.0247,0.0000
2026-06-01 14:00:00,31,eval2026,clear,32.4600,39.5900,98.2100,2.2100,0.0000,2.2100,5.0051,0.0000,0.0000,0.0574,1,0.0000,0.0000,-0.5000,-0.8660,0.5028,-0.8644,0.0000,0.0026,0.0059,-0.0020,0.0171,0.0283,0.0386,0.0000
2026-06-01 15:00:00,31,eval2026,clear,31.8100,40.5300,98.2600,2.6400,0.0000,2.2000,4.5062,0.0000,0.0000,0.0480,1,0.0000,0.0000,-0.7071,-0.7071,0.5028,-0.8644,0.0000,0.0192,0.0202,0.0148,0.0341,0.0426,0.0465,0.0000
2026-06-01 16:00:00,31,eval2026,clear,31.2300,42.1800,98.2900,3.0600,0.0000,3.8700,4.5062,0.0000,0.0000,0.0510,1,0.0000,0.0000,-0.8660,-0.5000,0.5028,-0.8644,0.0000,0.0398,0.0373,0.0322,0.0478,0.0519,0.0493,0.0000
2026-06-01 17:00:00,31,eval2026,clear,30.7200,44.0900,98.3000,3.4100,0.0000,16.4900,4.5062,0.0000,0.0000,0.0461,1,0.0000,0.0000,-0.9659,-0.2588,0.5028,-0.8644,0.0000,0.0624,0.0540,0.0467,0.0576,0.0578,0.0516,0.0000
2026-06-01 18:00:00,31,eval2026,clear,30.2000,46.2800,98.2800,3.4500,0.0000,12.6300,4.5062,0.0000,0.0000,0.0384,1,0.0000,0.0000,-1.0000,-0.0000,0.5028,-0.8644,0.0000,0.0862,0.0698,0.0584,0.0658,0.0633,0.0573,0.0000
2026-06-01 19:00:00,31,eval2026,clear,29.6400,48.4800,98.2400,3.2100,0.0800,26.0400,4.5062,0.0000,0.0000,0.0376,1,0.0000,0.0000,-0.9659,0.2588,0.5028,-0.8644,0.2266,0.1033,0.0798,0.0653,0.0704,0.0657,0.0621,0.0000
2026-06-01 20:00:00,31,eval2026,clear,28.9800,50.9300,98.1900,2.7700,0.0800,43.8800,4.5062,0.0000,0.0000,0.0436,1,0.0000,0.0000,-0.8660,0.5000,0.5028,-0.8644,0.2266,0.1653,0.1192,0.0922,0.0941,0.0862,0.0856,0.0000
2026-06-01 21:00:00,31,eval2026,clear,28.3900,52.8800,98.1600,2.3200,0.0800,56.0700,4.5062,0.0000,0.0000,0.0414,1,0.0000,0.0000,-0.7071,0.7071,0.5028,-0.8644,0.2266,0.2101,0.1488,0.1172,0.1223,0.1126,0.1152,0.0000
2026-06-01 22:00:00,31,eval2026,clear,27.8200,54.8100,98.1900,1.9700,0.0000,53.5700,4.5062,0.0000,0.0000,0.2036,1,0.0000,0.0000,-0.5000,0.8660,0.5028,-0.8644,0.0000,0.2331,0.1688,0.1407,0.1532,0.1435,0.1481,0.0000
2026-06-01 23:00:00,31,eval2026,clear,27.2300,56.5400,98.2300,1.7400,0.0000,57.1000,4.0073,0.0000,0.0000,0.1710,1,0.0000,0.0000,-0.2588,0.9659,0.5028,-0.8644,0.0000,0.2153,0.1789,0.1771,0.2162,0.2196,0.2312,0.0000
2026-06-10 00:00:00,32,eval2026,rain,30.6100,43.1000,97.5200,4.2200,0.0000,99.3900,3.4923,0.0000,0.0000,0.0518,1,0.0000,0.0000,0.0000,1.0000,0.3635,-0.9316,0.0000,0.1053,0.0798,0.0769,0.0466,-0.0267,-0.0834,0.0000
2026-06-10 01:00:00,32,eval2026,rain,31.9700,40.2800,97.5800,4.0000,0.0000,98.8300,3.4923,0.0000,0.0000,0.0435,1,0.0000,0.0000,0.2588,0.9659,0.3635,-0.9316,0.0000,0.0691,0.0751,0.0724,0.0302,-0.0505,-0.1129,0.0000
2026-06-10 02:00:00,32,eval2026,rain,35.6400,31.6500,97.6300,5.0000,0.0000,98.2700,3.4923,0.0000,0.0000,0.0262,1,0.0000,0.0000,0.5000,0.8660,0.3635,-0.9316,0.0000,0.0703,0.0774,0.0629,0.0117,-0.0642,-0.1168,0.0000
2026-06-10 03:00:00,32,eval2026,rain,39.9400,22.4200,97.6400,8.2100,0.0000,98.7200,4.5062,0.0000,0.0000,0.0096,1,0.0000,0.0000,0.7071,0.7071,0.3635,-0.9316,0.0000,0.0643,0.0674,0.0449,-0.0067,-0.0681,-0.1028,0.0000
2026-06-10 04:00:00,32,eval2026,rain,42.0100,19.9600,97.6200,7.9200,0.0000,1.1300,6.0029,0.0000,0.0000,0.0029,1,0.0000,0.0000,0.8660,0.5000,0.3635,-0.9316,0.0000,0.0488,0.0498,0.0193,-0.0295,-0.0733,-0.0852,0.0000
2026-06-10 05:00:00,32,eval2026,rain,43.6200,18.4700,97.5600,7.3600,0.0000,0.8600,7.0006,0.0000,0.0000,0.0005,1,0.0000,0.0000,0.9659,0.2588,0.3635,-0.9316,0.0000,0.0590,0.0516,0.0074,-0.0436,-0.0679,-0.0584,0.0000
2026-06-10 06:00:00,32,eval2026,rain,44.8500,17.4800,97.4700,6.9300,0.0000,0.5900,7.0006,0.0000,0.0000,0.0088,1,0.0000,0.0000,1.0000,0.0000,0.3635,-0.9316,0.0000,0.0517,0.0420,-0.0075,-0.0469,-0.0521,-0.0197,0.0000
2026-06-10 07:00:00,32,eval2026,rain,45.6900,16.8700,97.3700,6.7400,0.0000,16.4200,7.0006,0.0000,0.0000,0.0260,1,0.0000,0.0000,0.9659,-0.2588,0.3635,-0.9316,0.0000,0.0457,0.0335,-0.0156,-0.0418,-0.0330,0.0133,0.0000
2026-06-10 08:00:00,32,eval2026,rain,46.1200,16.5900,97.2600,6.7700,0.0000,10.9800,7.0006,0.0000,0.0000,0.0660,1,0.0000,0.0000,0.8660,-0.5000,0.3635,-0.9316,0.0000,0.0418,0.0311,-0.0138,-0.0311,-0.0182,0.0308,0.0000
2026-06-10 09:00:00,32,eval2026,rain,45.9100,16.7500,97.1900,6.7500,0.0000,18.7900,6.0029,0.0000,0.0000,0.0669,1,0.0000,0.0000,0.7071,-0.7071,0.3635,-0.9316,0.0000,0.0386,0.0323,-0.0071,-0.0211,-0.0111,0.0350,0.0000
2026-06-10 10:00:00,32,eval2026,rain,45.3000,17.1000,97.1400,6.7300,0.0000,15.2100,6.0029,0.0000,0.0000,0.0130,1,0.0000,0.0000,0.5000,-0.8660,0.3635,-0.9316,0.0000,0.0416,0.0384,0.0052,-0.0067,-0.0030,0.0354,0.0000
2026-06-10 11:00:00,32,eval2026,rain,44.3400,17.8300,97.1300,6.6300,0.0000,24.3300,6.0029,0.0000,0.0000,0.0037,1,0.0000,0.0000,0.2588,-0.9659,0.3635,-0.9316,0.0000,0.0425,0.0434,0.0151,0.0043,0.0024,0.0344,0.0000
2026-06-10 12:00:00,32,eval2026,rain,42.9800,19.3800,97.1500,6.0900,0.0000,33.1300,6.0029,0.0000,0.0000,0.0020,1,0.0000,0.0000,0.0000,-1.0000,0.3635,-0.9316,0.0000,0.0367,0.0447,0.0227,0.0129,0.0059,0.0314,0.0000
2026-06-10 13:00:00,32,eval2026,rain,40.2900,23.7800,97.2000,3.6600,0.0000,46.9800,6.0029,0.0000,0.0000,0.0019,1,0.0000,0.0000,-0.2588,-0.9659,0.3635,-0.9316,0.0000,0.0336,0.0474,0.0317,0.0229,0.0124,0.0325,0.0000
2026-06-10 14:00:00,32,eval2026,rain,38.3200,28.1100,97.2700,2.9800,0.0000,57.7500,5.0051,0.0000,0.0000,0.0435,1,0.0000,0.0000,-0.5000,-0.8660,0.3635,-0.9316,0.0000,0.0279,0.0452,0.0379,0.0328,0.0238,0.0385,0.0000
2026-06-10 15:00:00,32,eval2026,rain,37.5700,30.2900,97.3300,2.8900,0.0000,58.1700,5.0051,0.0000,0.0000,0.0750,1,0.0000,0.0000,-0.7071,-0.7071,0.3635,-0.9316,0.0000,0.0238,0.0474,0.0431,0.0420,0.0297,0.0393,0.0000
2026-06-10 16:00:00,32,eval2026,rain,37.0600,32.0600,97.3700,2.9400,0.0000,57.0200,5.0051,0.0000,0.0000,0.0939,1,0.0000,0.0000,-0.8660,-0.5000,0.3635,-0.9316,0.0000,0.0281,0.0542,0.0497,0.0533,0.0393,0.0489,0.0000
2026-06-10 17:00:00,32,eval2026,rain,36.4500,34.3700,97.3900,2.9900,0.3300,68.5900,5.0051,0.0000,0.0000,0.1071,1,0.0000,0.0000,-0.9659,-0.2588,0.3635,-0.9316,0.7641,0.0431,0.0668,0.0588,0.0676,0.0528,0.0669,0.0000
2026-06-10 18:00:00,32,eval2026,rain,35.5000,38.3300,97.3700,3.0100,1.2300,77.7400,4.5062,1.0000,0.0000,0.0500,1,0.0000,0.0000,-1.0000,-0.0000,0.3635,-0.9316,2.3363,0.4490,0.3334,0.2206,0.1931,0.1690,0.2067,0.0000
2026-06-10 19:00:00,32,eval2026,rain,34.4300,42.2900,97.3500,3.1300,0.4800,76.0800,4.5062,0.0000,0.0000,0.0570,1,0.0000,0.0000,-0.9659,0.2588,0.3635,-0.9316,1.0519,2.1603,1.3558,0.6986,0.3573,0.1557,0.2303,0.0000
2026-06-10 20:00:00,32,eval2026,rain,33.5100,44.9000,97.3300,3.4800,0.2500,63.5200,4.5062,0.0000,0.0000,0.0754,1,0.0000,0.0000,-0.8660,0.5000,0.3635,-0.9316,0.6027,0.5375,0.1966,0.0925,0.1081,0.0896,0.0870,0.0000
2026-06-10 21:00:00,32,eval2026,rain,32.7600,47.2300,97.3400,3.7900,0.1000,65.8000,4.5062,0.0000,0.0000,0.0682,1,0.0000,0.0000,-0.7071,0.7071,0.3635,-0.9316,0.2746,0.4719,0.2632,0.1920,0.1799,0.1403,0.1216,0.0000
2026-06-10 22:00:00,32,eval2026,rain,32.0100,49.9600,97.3700,3.7700,0.0200,75.0500,4.5062,0.0000,0.0000,0.0594,1,0.0000,0.0000,-0.5000,0.8660,0.3635,-0.9316,0.0685,0.3145,0.2278,0.2054,0.1945,0.1482,0.1136,0.0000
2026-06-10 23:00:00,32,eval2026,rain,31.3500,51.5900,97.4100,3.4400,0.0100,80.0500,4.5062,0.0000,0.0000,0.0781,1,0.0000,0.0000,-0.2588,0.9659,0.3635,-0.9316,0.0376,0.2298,0.2199,0.2103,0.1876,0.1285,0.0931,0.0000
2026-06-13 00:00:00,33,eval2026,mixed,26.8000,70.9400,98.1300,2.3400,0.0000,96.5000,4.0073,0.0000,1.0000,0.0567,1,0.0000,0.0000,0.0000,1.0000,0.3149,-0.9491,0.0000,0.1939,0.2612,0.2721,0.2273,0.1533,0.1694,0.0000
2026-06-13 01:00:00,33,eval2026,mixed,28.9000,61.0600,98.2000,1.0400,0.0000,96.2600,6.0029,0.0000,0.0000,0.0969,1,0.0000,0.0000,0.2588,0.9659,0.3149,-0.9491,0.0000,0.1292,0.1781,0.1909,0.1692,0.1379,0.1792,0.0000
2026-06-13 02:00:00,33,eval2026,mixed,31.5800,50.1600,98.2500,1.0100,0.0000,98.4500,6.0029,0.0000,0.0000,0.1021,1,0.0000,0.0000,0.5000,0.8660,0.3149,-0.9491,0.0000,0.0714,0.1187,0.1425,0.1505,0.1812,0.2994,0.0000
2026-06-13 03:00:00,33,eval2026,mixed,33.7100,43.1100,98.2700,1.9100,0.0000,91.6000,6.0029,0.0000,0.0000,0.0549,1,0.0000,0.0000,0.7071,0.7071,0.3149,-0.9491,0.0000,0.0656,0.1048,0.1320,0.1736,0.2808,0.4851,0.0000
2026-06-13 04:00:00,33,eval2026,mixed,35.3900,38.7000,98.2600,2.2500,0.0000,78.3100,6.0029,0.0000,0.0000,0.0112,1,0.0000,0.0000,0.8660,0.5000,0.3149,-0.9491,0.0000,0.0974,0.1229,0.1469,0.2232,0.4043,0.6638,0.0000
2026-06-13 05:00:00,33,eval2026,mixed,36.8600,35.1800,98.2100,2.4400,0.0000,95.6400,6.0029,0.0000,0.0000,0.0022,1,0.0000,0.0000,0.9659,0.2588,0.3149,-0.9491,0.0000,0.1340,0.1550,0.1809,0.2887,0.5220,0.7966,0.0000
2026-06-13 06:00:00,33,eval2026,mixed,38.0300,32.4100,98.1200,2.5800,0.0000,78.5300,6.0029,0.0000,0.0000,0.0020,1,0.0000,0.0000,1.0000,0.0000,0.3149,-0.9491,0.0000,0.1598,0.1863,0.2181,0.3525,0.6157,0.8875,0.0000
2026-06-13 07:00:00,33,eval2026,mixed,38.9300,30.3100,98.0200,2.7600,0.0000,62.4000,6.0029,0.0000,0.0000,0.0086,1,0.0000,0.0000,0.9659,-0.2588,0.3149,-0.9491,0.0000,0.1499,0.1983,0.2408,0.3823,0.6349,0.8696,0.0000
2026-06-13 08:00:00,33,eval2026,mixed,39.4600,29.1700,97.9200,3.0400,0.0000,63.8200,6.0029,0.0000,0.0000,0.0256,1,0.0000,0.0000,0.8660,-0.5000,0.3149,-0.9491,0.0000,0.1202,0.1938,0.2381,0.3470,0.5309,0.6818,0.0000
2026-06-13 09:00:00,33,eval2026,mixed,39.4900,28.6700,97.8600,3.1900,0.0000,8.2000,6.0029,0.0000,0.0000,0.0267,1,0.0000,0.0000,0.7071,-0.7071,0.3149,-0.9491,0.0000,0.1061,0.2016,0.2390,0.2933,0.3900,0.4550,0.0000
2026-06-13 10:00:00,33,eval2026,mixed,39.1200,28.6100,97.8100,3.3100,0.0000,1.1000,6.0029,0.0000,0.0000,0.0168,1,0.0000,0.0000,0.5000,-0.8660,0.3149,-0.9491,0.0000,0.0932,0.1889,0.2060,0.1996,0.2151,0.2179,0.0000
2026-06-13 11:00:00,33,eval2026,mixed,38.3400,29.2200,97.8000,3.4500,0.0000,3.7600,6.0029,0.0000,0.0000,0.0236,1,0.0000,0.0000,0.2588,-0.9659,0.3149,-0.9491,0.0000,0.0748,0.1505,0.1457,0.1101,0.0868,0.0722,0.0000
2026-06-13 12:00:00,33,eval2026,mixed,37.1500,30.9200,97.8100,3.3900,0.0000,6.6500,6.0029,0.0000,0.0000,0.0193,1,0.0000,0.0000,0.0000,-1.0000,0.3149,-0.9491,0.0000,0.0571,0.1099,0.0924,0.0537,0.0221,0.0125,0.0000
2026-06-13 13:00:00,33,eval2026,mixed,34.7900,40.4700,97.8300,2.0300,0.0000,13.3900,6.0029,0.0000,0.0000,0.0374,1,0.0000,0.0000,-0.2588,-0.9659,0.3149,-0.9491,0.0000,0.0466,0.0818,0.0597,0.0285,-0.0001,-0.0003,0.0000
2026-06-13 14:00:00,33,eval2026,mixed,33.1900,45.8700,97.8800,2.0200,0.0000,18.0900,6.0029,0.0000,0.0000,0.0425,1,0.0000,0.0000,-0.5000,-0.8660,0.3149,-0.9491,0.0000,0.0395,0.0676,0.0487,0.0318,0.0125,0.0211,0.0000
2026-06-13 15:00:00,33,eval2026,mixed,32.3400,47.8200,97.9200,2.0200,0.0000,18.1100,5.0051,0.0000,0.0000,0.0135,1,0.0000,0.0000,-0.7071,-0.7071,0.3149,-0.9491,0.0000,0.0542,0.0738,0.0654,0.0755,0.0811,0.1060,0.0000
2026-06-13 16:00:00,33,eval2026,mixed,31.6000,49.6400,97.9400,1.8600,0.0000,15.3800,4.5062,0.0000,0.0000,0.0004,1,0.0000,0.0000,-0.8660,-0.5000,0.3149,-0.9491,0.0000,0.0977,0.1174,0.1257,0.1542,0.1798,0.2083,0.0000
2026-06-13 17:00:00,33,eval2026,mixed,31.0500,52.0000,97.9200,1.5300,0.0000,15.4300,4.0073,0.0000,0.0000,0.0001,1,0.0000,0.0000,-0.9659,-0.2588,0.3149,-0.9491,0.0000,0.1336,0.1606,0.1828,0.2138,0.2413,0.2610,0.0000
2026-06-13 18:00:00,33,eval2026,mixed,30.7500,52.7400,97.9000,1.0900,0.0000,16.0500,3.4923,0.0000,0.0000,0.0002,1,0.0000,0.0000,-1.0000,-0.0000,0.3149,-0.9491,0.0000,0.1371,0.1609,0.1826,0.2071,0.2225,0.2301,0.0000
2026-06-13 19:00:00,33,eval2026,mixed,30.1600,54.8500,97.8600,0.9200,0.0000,19.4200,2.9934,0.0000,0.0000,0.0008,1,0.0000,0.0000,-0.9659,0.2588,0.3149,-0.9491,0.0000,0.0941,0.0888,0.0888,0.1060,0.1021,0.1059,0.0000
2026-06-13 20:00:00,33,eval2026,mixed,29.1500,58.5100,97.8400,1.2800,0.0000,51.5000,3.4923,0.0000,0.0000,0.0012,1,0.0000,0.0000,-0.8660,0.5000,0.3149,-0.9491,0.0000,0.0924,0.0811,0.0783,0.0929,0.0807,0.0822,0.0000
2026-06-13 21:00:00,33,eval2026,mixed,28.4600,59.9000,97.8400,1.5300,0.0000,83.8500,3.4923,0.0000,0.0000,0.0010,1,0.0000,0.0000,-0.7071,0.7071,0.3149,-0.9491,0.0000,0.0974,0.0817,0.0798,0.0979,0.0882,0.0927,0.0000
2026-06-13 22:00:00,33,eval2026,mixed,28.0400,60.9500,97.8700,1.5300,0.0000,84.5100,3.4923,0.0000,0.0000,0.0000,1,0.0000,0.0000,-0.5000,0.8660,0.3149,-0.9491,0.0000,0.0983,0.0840,0.0902,0.1156,0.1145,0.1228,0.0000
2026-06-13 23:00:00,33,eval2026,mixed,27.6800,61.8900,97.9000,1.4400,0.0000,94.5700,3.2026,0.0000,0.0000,0.0000,1,0.0000,0.0000,-0.2588,0.9659,0.3149,-0.9491,0.0000,0.0802,0.0788,0.1004,0.1312,0.1386,0.1465,0.0000
2026-06-23 00:00:00,34,eval2026,mixed,28.8700,49.8700,97.7000,2.2400,0.0000,49.6700,3.4923,0.0000,0.0000,0.0051,1,0.0000,0.0000,0.0000,1.0000,0.1478,-0.9890,0.0000,0.0857,0.0638,0.0424,0.0527,0.0336,0.0477,0.0000
2026-06-23 01:00:00,34,eval2026,mixed,30.9100,44.3000,97.7300,2.3900,0.0000,54.9100,2.0921,0.0000,0.0000,0.0073,1,0.0000,0.0000,0.2588,0.9659,0.1478,-0.9890,0.0000,0.0806,0.0661,0.0506,0.0611,0.0433,0.0502,0.0000
2026-06-23 02:00:00,34,eval2026,mixed,34.5800,34.2200,97.7500,3.2000,0.0000,60.6200,2.0921,0.0000,0.0000,0.0081,1,0.0000,0.0000,0.5000,0.8660,0.1478,-0.9890,0.0000,0.0743,0.0697,0.0671,0.0768,0.0569,0.0504,0.0000
2026-06-23 03:00:00,34,eval2026,mixed,36.7800,29.4000,97.7700,4.0000,0.0000,2.7600,2.4945,0.0000,0.0000,0.0092,1,0.0000,0.0000,0.7071,0.7071,0.1478,-0.9890,0.0000,0.0557,0.0674,0.0779,0.0821,0.0545,0.0317,0.0000
2026-06-23 04:00:00,34,eval2026,mixed,38.5100,26.3300,97.7500,4.4600,0.0000,2.5000,4.5062,0.0000,0.0000,0.0104,1,0.0000,0.0000,0.8660,0.5000,0.1478,-0.9890,0.0000,0.0326,0.0574,0.0707,0.0612,0.0288,-0.0051,0.0000
2026-06-23 05:00:00,34,eval2026,mixed,39.9400,24.0700,97.6900,4.6900,0.0000,2.2500,5.0051,0.0000,0.0000,0.0092,1,0.0000,0.0000,0.9659,0.2588,0.1478,-0.9890,0.0000,0.0218,0.0467,0.0476,0.0278,-0.0029,-0.0341,0.0000
2026-06-23 06:00:00,34,eval2026,mixed,40.9900,22.6700,97.6100,4.7100,0.0000,18.6100,5.0051,0.0000,0.0000,0.0156,1,0.0000,0.0000,1.0000,0.0000,0.1478,-0.9890,0.0000,0.0225,0.0407,0.0283,0.0057,-0.0181,-0.0394,0.0000
2026-06-23 07:00:00,34,eval2026,mixed,41.7300,21.8700,97.5100,4.6400,0.0000,37.7000,6.0029,0.0000,0.0000,0.0136,1,0.0000,0.0000,0.9659,-0.2588,0.1478,-0.9890,0.0000,0.0227,0.0345,0.0143,-0.0065,-0.0235,-0.0354,0.0000
2026-06-23 08:00:00,34,eval2026,mixed,42.1100,21.5000,97.4300,4.5600,0.0000,29.7200,6.0029,0.0000,0.0000,0.0110,1,0.0000,0.0000,0.8660,-0.5000,0.1478,-0.9890,0.0000,0.0193,0.0279,0.0022,-0.0144,-0.0245,-0.0254,0.0000
2026-06-23 09:00:00,34,eval2026,mixed,41.9600,21.7300,97.3500,4.5000,0.0000,83.8600,0.8047,0.0000,0.0000,0.0125,1,0.0000,0.0000,0.7071,-0.7071,0.1478,-0.9890,0.0000,0.0170,0.0233,-0.0050,-0.0177,-0.0227,-0.0136,0.0000
2026-06-23 10:00:00,34,eval2026,mixed,41.4600,22.3000,97.3100,4.5300,0.0000,97.8200,4.0073,1.0000,0.0000,0.3579,1,0.0000,0.0000,0.5000,-0.8660,0.1478,-0.9890,0.0000,-0.0194,-0.0015,-0.0041,-0.0043,-0.0072,-0.0043,0.0000
2026-06-23 11:00:00,34,eval2026,mixed,40.5800,23.4200,97.2900,4.5400,0.0000,91.4700,4.5062,0.0000,0.0000,0.2373,1,0.0000,0.0000,0.2588,-0.9659,0.1478,-0.9890,0.0000,-0.0143,0.0545,0.0745,0.0955,0.0966,0.0924,0.0000
2026-06-23 12:00:00,34,eval2026,mixed,39.3100,25.3000,97.3200,4.3200,0.0000,85.5900,4.5062,0.0000,0.0000,0.0074,1,0.0000,0.0000,0.0000,-1.0000,0.1478,-0.9890,0.0000,-0.0779,0.0271,0.0655,0.0933,0.0890,0.0925,0.0000
2026-06-23 13:00:00,34,eval2026,mixed,36.9600,31.9900,97.3700,2.4900,0.0000,77.6600,4.5062,0.0000,0.0000,0.0023,1,0.0000,0.0000,-0.2588,-0.9659,0.1478,-0.9890,0.0000,-0.0831,0.0342,0.0754,0.0994,0.0904,0.0968,0.0000
2026-06-23 14:00:00,34,eval2026,mixed,35.4300,37.0400,97.4400,2.1300,0.0000,68.0900,4.5062,0.0000,0.0000,0.0054,1,0.0000,0.0000,-0.5000,-0.8660,0.1478,-0.9890,0.0000,-0.0677,0.0403,0.0823,0.1016,0.0929,0.0928,0.0000
2026-06-23 15:00:00,34,eval2026,mixed,34.8300,39.1400,97.5100,1.9600,0.0000,53.6600,4.5062,0.0000,0.0000,0.0201,1,0.0000,0.0000,-0.7071,-0.7071,0.1478,-0.9890,0.0000,-0.0548,0.0383,0.0791,0.0922,0.0836,0.0739,0.0000
2026-06-23 16:00:00,34,eval2026,mixed,34.1900,41.6600,97.5600,1.7600,0.0000,58.3400,4.5062,0.0000,0.0000,0.0482,1,0.0000,0.0000,-0.8660,-0.5000,0.1478,-0.9890,0.0000,-0.0383,0.0399,0.0748,0.0801,0.0699,0.0528,0.0000
2026-06-23 17:00:00,34,eval2026,mixed,33.6100,43.8200,97.5900,1.4800,0.0000,57.5700,4.5062,0.0000,0.0000,0.0743,1,0.0000,0.0000,-0.9659,-0.2588,0.1478,-0.9890,0.0000,-0.0153,0.0500,0.0775,0.0770,0.0652,0.0431,0.0000
2026-06-23 18:00:00,34,eval2026,mixed,33.1500,45.1100,97.5900,1.1500,0.0000,71.8800,4.5062,0.0000,0.0000,0.0865,1,0.0000,0.0000,-1.0000,-0.0000,0.1478,-0.9890,0.0000,0.0047,0.0606,0.0809,0.0774,0.0651,0.0454,0.0000
2026-06-23 19:00:00,34,eval2026,mixed,32.6900,48.1000,97.5900,0.7900,0.3200,93.0000,4.5062,0.0000,0.0000,0.0915,1,0.0000,0.0000,-0.9659,0.2588,0.1478,-0.9890,0.7443,0.0163,0.0701,0.0864,0.0827,0.0719,0.0626,0.0000
2026-06-23 20:00:00,34,eval2026,mixed,32.1400,52.1500,97.5900,0.4500,0.3200,70.1400,4.5062,0.0000,0.0000,0.0972,1,0.0000,0.0000,-0.8660,0.5000,0.1478,-0.9890,0.7443,0.4641,0.3684,0.3031,0.2667,0.2481,0.2456,0.0000
2026-06-23 21:00:00,34,eval2026,mixed,31.6200,53.2100,97.5900,0.3500,0.3200,89.9200,4.5062,0.0000,0.0000,0.0531,1,0.0000,0.0000,-0.7071,0.7071,0.1478,-0.9890,0.7443,0.5070,0.3938,0.3627,0.3605,0.3419,0.3394,0.0000
2026-06-23 22:00:00,34,eval2026,mixed,30.6800,58.7200,97.6000,0.4300,0.0000,86.0800,4.5062,0.0000,0.0000,0.1490,1,0.0000,0.0000,-0.5000,0.8660,0.1478,-0.9890,0.0000,0.5094,0.4077,0.4162,0.4397,0.4181,0.4065,0.0000
2026-06-23 23:00:00,34,eval2026,mixed,30.0900,57.5300,97.6100,0.6100,0.0000,90.0500,4.5062,0.0000,0.0000,0.1387,1,0.0000,0.0000,-0.2588,0.9659,0.1478,-0.9890,0.0000,0.1145,0.2077,0.3313,0.3856,0.3907,0.4030,0.0000
2026-06-25 00:00:00,35,eval2026,mixed,30.3400,56.1400,97.8000,1.0400,0.0000,96.5200,4.0073,0.0000,0.0000,0.0718,1,0.0000,0.0000,0.0000,1.0000,0.1137,-0.9935,0.0000,0.2694,0.4225,0.5389,0.5053,0.5207,0.5229,0.0000
2026-06-25 01:00:00,35,eval2026,mixed,31.6100,47.5800,97.8500,1.2000,0.0000,97.6400,4.0073,0.0000,0.0000,0.0301,1,0.0000,0.0000,0.2588,0.9659,0.1137,-0.9935,0.0000,0.2218,0.3641,0.4698,0.4833,0.6393,0.8226,0.0000
2026-06-25 02:00:00,35,eval2026,mixed,35.0100,35.4200,97.9100,0.6000,0.0000,98.8400,4.5062,0.0000,0.0000,0.0118,1,0.0000,0.0000,0.5000,0.8660,0.1137,-0.9935,0.0000,0.1395,0.2967,0.4558,0.6079,0.9526,1.3351,0.0000
2026-06-25 03:00:00,35,eval2026,mixed,37.1100,29.1900,97.9300,0.8600,0.0000,86.9100,5.0051,0.0000,0.0000,0.0128,1,0.0000,0.0000,0.7071,0.7071,0.1137,-0.9935,0.0000,0.0934,0.2948,0.5354,0.8622,1.3842,1.9338,0.0000
2026-06-25 04:00:00,35,eval2026,mixed,38.5100,26.5100,97.9300,1.1400,0.0000,3.3300,6.0029,0.0000,0.0000,0.1588,1,0.0000,0.0000,0.8660,0.5000,0.1137,-0.9935,0.0000,0.0963,0.3644,0.6795,1.1390,1.7531,2.3592,0.0000
2026-06-25 05:00:00,35,eval2026,mixed,39.6600,24.9600,97.8900,1.3900,0.0000,6.9700,6.0029,0.0000,0.0000,0.1508,1,0.0000,0.0000,0.9659,0.2588,0.1137,-0.9935,0.0000,0.1855,0.5551,0.8858,1.3269,1.8192,2.2682,0.0000
2026-06-25 06:00:00,35,eval2026,mixed,40.5400,24.0000,97.8200,1.6000,0.0000,9.6700,5.0051,0.0000,0.0000,0.0539,1,0.0000,0.0000,1.0000,0.0000,0.1137,-0.9935,0.0000,0.4356,0.8938,1.1784,1.4140,1.6183,1.7857,0.0000
2026-06-25 07:00:00,35,eval2026,mixed,41.1600,23.3000,97.7300,1.7900,0.0000,34.1100,5.0051,0.0000,0.0000,0.0607,1,0.0000,0.0000,0.9659,-0.2588,0.1137,-0.9935,0.0000,0.6671,1.1359,1.3178,1.2805,1.2080,1.1586,0.0000
2026-06-25 08:00:00,35,eval2026,mixed,41.4600,22.9700,97.6400,1.9800,0.0000,51.3700,5.0051,0.0000,0.0000,0.0419,1,0.0000,0.0000,0.8660,-0.5000,0.1137,-0.9935,0.0000,0.6684,1.0547,1.1159,0.9339,0.7615,0.6872,0.0000
2026-06-25 09:00:00,35,eval2026,mixed,41.3000,23.1300,97.5800,2.1400,0.0000,55.5000,5.0051,0.0000,0.0000,0.0331,1,0.0000,0.0000,0.7071,-0.7071,0.1137,-0.9935,0.0000,0.4925,0.7505,0.7400,0.5602,0.4299,0.4160,0.0000
2026-06-25 10:00:00,35,eval2026,mixed,40.7100,23.7400,97.5500,2.2600,0.0000,52.5100,5.0051,0.0000,0.0000,0.2236,1,0.0000,0.0000,0.5000,-0.8660,0.1137,-0.9935,0.0000,0.2560,0.4007,0.3731,0.2592,0.1976,0.2190,0.0000
2026-06-25 11:00:00,35,eval2026,mixed,39.7800,24.7900,97.5300,2.3300,0.0000,49.3000,5.0051,0.0000,0.0000,0.0268,1,0.0000,0.0000,0.2588,-0.9659,0.1137,-0.9935,0.0000,0.0888,0.1806,0.1620,0.1154,0.0962,0.1442,0.0000
2026-06-25 12:00:00,35,eval2026,mixed,38.4800,26.7000,97.5500,2.2800,0.0000,43.5200,5.0051,0.0000,0.0000,0.0354,1,0.0000,0.0000,0.0000,-1.0000,0.1137,-0.9935,0.0000,0.0432,0.1005,0.0906,0.0772,0.0855,0.1438,0.0000
2026-06-25 13:00:00,35,eval2026,mixed,36.2900,36.6400,97.6100,1.5200,0.0000,38.8700,5.0051,0.0000,0.0000,0.0224,1,0.0000,0.0000,-0.2588,-0.9659,0.1137,-0.9935,0.0000,0.0245,0.0702,0.0719,0.0797,0.1065,0.1687,0.0000
2026-06-25 14:00:00,35,eval2026,mixed,34.8300,40.8500,97.7000,1.5100,0.0000,34.2600,5.0051,0.0000,0.0000,0.0140,1,0.0000,0.0000,-0.5000,-0.8660,0.1137,-0.9935,0.0000,0.0549,0.1044,0.1242,0.1471,0.1953,0.2682,0.0000
2026-06-25 15:00:00,35,eval2026,mixed,34.3100,40.8000,97.7800,1.3500,0.0000,37.0200,4.5062,0.0000,0.0000,0.0171,1,0.0000,0.0000,-0.7071,-0.7071,0.1137,-0.9935,0.0000,0.0106,0.0426,0.0507,0.0737,0.0982,0.1377,0.0000
2026-06-25 16:00:00,35,eval2026,mixed,34.2300,39.5000,97.8200,0.9600,0.0000,52.2200,4.5062,0.0000,0.0000,0.0178,1,0.0000,0.0000,-0.8660,-0.5000,0.1137,-0.9935,0.0000,0.0047,0.0382,0.0457,0.0631,0.0745,0.0994,0.0000
2026-06-25 17:00:00,35,eval2026,mixed,34.1000,38.5800,97.8300,0.4300,0.0000,70.8900,4.5062,0.0000,0.0000,0.0182,1,0.0000,0.0000,-0.9659,-0.2588,0.1137,-0.9935,0.0000,0.0074,0.0477,0.0565,0.0688,0.0716,0.0845,0.0000
2026-06-25 18:00:00,35,eval2026,mixed,33.5500,41.5600,97.8100,0.4200,0.0000,76.6800,4.5062,0.0000,0.0000,0.0221,1,0.0000,0.0000,-1.0000,-0.0000,0.1137,-0.9935,0.0000,-0.0020,0.0502,0.0588,0.0653,0.0591,0.0661,0.0000
2026-06-25 19:00:00,35,eval2026,mixed,32.7200,41.0100,97.8000,0.8700,0.0000,70.6100,4.5062,0.0000,0.0000,0.0231,1,0.0000,0.0000,-0.9659,0.2588,0.1137,-0.9935,0.0000,-0.0164,0.0462,0.0516,0.0511,0.0388,0.0471,0.0000
2026-06-25 20:00:00,35,eval2026,mixed,31.7600,44.5400,97.7900,1.1900,0.0000,82.5700,4.5062,0.0000,0.0000,0.0222,1,0.0000,0.0000,-0.8660,0.5000,0.1137,-0.9935,0.0000,-0.0345,0.0309,0.0287,0.0202,0.0050,0.0185,0.0000
2026-06-25 21:00:00,35,eval2026,mixed,30.9300,48.7300,97.7900,1.2300,0.0000,60.8200,4.5062,0.0000,0.0000,0.0201,1,0.0000,0.0000,-0.7071,0.7071,0.1137,-0.9935,0.0000,-0.0425,0.0157,0.0046,-0.0058,-0.0162,0.0041,0.0000
2026-06-25 22:00:00,35,eval2026,mixed,30.2900,52.0000,97.8300,1.0900,0.0000,54.9600,4.5062,0.0000,0.0000,0.1616,1,0.0000,0.0000,-0.5000,0.8660,0.1137,-0.9935,0.0000,-0.0549,-0.0073,-0.0248,-0.0301,-0.0306,-0.0017,0.0000
2026-06-25 23:00:00,35,eval2026,mixed,29.7100,54.8200,97.8700,0.9600,0.0000,62.3000,4.5062,0.0000,0.0000,0.0911,1,0.0000,0.0000,-0.2588,0.9659,0.1137,-0.9935,0.0000,-0.0258,0.0147,-0.0016,0.0132,0.0230,0.0569,0.0000
2026-06-26 00:00:00,36,eval2026,mixed,29.9600,54.2100,97.9300,0.9700,0.0000,72.4000,4.0073,0.0000,0.0000,0.0906,1,0.0000,0.0000,0.0000,1.0000,0.0966,-0.9953,0.0000,0.0003,0.0400,0.0348,0.0692,0.0969,0.1311,0.0000
2026-06-26 01:00:00,36,eval2026,mixed,32.0300,47.8200,97.9900,1.6800,0.0000,82.8300,4.0073,0.0000,0.0000,0.1064,1,0.0000,0.0000,0.2588,0.9659,0.0966,-0.9953,0.0000,0.0408,0.0899,0.1053,0.1574,0.1980,0.2206,0.0000
2026-06-26 02:00:00,36,eval2026,mixed,34.6900,40.6100,98.0300,1.7400,0.0000,92.0400,4.0073,0.0000,0.0000,0.0962,1,0.0000,0.0000,0.5000,0.8660,0.0966,-0.9953,0.0000,0.1010,0.1733,0.2106,0.2637,0.2956,0.2871,0.0000
2026-06-26 03:00:00,36,eval2026,mixed,37.0400,33.4500,98.0400,1.4100,0.0000,77.0900,4.0073,0.0000,0.0000,0.0707,1,0.0000,0.0000,0.7071,0.7071,0.0966,-0.9953,0.0000,0.1510,0.2546,0.3027,0.3329,0.3362,0.2896,0.0000
2026-06-26 04:00:00,36,eval2026,mixed,38.9400,28.8600,98.0200,1.2400,0.0000,61.0700,4.5062,0.0000,0.0000,0.0480,1,0.0000,0.0000,0.8660,0.5000,0.0966,-0.9953,0.0000,0.1568,0.2797,0.3148,0.3015,0.2658,0.1910,0.0000
2026-06-26 05:00:00,36,eval2026,mixed,40.4400,26.2800,97.9700,1.2100,0.0000,45.0600,4.5062,0.0000,0.0000,0.0373,1,0.0000,0.0000,0.9659,0.2588,0.0966,-0.9953,0.0000,0.1210,0.2250,0.2276,0.1834,0.1308,0.0606,0.0000
2026-06-26 06:00:00,36,eval2026,mixed,41.6100,24.6800,97.9000,1.3000,0.0000,29.0500,5.0051,0.0000,0.0000,0.0075,1,0.0000,0.0000,1.0000,0.0000,0.0966,-0.9953,0.0000,0.0871,0.1594,0.1372,0.0870,0.0388,-0.0086,0.0000
2026-06-26 07:00:00,36,eval2026,mixed,42.4100,23.6600,97.8100,1.5300,0.0000,13.2400,5.0051,0.0000,0.0000,0.0062,1,0.0000,0.0000,0.9659,-0.2588,0.0966,-0.9953,0.0000,0.0732,0.1151,0.0774,0.0319,-0.0040,-0.0282,0.0000
2026-06-26 08:00:00,36,eval2026,mixed,42.9200,22.9500,97.7200,1.8400,0.0000,41.6100,5.0051,0.0000,0.0000,0.0184,1,0.0000,0.0000,0.8660,-0.5000,0.0966,-0.9953,0.0000,0.0662,0.0834,0.0390,0.0026,-0.0212,-0.0272,0.0000
2026-06-26 09:00:00,36,eval2026,mixed,42.8600,22.8800,97.6500,2.0700,0.0000,35.7700,5.0051,0.0000,0.0000,0.0271,1,0.0000,0.0000,0.7071,-0.7071,0.0966,-0.9953,0.0000,0.0482,0.0526,0.0099,-0.0150,-0.0284,-0.0218,0.0000
2026-06-26 10:00:00,36,eval2026,mixed,42.4300,23.1700,97.6000,2.2500,0.0000,35.3600,5.0051,0.0000,0.0000,0.1028,1,0.0000,0.0000,0.5000,-0.8660,0.0966,-0.9953,0.0000,0.0325,0.0313,-0.0050,-0.0187,-0.0234,-0.0084,0.0000
2026-06-26 11:00:00,36,eval2026,mixed,41.5900,24.0100,97.5700,2.4400,0.0000,43.3100,5.0051,0.0000,0.0000,0.0653,1,0.0000,0.0000,0.2588,-0.9659,0.0966,-0.9953,0.0000,0.0022,0.0071,-0.0176,-0.0177,-0.0159,0.0073,0.0000
2026-06-26 12:00:00,36,eval2026,mixed,40.4100,25.5800,97.5800,2.5000,0.0000,50.7300,4.5062,0.0000,0.0000,0.0371,1,0.0000,0.0000,0.0000,-1.0000,0.0966,-0.9953,0.0000,-0.0128,-0.0020,-0.0177,-0.0080,-0.0004,0.0274,0.0000
2026-06-26 13:00:00,36,eval2026,mixed,38.3300,33.8000,97.6300,1.5700,0.0000,62.6000,4.5062,0.0000,0.0000,0.1257,1,0.0000,0.0000,-0.2588,-0.9659,0.0966,-0.9953,0.0000,-0.0245,-0.0057,-0.0116,0.0063,0.0187,0.0472,0.0000
2026-06-26 14:00:00,36,eval2026,mixed,36.9700,37.9400,97.6900,1.6800,0.0000,73.0800,4.5062,0.0000,0.0000,0.0953,1,0.0000,0.0000,-0.5000,-0.8660,0.0966,-0.9953,0.0000,-0.0311,-0.0010,0.0047,0.0359,0.0520,0.0796,0.0000
2026-06-26 15:00:00,36,eval2026,mixed,36.3100,38.9800,97.7600,1.7100,0.0000,87.7300,4.0073,0.0000,0.0000,0.1276,1,0.0000,0.0000,-0.7071,-0.7071,0.0966,-0.9953,0.0000,-0.0225,0.0188,0.0348,0.0740,0.0900,0.1117,0.0000
2026-06-26 16:00:00,36,eval2026,mixed,35.5700,40.5300,97.8000,1.7400,0.0000,96.5000,4.0073,0.0000,0.0000,0.1251,1,0.0000,0.0000,-0.8660,-0.5000,0.0966,-0.9953,0.0000,-0.0091,0.0499,0.0787,0.1250,0.1357,0.1510,0.0000
2026-06-26 17:00:00,36,eval2026,mixed,34.8200,42.1700,97.8200,1.7700,0.0000,97.2000,4.0073,0.0000,0.0000,0.0553,1,0.0000,0.0000,-0.9659,-0.2588,0.0966,-0.9953,0.0000,0.0046,0.0843,0.1247,0.1713,0.1731,0.1871,0.0000
2026-06-26 18:00:00,36,eval2026,mixed,34.1400,43.7300,97.8200,1.7800,0.0000,98.3000,4.0073,0.0000,0.0000,0.0182,1,0.0000,0.0000,-1.0000,-0.0000,0.0966,-0.9953,0.0000,0.0052,0.1013,0.1449,0.1768,0.1696,0.1879,0.0000
2026-06-26 19:00:00,36,eval2026,mixed,33.4800,45.5100,97.8000,1.7600,0.0000,88.6800,4.0073,0.0000,0.0000,0.0203,1,0.0000,0.0000,-0.9659,0.2588,0.0966,-0.9953,0.0000,0.0108,0.1112,0.1461,0.1554,0.1452,0.1745,0.0000
2026-06-26 20:00:00,36,eval2026,mixed,32.8800,47.3700,97.7800,1.7100,0.0000,99.9700,4.0073,0.0000,0.0000,0.0258,1,0.0000,0.0000,-0.8660,0.5000,0.0966,-0.9953,0.0000,0.0231,0.1184,0.1372,0.1281,0.1227,0.1706,0.0000
2026-06-26 21:00:00,36,eval2026,mixed,32.3100,49.2600,97.7700,1.7700,0.0000,79.3200,4.0073,0.0000,0.0000,0.0233,1,0.0000,0.0000,-0.7071,0.7071,0.0966,-0.9953,0.0000,0.0509,0.1321,0.1355,0.1208,0.1288,0.1972,0.0000
2026-06-26 22:00:00,36,eval2026,mixed,31.8300,51.1100,97.7800,1.9300,0.0000,100.0000,4.0073,0.0000,0.0000,0.1073,1,0.0000,0.0000,-0.5000,0.8660,0.0966,-0.9953,0.0000,0.0538,0.1259,0.1234,0.1159,0.1379,0.2163,0.0000
2026-06-26 23:00:00,36,eval2026,mixed,31.3300,53.2300,97.8000,1.9700,0.0000,100.0000,4.0073,0.0000,0.0000,0.1046,1,0.0000,0.0000,-0.2588,0.9659,0.0966,-0.9953,0.0000,0.1031,0.1589,0.1570,0.1646,0.1943,0.2685,0.0000
2026-07-02 00:00:00,37,eval2026,cloudy,29.1700,74.2700,97.6900,0.8700,0.0500,62.9486,3.4923,0.0000,1.0000,0.0763,1,1.0000,0.0000,0.0000,1.0000,-0.0065,-1.0000,0.1511,0.3787,0.4945,0.7997,1.1283,1.5977,2.0040,0.0000
2026-07-02 01:00:00,37,eval2026,cloudy,29.9600,70.0200,97.7300,0.3000,0.0900,74.2126,4.0073,0.0000,0.0000,0.1360,1,1.0000,0.0000,0.2588,0.9659,-0.0065,-1.0000,0.2508,0.3632,0.4892,0.8365,1.2734,1.8238,2.2120,0.0000
2026-07-02 02:00:00,37,eval2026,cloudy,31.3700,63.1100,97.7600,0.7500,0.8000,70.8862,2.9934,1.0000,0.0000,0.0770,1,1.0000,0.0000,0.5000,0.8660,-0.0065,-1.0000,1.6237,0.4608,0.7266,1.1166,1.5688,2.0064,2.1928,0.0000
2026-07-02 03:00:00,37,eval2026,cloudy,32.2600,60.2900,97.7900,0.9500,0.0100,72.4854,4.0073,1.0000,0.0000,0.0676,1,1.0000,0.0000,0.7071,0.7071,-0.0065,-1.0000,0.0376,1.9167,1.9192,2.2238,2.4046,2.4097,2.0502,0.0000
2026-07-02 04:00:00,37,eval2026,cloudy,32.7900,58.8900,97.8000,1.2000,0.0100,69.6503,4.0073,0.0000,1.0000,0.0554,1,1.0000,0.0000,0.8660,0.5000,-0.0065,-1.0000,0.0376,1.1099,1.7200,2.0269,1.8022,1.5032,1.1179,0.0000
2026-07-02 05:00:00,37,eval2026,cloudy,33.1400,57.7900,97.7800,1.5300,0.0100,72.5037,3.4923,0.0000,1.0000,0.0688,1,1.0000,0.0000,0.9659,0.2588,-0.0065,-1.0000,0.0376,0.8913,1.3869,1.5148,1.2485,0.9081,0.5852,0.0000
2026-07-02 06:00:00,37,eval2026,cloudy,33.3200,56.9800,97.7400,1.8400,0.0100,57.1167,3.4923,0.0000,1.0000,0.0760,1,1.0000,0.0000,1.0000,0.0000,-0.0065,-1.0000,0.0376,0.6111,0.8446,0.8370,0.6716,0.4475,0.2823,0.0000
2026-07-02 07:00:00,37,eval2026,cloudy,33.4500,56.3800,97.6800,2.0600,0.0000,52.9663,3.4923,0.0000,0.0000,0.0598,1,1.0000,0.0000,0.9659,-0.2588,-0.0065,-1.0000,0.0000,0.1605,0.1931,0.1613,0.1206,0.0622,0.0200,0.0000
2026-07-02 08:00:00,37,eval2026,cloudy,33.3600,56.6000,97.6100,2.3000,0.0000,91.1743,3.4923,0.0000,0.0000,0.1940,1,1.0000,0.0000,0.8660,-0.5000,-0.0065,-1.0000,0.0000,0.0616,0.0846,0.0594,0.0326,0.0018,-0.0221,0.0000
2026-07-02 09:00:00,37,eval2026,cloudy,33.2700,56.2600,97.5800,2.4300,0.0000,72.8821,3.4923,0.0000,0.0000,0.1254,1,1.0000,0.0000,0.7071,-0.7071,-0.0065,-1.0000,0.0000,0.0319,0.0535,0.0347,0.0171,-0.0085,-0.0268,0.0000
2026-07-02 10:00:00,37,eval2026,cloudy,33.2200,55.7800,97.5700,2.3800,0.0000,72.3755,4.5062,0.0000,0.0000,0.0171,1,1.0000,0.0000,0.5000,-0.8660,-0.0065,-1.0000,0.0000,0.0086,0.0341,0.0269,0.0175,-0.0010,-0.0134,0.0000
2026-07-02 11:00:00,37,eval2026,cloudy,32.9600,56.2600,97.5600,2.1600,0.0000,86.3739,4.5062,0.0000,0.0000,0.0500,1,1.0000,0.0000,0.2588,-0.9659,-0.0065,-1.0000,0.0000,-0.0059,0.0262,0.0284,0.0236,0.0131,0.0004,0.0000
2026-07-02 12:00:00,37,eval2026,cloudy,32.5300,57.4100,97.6000,1.9100,0.0000,78.6774,5.0051,0.0000,0.0000,0.0927,1,1.0000,0.0000,0.0000,-1.0000,-0.0065,-1.0000,0.0000,-0.0009,0.0367,0.0461,0.0472,0.0428,0.0246,0.0000
2026-07-02 13:00:00,37,eval2026,cloudy,31.9200,59.9700,97.6400,1.4700,0.0000,77.7222,5.0051,0.0000,0.0000,0.0939,1,1.0000,0.0000,-0.2588,-0.9659,-0.0065,-1.0000,0.0000,0.0088,0.0499,0.0650,0.0735,0.0731,0.0494,0.0000
2026-07-02 14:00:00,37,eval2026,cloudy,31.3600,63.4100,97.7000,0.9900,0.0000,79.5868,4.5062,0.0000,0.0000,0.0575,1,1.0000,0.0000,-0.5000,-0.8660,-0.0065,-1.0000,0.0000,0.0178,0.0618,0.0795,0.0917,0.0910,0.0617,0.0000
2026-07-02 15:00:00,37,eval2026,cloudy,30.9700,64.4600,97.7500,1.1200,0.0000,74.9237,4.0073,0.0000,0.0000,0.0224,1,1.0000,0.0000,-0.7071,-0.7071,-0.0065,-1.0000,0.0000,0.0288,0.0756,0.0907,0.0989,0.0930,0.0581,0.0000
2026-07-02 16:00:00,37,eval2026,cloudy,30.6300,64.8500,97.8000,1.4300,0.0000,67.0227,3.4923,0.0000,1.0000,0.0071,1,1.0000,0.0000,-0.8660,-0.5000,-0.0065,-1.0000,0.0000,0.0362,0.0837,0.0915,0.0896,0.0778,0.0407,0.0000
2026-07-02 17:00:00,37,eval2026,cloudy,30.3700,65.4700,97.8100,1.8400,0.0000,60.3790,2.9934,0.0000,1.0000,0.0042,1,1.0000,0.0000,-0.9659,-0.2588,-0.0065,-1.0000,0.0000,0.0793,0.1161,0.1109,0.1035,0.0939,0.0512,0.0000
2026-07-02 18:00:00,37,eval2026,cloudy,30.0800,66.5800,97.7800,2.1000,0.0000,83.2367,3.4923,0.0000,1.0000,0.0057,1,1.0000,0.0000,-1.0000,-0.0000,-0.0065,-1.0000,0.0000,0.0931,0.1212,0.1083,0.0964,0.0905,0.0526,0.0000
2026-07-02 19:00:00,37,eval2026,cloudy,29.7700,68.0100,97.7500,2.2800,0.0000,83.8257,3.4923,0.0000,1.0000,0.0126,1,1.0000,0.0000,-0.9659,0.2588,-0.0065,-1.0000,0.0000,0.0938,0.1132,0.0926,0.0780,0.0778,0.0504,0.0000
2026-07-02 20:00:00,37,eval2026,cloudy,29.4700,69.7400,97.7200,2.5400,0.0000,79.7516,3.4923,0.0000,1.0000,0.0228,1,1.0000,0.0000,-0.8660,0.5000,-0.0065,-1.0000,0.0000,0.0806,0.0901,0.0642,0.0508,0.0578,0.0484,0.0000
2026-07-02 21:00:00,37,eval2026,cloudy,29.2200,71.4500,97.7000,2.4700,0.0000,74.4843,3.4923,0.0000,1.0000,0.0407,1,1.0000,0.0000,-0.7071,0.7071,-0.0065,-1.0000,0.0000,0.0646,0.0648,0.0376,0.0272,0.0395,0.0456,0.0000
2026-07-02 22:00:00,37,eval2026,cloudy,29.0500,72.9200,97.7000,2.3200,0.0000,75.8850,3.4923,0.0000,1.0000,0.0640,1,1.0000,0.0000,-0.5000,0.8660,-0.0065,-1.0000,0.0000,0.0625,0.0563,0.0316,0.0232,0.0348,0.0501,0.0000
2026-07-02 23:00:00,37,eval2026,cloudy,28.8800,74.4000,97.7300,2.2600,0.0000,92.1112,3.4923,0.0000,1.0000,0.0327,1,1.0000,0.0000,-0.2588,0.9659,-0.0065,-1.0000,0.0000,0.0688,0.0618,0.0436,0.0394,0.0491,0.0693,0.0000
2026-07-11 00:00:00,38,eval2026,rain,26.7200,94.3100,97.4100,1.7300,0.0500,81.8024,4.0073,0.0000,1.0000,0.3370,1,1.0000,0.0000,0.0000,1.0000,-0.1606,-0.9870,0.1511,0.1761,0.1870,0.2187,0.2916,0.3041,0.3548,0.0000
2026-07-11 01:00:00,38,eval2026,rain,27.4800,90.7900,97.4700,2.6200,0.0600,88.5590,4.0073,0.0000,1.0000,0.3913,1,1.0000,0.0000,0.2588,0.9659,-0.1606,-0.9870,0.1769,0.1853,0.2481,0.3561,0.5052,0.5886,0.6761,0.0000
2026-07-11 02:00:00,38,eval2026,rain,28.7100,83.7400,97.5200,3.2300,0.1400,82.4188,4.0073,0.0000,0.0000,0.2822,1,1.0000,0.0000,0.5000,0.8660,-0.1606,-0.9870,0.3666,0.2846,0.4215,0.6292,0.8728,1.0125,1.0984,0.0000
2026-07-11 03:00:00,38,eval2026,rain,29.9600,75.0600,97.5600,4.2500,0.0200,84.1583,4.5062,0.0000,0.0000,0.1905,1,1.0000,0.0000,0.7071,0.7071,-0.1606,-0.9870,0.0685,0.4702,0.7310,1.0553,1.3410,1.4527,1.4256,0.0000
2026-07-11 04:00:00,38,eval2026,rain,31.1200,68.0500,97.5700,5.0300,0.0100,88.2446,5.0051,0.0000,0.0000,0.1103,1,1.0000,0.0000,0.8660,0.5000,-0.1606,-0.9870,0.0376,0.5678,1.0670,1.4816,1.6666,1.6342,1.4364,0.0000
2026-07-11 05:00:00,38,eval2026,rain,32.0200,63.5300,97.5500,5.4800,0.0000,71.2860,5.0051,0.0000,0.0000,0.0571,1,1.0000,0.0000,0.9659,0.2588,-0.1606,-0.9870,0.0000,0.7152,1.3806,1.7614,1.7365,1.4988,1.1368,0.0000
2026-07-11 06:00:00,38,eval2026,rain,32.8000,60.1500,97.4900,5.5000,0.0000,40.6433,5.0051,0.0000,0.0000,0.0240,1,1.0000,0.0000,1.0000,0.0000,-0.1606,-0.9870,0.0000,0.8396,1.5157,1.7597,1.4966,1.1151,0.6650,0.0000
2026-07-11 07:00:00,38,eval2026,rain,33.4700,57.1100,97.4000,5.1900,0.0000,11.3007,5.0051,0.0000,0.0000,0.0482,1,1.0000,0.0000,0.9659,-0.2588,-0.1606,-0.9870,0.0000,0.7782,1.2711,1.3667,1.0297,0.6947,0.3179,0.0000
2026-07-11 08:00:00,38,eval2026,rain,34.1000,54.4000,97.3200,4.7200,0.0000,7.8125,5.0051,0.0000,0.0000,0.0461,1,1.0000,0.0000,0.8660,-0.5000,-0.1606,-0.9870,0.0000,0.4579,0.6906,0.7275,0.5310,0.3762,0.1693,0.0000
2026-07-11 09:00:00,38,eval2026,rain,34.6700,52.3400,97.2500,4.0500,0.0000,7.3761,5.0051,0.0000,0.0000,0.0464,1,1.0000,0.0000,0.7071,-0.7071,-0.1606,-0.9870,0.0000,0.1900,0.2670,0.2952,0.2320,0.1988,0.1054,0.0000
2026-07-11 10:00:00,38,eval2026,rain,34.7500,52.1600,97.1900,3.2200,0.0000,34.9854,5.0051,0.0000,0.0000,0.1588,1,1.0000,0.0000,0.5000,-0.8660,-0.1606,-0.9870,0.0000,0.0741,0.0964,0.1225,0.1190,0.1299,0.0841,0.0000
2026-07-11 11:00:00,38,eval2026,rain,34.5700,54.4400,97.1600,2.2400,0.0100,38.4766,5.0051,0.0000,0.0000,0.1022,1,1.0000,0.0000,0.2588,-0.9659,-0.1606,-0.9870,0.0376,0.0436,0.0527,0.0815,0.1013,0.1186,0.0854,0.0000
2026-07-11 12:00:00,38,eval2026,rain,34.1300,53.9000,97.1500,1.8200,0.0300,42.1448,5.0051,0.0000,0.0000,0.1375,1,1.0000,0.0000,0.0000,-1.0000,-0.1606,-0.9870,0.0973,0.0593,0.0564,0.0771,0.1052,0.1204,0.0949,0.0000
2026-07-11 13:00:00,38,eval2026,rain,33.2400,63.9800,97.1700,0.8400,0.0100,65.5945,4.0073,0.0000,0.0000,0.1265,1,1.0000,0.0000,-0.2588,-0.9659,-0.1606,-0.9870,0.0376,0.0704,0.0609,0.0744,0.1091,0.1211,0.1012,0.0000
2026-07-11 14:00:00,38,eval2026,rain,32.7300,64.8900,97.2200,0.6600,0.0100,78.7079,4.0073,0.0000,0.0000,0.1827,1,1.0000,0.0000,-0.5000,-0.8660,-0.1606,-0.9870,0.0376,0.0681,0.0636,0.0756,0.1222,0.1299,0.1136,0.0000
2026-07-11 15:00:00,38,eval2026,rain,31.9000,68.6500,97.2800,0.8000,0.0100,85.2081,4.0073,0.0000,0.0000,0.2326,1,1.0000,0.0000,-0.7071,-0.7071,-0.1606,-0.9870,0.0376,0.0644,0.0725,0.0874,0.1486,0.1504,0.1347,0.0000
2026-07-11 16:00:00,38,eval2026,rain,30.8000,74.4900,97.3200,1.0400,0.1100,87.7106,4.0073,0.0000,0.0000,0.1931,1,1.0000,0.0000,-0.8660,-0.5000,-0.1606,-0.9870,0.2980,0.0636,0.0914,0.1122,0.1875,0.1779,0.1606,0.0000
2026-07-11 17:00:00,38,eval2026,rain,29.5400,81.3200,97.3300,1.4800,0.5200,82.8400,4.0073,0.0000,0.0000,0.1272,1,1.0000,0.0000,-0.9659,-0.2588,-0.1606,-0.9870,1.1261,0.1846,0.1999,0.2109,0.2899,0.2610,0.2382,0.0000
2026-07-11 18:00:00,38,eval2026,rain,28.5500,83.9400,97.3000,1.8400,1.1400,74.7742,4.0073,0.0000,0.0000,0.1014,1,1.0000,0.0000,-1.0000,-0.0000,-0.1606,-0.9870,2.1911,1.0460,0.7895,0.6459,0.6515,0.5838,0.5459,0.0000
2026-07-11 19:00:00,38,eval2026,rain,27.7600,85.5600,97.2500,2.0100,0.8100,69.1376,4.0073,0.0000,0.0000,0.0868,1,1.0000,0.0000,-0.9659,0.2588,-0.1606,-0.9870,1.6409,2.3303,1.6027,1.1353,0.9249,0.7521,0.6597,0.0000
2026-07-11 20:00:00,38,eval2026,rain,27.1000,86.5600,97.2200,2.1500,0.1200,71.2738,4.0073,0.0000,0.0000,0.0648,1,1.0000,0.0000,-0.8660,0.5000,-0.1606,-0.9870,0.3211,1.1941,0.9169,0.8054,0.7682,0.6815,0.5286,0.0000
2026-07-11 21:00:00,38,eval2026,rain,26.5600,87.0100,97.1900,2.3800,0.0000,41.2445,4.0073,0.0000,0.0000,0.0477,1,1.0000,0.0000,-0.7071,0.7071,-0.1606,-0.9870,0.0000,0.4134,0.3988,0.4501,0.4911,0.4745,0.4955,0.0000
2026-07-11 22:00:00,38,eval2026,rain,26.1600,87.3200,97.1800,2.5800,0.0000,31.7993,4.0073,0.0000,0.0000,0.0246,1,1.0000,0.0000,-0.5000,0.8660,-0.1606,-0.9870,0.0000,0.1950,0.2128,0.2223,0.2738,0.3017,0.4198,0.0000
2026-07-11 23:00:00,38,eval2026,rain,25.8700,87.8300,97.1900,2.6000,0.0000,19.7388,4.0073,0.0000,0.0000,0.0103,1,1.0000,0.0000,-0.2588,0.9659,-0.1606,-0.9870,0.0000,0.0663,0.0997,0.0906,0.1533,0.2174,0.3469,0.0000
2026-07-24 00:00:00,39,eval2026,cloudy,26.1500,93.7000,97.5900,4.8900,0.0000,99.9115,4.0073,0.0000,1.0000,0.3634,1,1.0000,0.0000,0.0000,1.0000,-0.3755,-0.9268,0.0000,0.0727,0.0699,0.2289,0.2781,0.4233,0.6183,0.0000
2026-07-24 01:00:00,39,eval2026,cloudy,27.2900,87.5100,97.6600,5.5500,0.0500,100.0000,2.9934,0.0000,1.0000,0.4696,1,1.0000,0.0000,0.2588,0.9659,-0.3755,-0.9268,0.1511,0.0583,0.0465,0.2282,0.3147,0.5007,0.7117,0.0000
2026-07-24 02:00:00,39,eval2026,cloudy,28.8500,78.5900,97.6900,6.4600,0.0800,100.0000,2.9934,0.0000,1.0000,0.4150,1,1.0000,0.0000,0.5000,0.8660,-0.3755,-0.9268,0.2266,0.1195,0.1191,0.2737,0.3439,0.4921,0.6786,0.0000
2026-07-24 03:00:00,39,eval2026,cloudy,30.0300,72.3200,97.7100,6.8300,0.0600,99.2004,3.4923,0.0000,1.0000,0.3260,1,1.0000,0.0000,0.7071,0.7071,-0.3755,-0.9268,0.1769,0.1596,0.1907,0.3199,0.3618,0.4772,0.6411,0.0000
2026-07-24 04:00:00,39,eval2026,cloudy,30.9200,68.4700,97.6900,6.9300,0.1200,100.0000,4.0073,0.0000,0.0000,0.3325,1,1.0000,0.0000,0.8660,0.5000,-0.3755,-0.9268,0.3211,0.1748,0.2376,0.3318,0.3506,0.4598,0.6207,0.0000
2026-07-24 05:00:00,39,eval2026,cloudy,31.5800,66.3500,97.6500,7.0300,0.2400,100.0000,3.4923,1.0000,0.0000,0.3553,1,1.0000,0.0000,0.9659,0.2588,-0.3755,-0.9268,0.5820,0.2700,0.3569,0.4198,0.4207,0.5102,0.6645,0.0000
2026-07-24 06:00:00,39,eval2026,cloudy,31.9400,65.3500,97.5800,7.2000,0.3000,99.1760,2.4945,0.0000,1.0000,0.2653,1,1.0000,0.0000,1.0000,0.0000,-0.3755,-0.9268,0.7044,0.5132,0.6198,0.6235,0.5552,0.6413,0.8289,0.0000
2026-07-24 07:00:00,39,eval2026,cloudy,31.7400,65.9500,97.5000,7.1800,0.5900,95.4254,4.0073,0.0000,1.0000,0.2170,1,1.0000,0.0000,0.9659,-0.2588,-0.3755,-0.9268,1.2538,0.8483,0.8699,0.7898,0.6992,0.7488,0.9192,0.0000
2026-07-24 08:00:00,39,eval2026,cloudy,31.2400,67.9800,97.4500,6.9000,0.6900,90.4877,5.0051,0.0000,0.0000,0.2363,1,1.0000,0.0000,0.8660,-0.5000,-0.3755,-0.9268,1.4322,1.4908,1.2692,1.0203,0.8683,0.8517,0.9912,0.0000
2026-07-24 09:00:00,39,eval2026,cloudy,30.7700,70.5200,97.4200,6.2600,0.4800,87.5793,5.0051,0.0000,0.0000,0.2167,1,1.0000,0.0000,0.7071,-0.7071,-0.3755,-0.9268,1.0519,1.2940,0.9446,0.6633,0.5153,0.4622,0.5440,0.0000
2026-07-24 10:00:00,39,eval2026,cloudy,30.5900,72.2500,97.4000,5.5600,0.2500,93.9606,6.0029,0.0000,0.0000,0.0887,1,1.0000,0.0000,0.5000,-0.8660,-0.3755,-0.9268,0.6027,0.6792,0.4755,0.3241,0.2776,0.2465,0.3264,0.0000
2026-07-24 11:00:00,39,eval2026,cloudy,30.2300,75.3900,97.4100,4.7900,0.1400,97.7295,6.0029,0.0000,0.0000,0.0573,1,1.0000,0.0000,0.2588,-0.9659,-0.3755,-0.9268,0.3666,0.3130,0.2443,0.1653,0.1875,0.2062,0.3319,0.0000
2026-07-24 12:00:00,39,eval2026,cloudy,29.4300,81.4500,97.4400,3.8300,0.0200,74.4995,6.0029,0.0000,0.0000,0.0060,1,1.0000,0.0000,0.0000,-1.0000,-0.3755,-0.9268,0.0685,0.2031,0.1868,0.1183,0.1857,0.2509,0.4139,0.0000
2026-07-24 13:00:00,39,eval2026,cloudy,28.4100,87.2000,97.4900,3.4300,0.0100,82.7209,6.0029,0.0000,0.0000,0.0213,1,1.0000,0.0000,-0.2588,-0.9659,-0.3755,-0.9268,0.0376,0.0690,0.0657,0.0156,0.1135,0.2079,0.3725,0.0000
2026-07-24 14:00:00,39,eval2026,cloudy,27.9300,88.6800,97.5700,4.1300,0.0000,96.5973,6.0029,0.0000,0.0000,0.0370,1,1.0000,0.0000,-0.5000,-0.8660,-0.3755,-0.9268,0.0000,0.1096,0.0932,0.0746,0.1802,0.2968,0.4566,0.0000
2026-07-24 15:00:00,39,eval2026,cloudy,27.6700,88.3000,97.6400,4.8700,0.0000,97.4884,6.0029,0.0000,0.0000,0.0569,1,1.0000,0.0000,-0.7071,-0.7071,-0.3755,-0.9268,0.0000,0.1605,0.1532,0.1892,0.2840,0.3907,0.5225,0.0000
2026-07-24 16:00:00,39,eval2026,cloudy,27.2500,90.0700,97.6800,4.8400,0.0100,97.2229,4.5062,1.0000,1.0000,0.0803,1,1.0000,0.0000,-0.8660,-0.5000,-0.3755,-0.9268,0.0376,0.2258,0.2461,0.3170,0.3690,0.4294,0.5081,0.0000
2026-07-24 17:00:00,39,eval2026,cloudy,26.8800,91.5700,97.6800,4.6200,0.0300,99.2004,4.5062,0.0000,1.0000,0.1743,1,1.0000,0.0000,-0.9659,-0.2588,-0.3755,-0.9268,0.0973,0.2609,0.2676,0.3639,0.4051,0.4232,0.4007,0.0000
2026-07-24 18:00:00,39,eval2026,cloudy,26.6800,92.1500,97.6600,4.5800,0.0400,98.1140,4.5062,0.0000,1.0000,0.1707,1,1.0000,0.0000,-1.0000,-0.0000,-0.3755,-0.9268,0.1247,0.2644,0.2595,0.3634,0.3988,0.3988,0.3707,0.0000
2026-07-24 19:00:00,39,eval2026,cloudy,26.4200,93.6700,97.6300,4.4400,0.0500,97.6898,4.0073,0.0000,1.0000,0.1193,1,1.0000,0.0000,-0.9659,0.2588,-0.3755,-0.9268,0.1511,0.2785,0.2123,0.2851,0.3370,0.3576,0.3483,0.0000
2026-07-24 20:00:00,39,eval2026,cloudy,26.1700,94.9500,97.6100,4.4000,0.1400,95.1996,4.0073,0.0000,1.0000,0.1358,1,1.0000,0.0000,-0.8660,0.5000,-0.3755,-0.9268,0.3666,0.2012,0.1154,0.1217,0.1308,0.1444,0.1808,0.0000
2026-07-24 21:00:00,39,eval2026,cloudy,26.0000,95.6000,97.6200,4.2600,0.2500,95.9991,4.0073,1.0000,0.0000,0.0840,1,1.0000,0.0000,-0.7071,0.7071,-0.3755,-0.9268,0.6027,0.2345,0.1040,0.0423,0.0300,0.0742,0.1936,0.0000
2026-07-24 22:00:00,39,eval2026,cloudy,25.8700,95.9100,97.6500,4.0100,0.1800,95.1172,4.0073,1.0000,0.0000,0.1334,1,1.0000,0.0000,-0.5000,0.8660,-0.3755,-0.9268,0.4548,0.2325,0.1309,0.0838,0.0919,0.1462,0.3189,0.0000
2026-07-24 23:00:00,39,eval2026,cloudy,25.7700,96.0300,97.7100,3.6600,0.0500,35.8002,4.0073,0.0000,1.0000,0.1338,1,1.0000,0.0000,-0.2588,0.9659,-0.3755,-0.9268,0.1511,0.1834,0.1445,0.1537,0.2119,0.2915,0.5108,0.0000
2026-07-28 00:00:00,40,eval2026,rain,26.3600,94.6600,97.4400,3.6600,0.0600,99.9115,4.0073,0.0000,1.0000,0.1722,1,1.0000,0.0000,0.0000,1.0000,-0.4383,-0.8988,0.1769,0.3427,0.2953,0.3447,0.4550,0.5137,0.5501,0.0000
2026-07-28 01:00:00,40,eval2026,rain,27.3000,90.4500,97.4700,4.1200,1.3300,100.0000,4.0073,0.0000,1.0000,0.3384,1,1.0000,0.0000,0.2588,0.9659,-0.4383,-0.8988,2.4955,0.3868,0.3144,0.3671,0.4999,0.5854,0.6180,0.0000
2026-07-28 02:00:00,40,eval2026,rain,28.9300,83.6200,97.4900,4.0300,3.5600,100.0000,3.2026,1.0000,1.0000,0.3843,1,1.0000,0.0000,0.5000,0.8660,-0.4383,-0.8988,5.6894,2.2103,1.3691,0.9093,1.0304,1.3153,1.5617,0.0000
2026-07-28 03:00:00,40,eval2026,rain,30.5100,77.8400,97.5200,3.7200,2.5100,99.9115,2.0921,1.0000,0.0000,0.2824,1,1.0000,0.0000,0.7071,0.7071,-0.4383,-0.8988,4.2525,3.4941,2.2300,1.5035,1.5529,1.6647,1.8206,0.0000
2026-07-28 04:00:00,40,eval2026,rain,31.8700,73.2000,97.5500,3.2100,3.6600,99.5758,2.4945,1.0000,0.0000,0.2052,1,1.0000,0.0000,0.8660,0.5000,-0.4383,-0.8988,5.8217,2.2570,1.6434,1.5439,1.6965,1.5462,1.3179,0.0000
2026-07-28 05:00:00,40,eval2026,rain,32.7200,70.4800,97.5500,2.7300,4.8000,94.3634,2.9934,0.0000,1.0000,0.1441,1,1.0000,0.0000,0.9659,0.2588,-0.4383,-0.8988,7.2868,3.9094,2.5844,1.8368,1.4508,1.0535,0.7745,0.0000
2026-07-28 06:00:00,40,eval2026,rain,33.1900,69.1900,97.5200,2.3200,5.3300,82.0831,2.9934,0.0000,1.0000,0.1755,1,1.0000,0.0000,1.0000,0.0000,-0.4383,-0.8988,7.9441,3.7744,2.2332,1.4712,1.1628,0.8919,0.7014,0.0000
2026-07-28 07:00:00,40,eval2026,rain,33.5300,68.5300,97.4700,2.0800,6.0100,76.2787,2.0921,1.0000,0.0000,0.1909,1,1.0000,0.0000,0.9659,-0.2588,-0.4383,-0.8988,8.7690,3.7590,2.0642,1.2976,1.0818,0.9314,0.8272,0.0000
2026-07-28 08:00:00,40,eval2026,rain,33.5300,68.9300,97.4100,1.9400,9.1600,87.2040,2.0921,1.0000,0.0000,0.2444,1,1.0000,0.0000,0.8660,-0.5000,-0.4383,-0.8988,12.3763,4.0136,2.1410,1.3008,1.0644,0.9250,0.8704,0.0000
2026-07-28 09:00:00,40,eval2026,rain,33.3500,70.0100,97.3600,1.6700,7.9900,76.2421,4.0073,1.0000,0.0000,0.0916,1,1.0000,0.0000,0.7071,-0.7071,-0.4383,-0.8988,11.0722,4.2458,2.2402,1.3725,1.1403,0.9864,0.9709,0.0000
2026-07-28 10:00:00,40,eval2026,rain,33.0900,71.2200,97.3300,1.3600,4.5100,94.6838,4.5062,1.0000,0.0000,0.0120,1,1.0000,0.0000,0.5000,-0.8660,-0.4383,-0.8988,6.9211,4.2662,2.2503,1.3997,1.1354,0.9298,0.8993,0.0000
2026-07-28 11:00:00,40,eval2026,rain,33.0400,71.7700,97.3200,1.1300,2.1700,100.0000,4.5062,0.0000,1.0000,0.1794,1,1.0000,0.0000,0.2588,-0.9659,-0.4383,-0.8988,3.7651,3.5893,1.8847,1.2111,0.9007,0.5940,0.5070,0.0000
2026-07-28 12:00:00,40,eval2026,rain,32.4000,71.1000,97.3300,1.1400,0.8500,100.0000,4.5062,0.0000,1.0000,0.2177,1,1.0000,0.0000,0.0000,-1.0000,-0.4383,-0.8988,1.7093,1.8538,1.1202,0.9513,0.8767,0.6576,0.5386,0.0000
2026-07-28 13:00:00,40,eval2026,rain,31.3300,80.1500,97.3600,0.8800,0.3600,92.2882,4.5062,0.0000,1.0000,0.0100,1,1.0000,0.0000,-0.2588,-0.9659,-0.4383,-0.8988,0.8231,1.0803,0.8109,0.7424,0.6712,0.5309,0.4746,0.0000
2026-07-28 14:00:00,40,eval2026,rain,30.7600,82.1900,97.4200,0.8500,0.1100,81.9000,4.5062,0.0000,1.0000,0.0189,1,1.0000,0.0000,-0.5000,-0.8660,-0.4383,-0.8988,0.2980,0.6957,0.6038,0.6367,0.6682,0.6380,0.6236,0.0000
2026-07-28 15:00:00,40,eval2026,rain,30.1200,84.9800,97.4700,1.0100,0.0700,84.3353,4.5062,0.0000,1.0000,0.0453,1,1.0000,0.0000,-0.7071,-0.7071,-0.4383,-0.8988,0.2020,0.5066,0.5432,0.6458,0.7390,0.7562,0.7688,0.0000
2026-07-28 16:00:00,40,eval2026,rain,29.4700,88.1000,97.5100,1.1700,0.0300,95.9778,4.5062,0.0000,1.0000,0.0719,1,1.0000,0.0000,-0.8660,-0.5000,-0.4383,-0.8988,0.0973,0.4676,0.6001,0.7254,0.8285,0.8303,0.8236,0.0000
2026-07-28 17:00:00,40,eval2026,rain,29.0100,89.6200,97.5300,1.1900,0.0800,96.8872,4.5062,0.0000,1.0000,0.0595,1,1.0000,0.0000,-0.9659,-0.2588,-0.4383,-0.8988,0.2266,0.4335,0.6381,0.7701,0.8656,0.8522,0.8182,0.0000
2026-07-28 18:00:00,40,eval2026,rain,28.6500,90.6200,97.5400,1.1100,0.1500,91.4001,4.5062,0.0000,1.0000,0.0491,1,1.0000,0.0000,-1.0000,-0.0000,-0.4383,-0.8988,0.3890,0.4181,0.5958,0.6721,0.7438,0.7289,0.6784,0.0000
2026-07-28 19:00:00,40,eval2026,rain,28.3000,91.9200,97.5300,1.0400,0.5500,95.8008,4.5062,0.0000,1.0000,0.0111,1,1.0000,0.0000,-0.9659,0.2588,-0.4383,-0.8988,1.1812,0.4538,0.5689,0.5834,0.6371,0.6564,0.6191,0.0000
2026-07-28 20:00:00,40,eval2026,rain,27.9300,93.4600,97.5100,1.0200,0.4900,95.5109,4.5062,0.0000,1.0000,0.0248,1,1.0000,0.0000,-0.8660,0.5000,-0.4383,-0.8988,1.0705,1.0484,0.8706,0.6822,0.6904,0.7990,0.8237,0.0000
2026-07-28 21:00:00,40,eval2026,rain,27.6600,94.4100,97.5100,1.0200,0.2700,96.9116,4.5062,0.0000,1.0000,0.0368,1,1.0000,0.0000,-0.7071,0.7071,-0.4383,-0.8988,0.6437,0.8259,0.7698,0.6961,0.7547,0.8648,0.8553,0.0000
2026-07-28 22:00:00,40,eval2026,rain,27.5100,94.8800,97.5300,1.0000,0.4400,95.0745,4.0073,0.0000,1.0000,0.0505,1,1.0000,0.0000,-0.5000,0.8660,-0.4383,-0.8988,0.9767,0.5904,0.6617,0.6630,0.7400,0.8143,0.7850,0.0000
2026-07-28 23:00:00,40,eval2026,rain,27.3700,95.3000,97.5500,0.9800,0.9800,93.7103,3.4923,0.0000,1.0000,0.0531,1,1.0000,0.0000,-0.2588,0.9659,-0.4383,-0.8988,1.9282,0.8137,0.7908,0.7378,0.7879,0.8276,0.7736,0.0000
2026-08-01 00:00:00,41,eval2026,cloudy,26.4400,95.0400,97.5500,4.3500,0.0000,98.9471,4.0073,0.0000,1.0000,0.2330,1,1.0000,0.0000,0.0000,1.0000,-0.4991,-0.8666,0.0000,0.1100,0.0996,0.1451,0.2629,0.3429,0.4197,0.0000
2026-08-01 01:00:00,41,eval2026,cloudy,27.6000,90.0200,97.6000,5.4000,0.0000,99.3866,3.4923,0.0000,1.0000,0.2346,1,1.0000,0.0000,0.2588,0.9659,-0.4991,-0.8666,0.0000,0.1673,0.1899,0.2965,0.4805,0.5901,0.6215,0.0000
2026-08-01 02:00:00,41,eval2026,cloudy,29.1500,83.0900,97.6200,6.0900,0.0400,99.9115,2.9934,0.0000,1.0000,0.1850,1,1.0000,0.0000,0.5000,0.8660,-0.4991,-0.8666,0.1247,0.1437,0.2051,0.3613,0.5568,0.6310,0.5770,0.0000
2026-08-01 03:00:00,41,eval2026,cloudy,30.4500,76.7700,97.6500,6.3300,0.4100,96.2860,2.9934,0.0000,1.0000,0.1378,1,1.0000,0.0000,0.7071,0.7071,-0.4991,-0.8666,0.9197,0.2160,0.3490,0.5567,0.7343,0.7577,0.6142,0.0000
2026-08-01 04:00:00,41,eval2026,cloudy,31.3400,72.8100,97.6500,6.2300,0.4100,100.0000,3.4923,0.0000,1.0000,0.0911,1,1.0000,0.0000,0.8660,0.5000,-0.4991,-0.8666,0.9197,0.8511,0.8014,0.8664,0.9382,0.9262,0.7745,0.0000
2026-08-01 05:00:00,41,eval2026,cloudy,32.0100,69.9400,97.6100,6.0100,0.3600,100.0000,3.4923,0.0000,1.0000,0.1300,1,1.0000,0.0000,0.9659,0.2588,-0.4991,-0.8666,0.8231,0.8294,0.8215,0.8979,0.9333,0.8496,0.6446,0.0000
2026-08-01 06:00:00,41,eval2026,cloudy,32.4400,68.6500,97.5500,5.7000,0.4200,99.8871,3.4923,0.0000,0.0000,0.3671,1,1.0000,0.0000,1.0000,0.0000,-0.4991,-0.8666,0.9388,0.7641,0.7896,0.8491,0.8696,0.7538,0.5530,0.0000
2026-08-01 07:00:00,41,eval2026,cloudy,32.7100,67.8700,97.4700,5.3900,0.3100,99.7375,4.0073,0.0000,0.0000,0.2654,1,1.0000,0.0000,0.9659,-0.2588,-0.4991,-0.8666,0.7244,0.9801,0.9276,0.8725,0.8096,0.6370,0.4717,0.0000
2026-08-01 08:00:00,41,eval2026,cloudy,32.8700,67.3600,97.3900,5.1100,0.3400,100.0000,4.0073,0.0000,0.0000,0.1125,1,1.0000,0.0000,0.8660,-0.5000,-0.4991,-0.8666,0.7839,0.5265,0.5385,0.5458,0.5452,0.4692,0.4327,0.0000
2026-08-01 09:00:00,41,eval2026,cloudy,32.7400,67.7300,97.3300,4.7900,0.2700,99.2004,4.0073,1.0000,0.0000,0.0747,1,1.0000,0.0000,0.7071,-0.7071,-0.4991,-0.8666,0.6437,0.5417,0.5005,0.4642,0.4785,0.4486,0.4940,0.0000
2026-08-01 10:00:00,41,eval2026,cloudy,32.3600,69.8100,97.3100,4.3500,0.1100,99.6002,4.0073,0.0000,0.0000,0.1725,1,1.0000,0.0000,0.5000,-0.8660,-0.4991,-0.8666,0.2980,0.4959,0.4572,0.4383,0.4724,0.5222,0.6163,0.0000
2026-08-01 11:00:00,41,eval2026,cloudy,31.7100,73.2800,97.3400,3.8700,0.0400,99.6887,4.0073,0.0000,0.0000,0.1055,1,1.0000,0.0000,0.2588,-0.9659,-0.4991,-0.8666,0.1247,0.2144,0.2108,0.2290,0.3141,0.4326,0.6174,0.0000
2026-08-01 12:00:00,41,eval2026,cloudy,30.7100,79.1600,97.3900,3.1100,0.0100,98.9990,4.5062,0.0000,0.0000,0.2127,1,1.0000,0.0000,0.0000,-1.0000,-0.4991,-0.8666,0.0376,0.0775,0.0736,0.0893,0.2136,0.3581,0.5915,0.0000
2026-08-01 13:00:00,41,eval2026,cloudy,29.3200,87.5600,97.4700,2.2600,0.0100,99.2004,4.5062,0.0000,0.0000,0.2529,1,1.0000,0.0000,-0.2588,-0.9659,-0.4991,-0.8666,0.0376,0.0152,0.0073,0.0378,0.1833,0.3288,0.5557,0.0000
2026-08-01 14:00:00,41,eval2026,cloudy,28.6100,90.4200,97.5600,2.1200,0.0100,95.9991,4.5062,0.0000,0.0000,0.2767,1,1.0000,0.0000,-0.5000,-0.8660,-0.4991,-0.8666,0.0376,0.0288,0.0250,0.0918,0.2551,0.3947,0.5846,0.0000
2026-08-01 15:00:00,41,eval2026,cloudy,28.2400,91.2900,97.6200,2.2300,0.0200,98.0011,4.5062,0.0000,0.0000,0.1673,1,1.0000,0.0000,-0.7071,-0.7071,-0.4991,-0.8666,0.0685,0.0685,0.0860,0.1887,0.3564,0.4728,0.6237,0.0000
2026-08-01 16:00:00,41,eval2026,cloudy,27.8900,92.1000,97.6500,2.3900,0.0400,97.2015,4.5062,0.0000,0.0000,0.1061,1,1.0000,0.0000,-0.8660,-0.5000,-0.4991,-0.8666,0.1247,0.1426,0.1719,0.2773,0.4045,0.4680,0.5674,0.0000
2026-08-01 17:00:00,41,eval2026,cloudy,27.5800,92.9300,97.6300,2.5900,0.0500,99.2004,4.0073,0.0000,1.0000,0.0436,1,1.0000,0.0000,-0.9659,-0.2588,-0.4991,-0.8666,0.1511,0.2249,0.2316,0.3049,0.3769,0.4007,0.4826,0.0000
2026-08-01 18:00:00,41,eval2026,cloudy,27.3300,93.4600,97.5800,2.9400,0.0400,95.8893,4.0073,0.0000,1.0000,0.0266,1,1.0000,0.0000,-1.0000,-0.0000,-0.4991,-0.8666,0.1247,0.2965,0.2709,0.2985,0.3349,0.3461,0.4435,0.0000
2026-08-01 19:00:00,41,eval2026,cloudy,27.0100,94.5600,97.5100,3.1400,0.0400,94.9127,4.0073,0.0000,1.0000,0.0342,1,1.0000,0.0000,-0.9659,0.2588,-0.4991,-0.8666,0.1247,0.3083,0.2677,0.2411,0.2603,0.2766,0.4083,0.0000
2026-08-01 20:00:00,41,eval2026,cloudy,26.7500,95.5200,97.4900,3.2400,0.0600,95.1416,4.0073,0.0000,1.0000,0.0433,1,1.0000,0.0000,-0.8660,0.5000,-0.4991,-0.8666,0.1769,0.3114,0.2481,0.1732,0.1857,0.2286,0.3899,0.0000
2026-08-01 21:00:00,41,eval2026,cloudy,26.5900,95.9300,97.5300,3.3400,0.1400,94.8792,4.0073,0.0000,1.0000,0.0511,1,1.0000,0.0000,-0.7071,0.7071,-0.4991,-0.8666,0.3666,0.3318,0.2524,0.1436,0.1495,0.2250,0.3977,0.0000
2026-08-01 22:00:00,41,eval2026,cloudy,26.4600,96.0200,97.5800,3.1700,0.0500,98.5504,4.0073,0.0000,1.0000,0.0626,1,1.0000,0.0000,-0.5000,0.8660,-0.4991,-0.8666,0.1511,0.4108,0.3076,0.1808,0.1922,0.3053,0.4861,0.0000
2026-08-01 23:00:00,41,eval2026,cloudy,26.2400,96.4200,97.6200,2.6100,0.0300,92.1112,4.0073,0.0000,1.0000,0.0646,1,1.0000,0.0000,-0.2588,0.9659,-0.4991,-0.8666,0.0973,0.2338,0.1661,0.0731,0.1381,0.2766,0.4892,0.0000
2026-08-08 00:00:00,42,eval2026,rain,26.5500,96.8800,97.5900,2.9600,0.2200,96.4020,2.0921,0.0000,1.0000,0.1531,1,1.0000,0.0000,0.0000,1.0000,-0.5996,-0.8003,0.5402,0.2494,-0.0645,-0.1009,0.0551,0.3799,0.7638,0.0000
2026-08-08 01:00:00,42,eval2026,rain,27.2600,95.0500,97.6500,3.7100,0.5800,97.8638,2.0921,0.0000,1.0000,0.0924,1,1.0000,0.0000,0.2588,0.9659,-0.5996,-0.8003,1.2357,0.4428,0.2234,0.3539,0.7162,1.2490,1.7270,0.0000
2026-08-08 02:00:00,42,eval2026,rain,27.9800,93.6500,97.7100,3.7600,2.2100,96.2006,2.0921,0.0000,1.0000,0.0836,1,1.0000,0.0000,0.5000,0.8660,-0.5996,-0.8003,3.8231,1.2512,1.0207,1.4335,2.1400,2.9150,3.2294,0.0000
2026-08-08 03:00:00,42,eval2026,rain,28.7600,89.4700,97.7600,4.1700,0.4900,99.0509,1.8025,0.0000,1.0000,0.1217,1,1.0000,0.0000,0.7071,0.7071,-0.5996,-0.8003,1.0705,3.2496,2.7393,3.3259,4.0904,4.7545,4.5196,0.0000
2026-08-08 04:00:00,42,eval2026,rain,29.3500,85.8700,97.8000,5.0300,0.4500,86.4288,2.4945,0.0000,1.0000,0.1398,1,1.0000,0.0000,0.8660,0.5000,-0.5996,-0.8003,0.9956,0.9122,1.8854,3.0829,3.8147,3.6423,3.1113,0.0000
2026-08-08 05:00:00,42,eval2026,rain,30.1100,82.7300,97.7900,5.6300,0.5200,73.5107,3.4923,0.0000,1.0000,0.1877,1,1.0000,0.0000,0.9659,0.2588,-0.5996,-0.8003,1.1261,2.1763,3.0691,3.3965,3.0740,2.1556,1.3531,0.0000
2026-08-08 06:00:00,42,eval2026,rain,31.2600,78.4000,97.7400,6.0500,0.5000,90.9729,3.2026,1.0000,0.0000,0.1500,1,1.0000,0.0000,1.0000,0.0000,-0.5996,-0.8003,1.0891,2.1004,2.6962,2.5944,2.0543,1.2565,0.7557,0.0000
2026-08-08 07:00:00,42,eval2026,rain,31.9000,75.6900,97.6800,6.0200,0.4300,95.5994,2.9934,1.0000,0.0000,0.1326,1,1.0000,0.0000,0.9659,-0.2588,-0.5996,-0.8003,0.9578,1.2844,1.5106,1.4148,1.1791,0.7585,0.5609,0.0000
2026-08-08 08:00:00,42,eval2026,rain,32.2400,74.5500,97.6100,5.5900,0.3600,95.9381,2.9934,0.0000,1.0000,0.1954,1,1.0000,0.0000,0.8660,-0.5000,-0.5996,-0.8003,0.8231,0.9663,0.9892,0.9019,0.7713,0.5274,0.4265,0.0000
2026-08-08 09:00:00,42,eval2026,rain,32.3800,74.3900,97.5600,5.1400,0.1800,92.9077,4.0073,0.0000,1.0000,0.2033,1,1.0000,0.0000,0.7071,-0.7071,-0.5996,-0.8003,0.4548,0.7741,0.7561,0.6883,0.5967,0.4375,0.4077,0.0000
2026-08-08 10:00:00,42,eval2026,rain,32.2000,75.2600,97.5400,4.7600,0.0700,97.1130,4.0073,0.0000,0.0000,0.2749,1,1.0000,0.0000,0.5000,-0.8660,-0.5996,-0.8003,0.2020,0.4847,0.4810,0.4642,0.4296,0.3814,0.4641,0.0000
2026-08-08 11:00:00,42,eval2026,rain,31.6200,78.5500,97.5300,4.0600,0.0100,96.2738,4.0073,0.0000,0.0000,0.1763,1,1.0000,0.0000,0.2588,-0.9659,-0.5996,-0.8003,0.0376,0.2397,0.2516,0.2651,0.2716,0.3173,0.4976,0.0000
2026-08-08 12:00:00,42,eval2026,rain,30.4400,85.2900,97.5500,3.0800,0.0000,93.4509,4.0073,0.0000,1.0000,0.1727,1,1.0000,0.0000,0.0000,-1.0000,-0.5996,-0.8003,0.0000,0.0460,0.0779,0.1122,0.1436,0.2220,0.4302,0.0000
2026-08-08 13:00:00,42,eval2026,rain,29.1000,91.5200,97.6000,2.5400,0.0000,93.6646,3.4923,0.0000,1.0000,0.0855,1,1.0000,0.0000,-0.2588,-0.9659,-0.5996,-0.8003,0.0000,0.0421,0.0786,0.1344,0.2057,0.3203,0.5632,0.0000
2026-08-08 14:00:00,42,eval2026,rain,28.5800,92.6700,97.6700,2.8300,0.0000,80.4871,3.4923,0.0000,1.0000,0.0597,1,1.0000,0.0000,-0.5000,-0.8660,-0.5996,-0.8003,0.0000,0.1145,0.1373,0.2179,0.3442,0.5082,0.7864,0.0000
2026-08-08 15:00:00,42,eval2026,rain,28.2000,93.4400,97.7300,2.9300,0.0000,94.6869,4.0073,0.0000,1.0000,0.0496,1,1.0000,0.0000,-0.7071,-0.7071,-0.5996,-0.8003,0.0000,0.1703,0.1898,0.2968,0.4811,0.7041,1.0309,0.0000
2026-08-08 16:00:00,42,eval2026,rain,27.6700,94.8800,97.7600,2.5400,0.0000,88.6902,4.0073,0.0000,1.0000,0.0638,1,1.0000,0.0000,-0.8660,-0.5000,-0.5996,-0.8003,0.0000,0.2158,0.2552,0.4185,0.6752,0.9754,1.3640,0.0000
2026-08-08 17:00:00,42,eval2026,rain,27.2100,95.7300,97.7600,2.1600,0.0000,96.3104,4.0073,0.0000,1.0000,0.1031,1,1.0000,0.0000,-0.9659,-0.2588,-0.5996,-0.8003,0.0000,0.1838,0.2365,0.4055,0.6126,0.8667,1.1850,0.0000
2026-08-08 18:00:00,42,eval2026,rain,26.8300,96.1600,97.7600,1.9600,0.0000,98.9990,4.0073,0.0000,1.0000,0.0494,1,1.0000,0.0000,-1.0000,-0.0000,-0.5996,-0.8003,0.0000,0.2050,0.2672,0.4476,0.6195,0.8754,1.1490,0.0000
2026-08-08 19:00:00,42,eval2026,rain,26.5100,96.3300,97.7400,1.8700,0.0000,98.9105,3.4923,0.0000,1.0000,0.0255,1,1.0000,0.0000,-0.9659,0.2588,-0.5996,-0.8003,0.0000,0.2185,0.2856,0.4543,0.5702,0.7823,0.9653,0.0000
2026-08-08 20:00:00,42,eval2026,rain,26.2200,96.6100,97.7000,1.7800,0.0000,100.0000,3.2026,0.0000,1.0000,0.0335,1,1.0000,0.0000,-0.8660,0.5000,-0.5996,-0.8003,0.0000,0.2343,0.3189,0.5102,0.6196,0.8169,0.9359,0.0000
2026-08-08 21:00:00,42,eval2026,rain,25.9900,96.9900,97.6700,1.7700,0.0000,98.8007,3.2026,0.0000,1.0000,0.0621,1,1.0000,0.0000,-0.7071,0.7071,-0.5996,-0.8003,0.0000,0.1932,0.2854,0.4549,0.5400,0.6694,0.7185,0.0000
2026-08-08 22:00:00,42,eval2026,rain,25.8500,97.1300,97.6900,2.1800,0.0000,93.5242,3.2026,0.0000,1.0000,0.0827,1,1.0000,0.0000,-0.5000,0.8660,-0.5996,-0.8003,0.0000,0.0963,0.1525,0.2461,0.2985,0.3625,0.4010,0.0000
2026-08-08 23:00:00,42,eval2026,rain,25.8200,97.0200,97.7400,2.7100,0.0000,97.0642,2.8003,0.0000,1.0000,0.1110,1,1.0000,0.0000,-0.2588,0.9659,-0.5996,-0.8003,0.0000,0.0503,0.0194,-0.0080,0.0133,0.0466,0.1056,0.0000
2026-08-14 00:00:00,43,eval2026,rain,27.2400,95.3300,97.7000,1.8600,0.0200,99.8871,3.2026,0.0000,1.0000,0.1523,1,1.0000,0.0000,0.0000,1.0000,-0.6788,-0.7343,0.0685,0.1161,0.1785,0.2799,0.3547,0.3961,0.3641,0.0000
2026-08-14 01:00:00,43,eval2026,rain,27.9500,91.9100,97.7500,2.6100,0.3100,100.0000,2.9934,0.0000,1.0000,0.2220,1,1.0000,0.0000,0.2588,0.9659,-0.6788,-0.7343,0.7244,0.1055,0.2017,0.3014,0.3743,0.4052,0.3737,0.0000
2026-08-14 02:00:00,43,eval2026,rain,28.6000,91.1300,97.8000,2.0300,7.2300,100.0000,2.9934,0.0000,1.0000,0.1658,1,1.0000,0.0000,0.5000,0.8660,-0.6788,-0.7343,10.2037,0.6406,0.6345,0.7056,0.7885,0.8179,0.7593,0.0000
2026-08-14 03:00:00,43,eval2026,rain,29.9900,84.4200,97.8700,1.3300,0.1700,100.0000,3.4923,0.0000,1.0000,0.1387,1,1.0000,0.0000,0.7071,0.7071,-0.6788,-0.7343,0.4331,2.8961,1.8762,1.2873,1.2252,1.0943,1.1292,0.0000
2026-08-14 04:00:00,43,eval2026,rain,31.5600,76.3300,97.9300,0.5000,0.3600,100.0000,4.0073,0.0000,1.0000,0.1046,1,1.0000,0.0000,0.8660,0.5000,-0.6788,-0.7343,0.8231,0.4619,0.6913,0.8993,0.9023,0.8459,0.7958,0.0000
2026-08-14 05:00:00,43,eval2026,rain,32.1400,73.4300,97.9300,0.4400,0.8600,100.0000,4.0073,0.0000,1.0000,0.0534,1,1.0000,0.0000,0.9659,0.2588,-0.6788,-0.7343,1.7264,0.9466,0.9967,1.0773,1.0699,0.9723,0.9255,0.0000
2026-08-14 06:00:00,43,eval2026,rain,32.1300,73.8600,97.9000,0.7800,1.0900,100.0000,4.0073,0.0000,1.0000,0.0840,1,1.0000,0.0000,1.0000,0.0000,-0.6788,-0.7343,2.1097,1.9412,1.5296,1.3052,1.1713,0.9775,0.8466,0.0000
2026-08-14 07:00:00,43,eval2026,rain,31.9900,75.1800,97.8600,1.0500,1.4600,100.0000,4.0073,0.0000,1.0000,0.1376,1,1.0000,0.0000,0.9659,-0.2588,-0.6788,-0.7343,2.6994,2.0913,1.5750,1.2800,1.0930,0.8944,0.6864,0.0000
2026-08-14 08:00:00,43,eval2026,rain,31.8600,76.2200,97.8000,1.0300,1.3300,100.0000,3.4923,0.0000,1.0000,0.1531,1,1.0000,0.0000,0.8660,-0.5000,-0.6788,-0.7343,2.4955,2.4834,1.6607,1.1322,0.8415,0.5982,0.3681,0.0000
2026-08-14 09:00:00,43,eval2026,rain,31.7200,77.0100,97.7500,0.8800,1.0700,100.0000,2.0921,1.0000,0.0000,0.1247,1,1.0000,0.0000,0.7071,-0.7071,-0.6788,-0.7343,2.0769,1.8131,1.3234,0.9666,0.7257,0.4848,0.2199,0.0000
2026-08-14 10:00:00,43,eval2026,rain,31.6300,79.1100,97.7100,0.7700,0.7900,100.0000,2.9934,1.0000,0.0000,0.0170,1,1.0000,0.0000,0.5000,-0.8660,-0.6788,-0.7343,1.6065,1.4237,1.0102,0.6868,0.4892,0.2765,0.0923,0.0000
2026-08-14 11:00:00,43,eval2026,rain,31.6700,77.1100,97.6900,0.8000,0.4700,100.0000,2.9934,0.0000,1.0000,0.0181,1,1.0000,0.0000,0.2588,-0.9659,-0.6788,-0.7343,1.0332,0.8888,0.6762,0.5147,0.4586,0.3351,0.2562,0.0000
2026-08-14 12:00:00,43,eval2026,rain,31.0300,79.2400,97.7000,0.9700,0.1600,99.6887,3.2026,0.0000,1.0000,0.0091,1,1.0000,0.0000,0.0000,-1.0000,-0.6788,-0.7343,0.4111,0.5970,0.5042,0.4341,0.4420,0.3408,0.3236,0.0000
2026-08-14 13:00:00,43,eval2026,rain,29.8100,90.3600,97.7600,1.2000,0.1000,92.4652,3.2026,0.0000,1.0000,0.0024,1,1.0000,0.0000,-0.2588,-0.9659,-0.6788,-0.7343,0.2746,0.3143,0.3014,0.3166,0.3795,0.3510,0.4248,0.0000
2026-08-14 14:00:00,43,eval2026,rain,29.1600,92.4400,97.8300,1.5700,0.1200,88.4644,2.9934,0.0000,1.0000,0.0018,1,1.0000,0.0000,-0.5000,-0.8660,-0.6788,-0.7343,0.3211,0.2061,0.2368,0.3002,0.4161,0.4570,0.5828,0.0000
2026-08-14 15:00:00,43,eval2026,rain,28.7300,93.7000,97.8900,1.6000,0.1700,97.5128,2.9934,0.0000,1.0000,0.0110,1,1.0000,0.0000,-0.7071,-0.7071,-0.6788,-0.7343,0.4331,0.2729,0.3318,0.4626,0.7264,0.9035,1.0692,0.0000
2026-08-14 16:00:00,43,eval2026,rain,28.3400,94.6500,97.8800,1.5300,0.6400,100.0000,2.9934,0.0000,1.0000,0.0135,1,1.0000,0.0000,-0.8660,-0.5000,-0.6788,-0.7343,1.3436,0.5509,0.7494,1.1295,1.6926,2.0518,2.1453,0.0000
2026-08-14 17:00:00,43,eval2026,rain,27.9700,95.5600,97.8600,1.4400,1.2400,100.0000,2.8003,0.0000,1.0000,0.0397,1,1.0000,0.0000,-0.9659,-0.2588,-0.6788,-0.7343,2.3523,2.1576,2.6184,3.0811,3.3172,3.0604,2.2683,0.0000
2026-08-14 18:00:00,43,eval2026,rain,27.6600,96.4100,97.8300,1.3000,1.5500,100.0000,2.8003,0.0000,1.0000,0.0440,1,1.0000,0.0000,-1.0000,-0.0000,-0.6788,-0.7343,2.8388,3.5683,3.6504,3.5222,3.1105,2.4216,1.3792,0.0000
2026-08-14 19:00:00,43,eval2026,rain,27.3900,97.0300,97.8000,1.2100,1.4800,100.0000,2.8003,0.0000,1.0000,0.0766,1,1.0000,0.0000,-0.9659,0.2588,-0.6788,-0.7343,2.7305,3.6593,3.3659,2.8662,2.1930,1.5071,0.7334,0.0000
2026-08-14 20:00:00,43,eval2026,rain,27.0800,97.6600,97.7600,1.2000,0.8400,100.0000,2.8003,0.0000,1.0000,0.0514,1,1.0000,0.0000,-0.8660,0.5000,-0.6788,-0.7343,1.6923,3.0008,2.5031,1.9879,1.3896,0.9781,0.5612,0.0000
2026-08-14 21:00:00,43,eval2026,rain,26.8900,97.9000,97.7200,1.1600,0.1300,99.9115,2.9934,0.0000,1.0000,0.0380,1,1.0000,0.0000,-0.7071,0.7071,-0.6788,-0.7343,0.3440,1.7313,1.6365,1.4434,1.0608,0.7789,0.4793,0.0000
2026-08-14 22:00:00,43,eval2026,rain,26.7500,97.9400,97.7400,1.2700,0.0100,100.0000,2.4945,0.0000,1.0000,0.1166,1,1.0000,0.0000,-0.5000,0.8660,-0.6788,-0.7343,0.0376,0.8230,0.8150,0.8177,0.7377,0.6938,0.7186,0.0000
2026-08-14 23:00:00,43,eval2026,rain,26.6100,98.0400,97.7700,1.3000,0.0000,99.0875,2.4945,0.0000,1.0000,0.1030,1,1.0000,0.0000,-0.2588,0.9659,-0.6788,-0.7343,0.0000,0.3467,0.3640,0.4743,0.6411,0.8772,1.1683,0.0000
2026-08-21 00:00:00,44,eval2026,rain,26.4400,94.8900,97.8100,2.7200,0.0600,69.1895,4.0073,0.0000,1.0000,0.1619,1,1.0000,0.0000,0.0000,1.0000,-0.7621,-0.6474,0.1769,0.4382,1.0048,1.3822,1.6000,1.8062,1.8103,0.0000
2026-08-21 01:00:00,44,eval2026,rain,26.9800,93.1100,97.8800,3.2400,0.0500,71.5912,4.0073,0.0000,1.0000,0.1066,1,1.0000,0.0000,0.2588,0.9659,-0.7621,-0.6474,0.1511,0.6368,1.2880,1.5551,1.6063,1.5183,1.3368,0.0000
2026-08-21 02:00:00,44,eval2026,rain,27.8300,92.0700,97.9700,2.9400,0.2800,88.2935,4.0073,0.0000,0.0000,0.0851,1,1.0000,0.0000,0.5000,0.8660,-0.7621,-0.6474,0.6640,1.1450,1.9700,2.0482,1.8860,1.5144,1.2038,0.0000
2026-08-21 03:00:00,44,eval2026,rain,29.4800,85.5400,98.0200,2.9200,0.3300,77.5055,4.0073,0.0000,0.0000,0.0819,1,1.0000,0.0000,0.7071,0.7071,-0.7621,-0.6474,0.7641,2.2813,3.0213,2.7761,2.2158,1.5898,1.1285,0.0000
2026-08-21 04:00:00,44,eval2026,rain,30.7800,79.9200,98.0400,3.0300,0.3000,44.0338,4.0073,0.0000,0.0000,0.0811,1,1.0000,0.0000,0.8660,0.5000,-0.7621,-0.6474,0.7044,2.2545,2.7512,2.4360,1.8542,1.3182,0.9439,0.0000
2026-08-21 05:00:00,44,eval2026,rain,31.6100,76.2800,98.0100,3.0500,0.1900,31.2622,5.0051,0.0000,0.0000,0.0618,1,1.0000,0.0000,0.9659,0.2588,-0.7621,-0.6474,0.4764,1.7719,2.0795,1.8326,1.4432,1.0926,0.8631,0.0000
2026-08-21 06:00:00,44,eval2026,rain,32.0200,74.6800,97.9600,3.0600,0.2400,39.5844,5.0051,0.0000,0.0000,0.0413,1,1.0000,0.0000,1.0000,0.0000,-0.7621,-0.6474,0.5820,1.3646,1.5393,1.3710,1.1330,0.9465,0.8295,0.0000
2026-08-21 07:00:00,44,eval2026,rain,32.1600,74.2000,97.8800,3.1600,0.2600,60.2386,5.0051,0.0000,0.0000,0.0338,1,1.0000,0.0000,0.9659,-0.2588,-0.7621,-0.6474,0.6232,1.1340,1.2038,1.1025,0.9727,0.8959,0.8220,0.0000
2026-08-21 08:00:00,44,eval2026,rain,32.1400,74.2600,97.8200,3.1600,0.0900,75.7385,6.0029,0.0000,0.0000,0.0311,1,1.0000,0.0000,0.8660,-0.5000,-0.7621,-0.6474,0.2508,1.0425,1.0787,1.0239,0.9414,0.8981,0.8130,0.0000
2026-08-21 09:00:00,44,eval2026,rain,32.0600,74.6100,97.7400,3.0300,0.0300,87.5916,6.0029,0.0000,0.0000,0.0298,1,1.0000,0.0000,0.7071,-0.7071,-0.7621,-0.6474,0.0973,0.7619,0.8849,0.8963,0.8392,0.7932,0.7039,0.0000
2026-08-21 10:00:00,44,eval2026,rain,31.9100,75.5300,97.7000,2.7200,0.0100,87.8357,6.0029,0.0000,0.0000,0.0781,1,1.0000,0.0000,0.5000,-0.8660,-0.7621,-0.6474,0.0376,0.5608,0.7052,0.7216,0.6724,0.6192,0.5535,0.0000
2026-08-21 11:00:00,44,eval2026,rain,31.5000,77.9600,97.6800,2.3700,0.0000,68.7225,6.0029,0.0000,0.0000,0.0613,1,1.0000,0.0000,0.2588,-0.9659,-0.7621,-0.6474,0.0000,0.3690,0.4844,0.4854,0.4571,0.4236,0.4102,0.0000
2026-08-21 12:00:00,44,eval2026,rain,30.5600,81.3400,97.6900,2.2500,0.0000,77.6489,6.0029,0.0000,0.0000,0.0498,1,1.0000,0.0000,0.0000,-1.0000,-0.7621,-0.6474,0.0000,0.2150,0.2868,0.2833,0.2938,0.3010,0.3398,0.0000
2026-08-21 13:00:00,44,eval2026,rain,29.3400,89.8000,97.7000,1.6400,0.0000,89.2609,5.0051,0.0000,0.0000,0.0727,1,1.0000,0.0000,-0.2588,-0.9659,-0.7621,-0.6474,0.0000,0.1454,0.1665,0.1634,0.2212,0.2783,0.3734,0.0000
2026-08-21 14:00:00,44,eval2026,rain,28.9800,89.7700,97.7400,1.7000,0.0000,94.7998,5.0051,0.0000,0.0000,0.0856,1,1.0000,0.0000,-0.5000,-0.8660,-0.7621,-0.6474,0.0000,0.1154,0.0895,0.0919,0.2051,0.3067,0.4510,0.0000
2026-08-21 15:00:00,44,eval2026,rain,28.6500,90.0300,97.7900,1.7700,0.0000,97.2015,4.5062,0.0000,0.0000,0.0896,1,1.0000,0.0000,-0.7071,-0.7071,-0.7621,-0.6474,0.0000,0.1073,0.0670,0.0690,0.2000,0.2966,0.4421,0.0000
2026-08-21 16:00:00,44,eval2026,rain,28.2600,90.6000,97.8100,1.8900,0.0100,97.3114,4.5062,0.0000,0.0000,0.0632,1,1.0000,0.0000,-0.8660,-0.5000,-0.7621,-0.6474,0.0376,0.1045,0.0738,0.0551,0.1440,0.1961,0.3211,0.0000
2026-08-21 17:00:00,44,eval2026,rain,27.8700,91.0500,97.8100,2.0000,0.0600,98.7762,4.5062,0.0000,0.0000,0.0460,1,1.0000,0.0000,-0.9659,-0.2588,-0.7621,-0.6474,0.1769,0.0875,0.0558,0.0080,0.0120,0.0178,0.1220,0.0000
2026-08-21 18:00:00,44,eval2026,rain,27.5700,91.6100,97.8000,2.0200,0.2800,99.4873,4.5062,0.0000,0.0000,0.0618,1,1.0000,0.0000,-1.0000,-0.0000,-0.7621,-0.6474,0.6640,0.1485,0.0897,0.0157,-0.0366,-0.0365,0.0971,0.0000
2026-08-21 19:00:00,44,eval2026,rain,27.2800,92.2300,97.7700,1.9800,2.4900,96.7773,4.5062,0.0000,0.0000,0.0892,1,1.0000,0.0000,-0.9659,0.2588,-0.7621,-0.6474,4.2242,0.5481,0.4055,0.2997,0.2784,0.3464,0.6041,0.0000
2026-08-21 20:00:00,44,eval2026,rain,27.0000,93.1300,97.7500,1.8800,5.3800,97.2870,4.5062,1.0000,0.0000,0.1678,1,1.0000,0.0000,-0.8660,0.5000,-0.7621,-0.6474,8.0055,2.7737,1.8754,1.3740,1.5478,1.8781,2.6197,0.0000
2026-08-21 21:00:00,44,eval2026,rain,26.7500,93.8000,97.7400,1.8200,7.2100,97.3999,4.0073,1.0000,0.0000,0.1758,1,1.0000,0.0000,-0.7071,0.7071,-0.7621,-0.6474,10.1806,4.6105,3.2894,2.4484,2.4869,2.5705,3.1983,0.0000
2026-08-21 22:00:00,44,eval2026,rain,26.4600,94.4500,97.7500,1.7900,3.6200,100.0000,4.0073,1.0000,0.0000,0.2271,1,1.0000,0.0000,-0.5000,0.8660,-0.7621,-0.6474,5.7689,4.9022,3.6341,2.8187,2.6288,2.2752,2.4388,0.0000
2026-08-21 23:00:00,44,eval2026,rain,26.2000,94.8500,97.7700,1.8100,1.2800,99.2004,4.0073,0.0000,1.0000,0.1848,1,1.0000,0.0000,-0.2588,0.9659,-0.7621,-0.6474,2.4161,3.9810,3.0845,2.6378,2.3140,1.8202,1.6640,0.0000
2026-08-22 00:00:00,45,eval2026,cloudy,26.0500,94.7800,97.8100,2.0900,0.4400,100.0000,2.4945,1.0000,0.0000,0.1193,1,1.0000,0.0000,0.0000,1.0000,-0.7731,-0.6342,0.9767,2.3657,2.3025,2.3393,2.0683,1.5924,1.3496,0.0000
2026-08-22 01:00:00,45,eval2026,cloudy,26.7000,91.7800,97.8600,3.1800,0.0900,98.0011,3.4923,0.0000,1.0000,0.0811,1,1.0000,0.0000,0.2588,0.9659,-0.7731,-0.6342,0.2508,1.8329,2.0581,2.1325,1.7710,1.3095,1.0586,0.0000
2026-08-22 02:00:00,45,eval2026,cloudy,28.0600,87.1600,97.9100,3.3600,0.0200,100.0000,4.0073,0.0000,1.0000,0.1469,1,1.0000,0.0000,0.5000,0.8660,-0.7731,-0.6342,0.0685,1.1302,1.5747,1.6708,1.3728,1.0571,0.8538,0.0000
2026-08-22 03:00:00,45,eval2026,cloudy,30.0100,78.9500,97.9600,3.9900,0.1000,99.2004,4.0073,0.0000,1.0000,0.1007,1,1.0000,0.0000,0.7071,0.7071,-0.7731,-0.6342,0.2746,0.8300,1.2138,1.2522,1.0518,0.8170,0.6556,0.0000
2026-08-22 04:00:00,45,eval2026,cloudy,31.6100,73.0400,97.9900,3.9800,0.2400,100.0000,4.5062,0.0000,0.0000,0.0844,1,1.0000,0.0000,0.8660,0.5000,-0.7731,-0.6342,0.5820,0.6929,0.9481,0.9380,0.7829,0.6016,0.4570,0.0000
2026-08-22 05:00:00,45,eval2026,cloudy,32.6100,70.3600,97.9800,3.6700,0.3100,96.6858,5.0051,0.0000,0.0000,0.0684,1,1.0000,0.0000,0.9659,0.2588,-0.7731,-0.6342,0.7244,0.6922,0.7965,0.7086,0.5612,0.3947,0.2472,0.0000
2026-08-22 06:00:00,45,eval2026,cloudy,33.0400,69.4400,97.9400,3.4200,0.3000,82.6355,5.0051,0.0000,0.0000,0.0457,1,1.0000,0.0000,1.0000,0.0000,-0.7731,-0.6342,0.7044,0.6954,0.6752,0.5158,0.3780,0.2338,0.1135,0.0000
2026-08-22 07:00:00,45,eval2026,cloudy,33.1600,69.1700,97.8800,3.1600,0.2000,75.8972,5.0051,0.0000,0.0000,0.0427,1,1.0000,0.0000,0.9659,-0.2588,-0.7731,-0.6342,0.4978,0.5764,0.5083,0.3372,0.2389,0.1402,0.0632,0.0000
2026-08-22 08:00:00,45,eval2026,cloudy,33.1100,69.2800,97.8100,2.9400,0.1800,76.9714,5.0051,0.0000,0.0000,0.0411,1,1.0000,0.0000,0.8660,-0.5000,-0.7731,-0.6342,0.4548,0.3827,0.3330,0.1903,0.1376,0.0895,0.0626,0.0000
2026-08-22 09:00:00,45,eval2026,cloudy,32.7800,70.4600,97.7300,2.8400,0.2100,83.0383,5.0051,0.0000,0.0000,0.0422,1,1.0000,0.0000,0.7071,-0.7071,-0.7731,-0.6342,0.5191,0.3202,0.2757,0.1346,0.1018,0.0851,0.0886,0.0000
2026-08-22 10:00:00,45,eval2026,cloudy,32.4100,72.6600,97.6800,2.5800,0.3000,77.4078,6.0029,0.0000,0.0000,0.0745,1,1.0000,0.0000,0.5000,-0.8660,-0.7731,-0.6342,0.7044,0.3621,0.3053,0.1542,0.1324,0.1451,0.1743,0.0000
2026-08-22 11:00:00,45,eval2026,cloudy,31.9400,75.8900,97.6500,2.0400,0.3800,54.8065,6.0029,0.0000,0.0000,0.0610,1,1.0000,0.0000,0.2588,-0.9659,-0.7731,-0.6342,0.8619,0.5725,0.4732,0.2825,0.2503,0.2874,0.3446,0.0000
2026-08-22 12:00:00,45,eval2026,cloudy,30.9500,77.5600,97.6700,1.8500,0.0700,91.2476,5.0051,0.0000,0.0000,0.2145,1,1.0000,0.0000,0.0000,-1.0000,-0.7731,-0.6342,0.2020,0.8068,0.6623,0.4567,0.4235,0.4852,0.5629,0.0000
2026-08-22 13:00:00,45,eval2026,cloudy,29.9000,86.0900,97.7100,1.0900,0.0200,91.5985,5.0051,0.0000,0.0000,0.2407,1,1.0000,0.0000,-0.2588,-0.9659,-0.7731,-0.6342,0.0685,0.2150,0.2865,0.2995,0.3799,0.4587,0.5578,0.0000
2026-08-22 14:00:00,45,eval2026,cloudy,29.9100,80.9500,97.7700,0.6600,0.0200,94.5740,5.0051,0.0000,0.0000,0.2288,1,1.0000,0.0000,-0.5000,-0.8660,-0.7731,-0.6342,0.0685,0.1108,0.2279,0.2922,0.4271,0.5295,0.6697,0.0000
2026-08-22 15:00:00,45,eval2026,cloudy,30.0800,77.3000,97.8200,0.1200,0.0000,97.1130,5.0051,0.0000,0.0000,0.2114,1,1.0000,0.0000,-0.7071,-0.7071,-0.7731,-0.6342,0.0000,0.0710,0.2236,0.3505,0.5574,0.6814,0.8368,0.0000
2026-08-22 16:00:00,45,eval2026,cloudy,29.5700,81.5300,97.8400,0.4500,0.0000,99.0875,4.0073,0.0000,1.0000,0.1840,1,1.0000,0.0000,-0.8660,-0.5000,-0.7731,-0.6342,0.0000,0.0424,0.2458,0.4368,0.6876,0.7854,0.9082,0.0000
2026-08-22 17:00:00,45,eval2026,cloudy,28.9400,82.0300,97.8400,0.8600,0.0000,95.2728,4.0073,0.0000,1.0000,0.1597,1,1.0000,0.0000,-0.9659,-0.2588,-0.7731,-0.6342,0.0000,0.1172,0.3648,0.5795,0.7829,0.8005,0.8443,0.0000
2026-08-22 18:00:00,45,eval2026,cloudy,28.3100,85.7100,97.8400,1.2000,0.0400,83.5358,4.0073,0.0000,1.0000,0.1375,1,1.0000,0.0000,-1.0000,-0.0000,-0.7731,-0.6342,0.1247,0.1955,0.4439,0.6429,0.7612,0.7097,0.7074,0.0000
2026-08-22 19:00:00,45,eval2026,cloudy,27.6100,89.8100,97.8200,1.5000,0.1500,76.2543,4.0073,0.0000,1.0000,0.1118,1,1.0000,0.0000,-0.9659,0.2588,-0.7731,-0.6342,0.3890,0.2677,0.5038,0.6843,0.7316,0.6347,0.6179,0.0000
2026-08-22 20:00:00,45,eval2026,cloudy,27.0900,92.4300,97.8000,1.7400,0.1500,72.3236,4.0073,0.0000,1.0000,0.0895,1,1.0000,0.0000,-0.8660,0.5000,-0.7731,-0.6342,0.3890,0.4592,0.6709,0.8225,0.7941,0.6518,0.6151,0.0000
2026-08-22 21:00:00,45,eval2026,cloudy,26.7400,93.6900,97.7900,1.8000,0.0300,75.4852,4.0073,0.0000,1.0000,0.0823,1,1.0000,0.0000,-0.7071,0.7071,-0.7731,-0.6342,0.0973,0.5483,0.7500,0.8862,0.7886,0.6175,0.5740,0.0000
2026-08-22 22:00:00,45,eval2026,cloudy,26.4500,94.6500,97.8100,1.6800,0.0300,99.0875,4.0073,0.0000,1.0000,0.0627,1,1.0000,0.0000,-0.5000,0.8660,-0.7731,-0.6342,0.0973,0.5421,0.8340,0.9801,0.8421,0.6607,0.6488,0.0000
2026-08-22 23:00:00,45,eval2026,cloudy,26.2700,95.1700,97.8500,1.4500,0.8200,97.9767,4.0073,0.0000,1.0000,0.1579,1,1.0000,0.0000,-0.2588,0.9659,-0.7731,-0.6342,1.6581,1.0026,1.5039,1.5699,1.4879,1.2477,1.3225,0.0000
2026-08-26 00:00:00,46,eval2026,rain,26.1300,96.5300,97.9700,1.8100,0.1500,100.0000,3.2026,0.0000,1.0000,0.1824,1,1.0000,0.0000,0.0000,1.0000,-0.8149,-0.5796,0.3890,0.6009,0.7513,0.8525,0.8952,0.9860,1.0455,0.0000
2026-08-26 01:00:00,46,eval2026,rain,26.7000,94.4900,98.0300,2.5000,0.1500,100.0000,2.2048,0.0000,1.0000,0.2740,1,1.0000,0.0000,0.2588,0.9659,-0.8149,-0.5796,0.3890,0.7922,0.9071,0.9345,0.9346,0.9785,1.0465,0.0000
2026-08-26 02:00:00,46,eval2026,rain,27.3200,92.9000,98.0900,2.7200,0.1500,100.0000,1.2070,0.0000,1.0000,0.2294,1,1.0000,0.0000,0.5000,0.8660,-0.8149,-0.5796,0.3890,0.8151,0.8361,0.8491,0.9314,0.9941,1.0349,0.0000
2026-08-26 03:00:00,46,eval2026,rain,28.4900,88.4300,98.1300,2.6800,3.9600,95.9595,2.0921,0.0000,1.0000,0.0596,1,1.0000,0.0000,0.7071,0.7071,-0.8149,-0.5796,6.2148,0.9994,1.0757,1.1019,1.1760,1.1880,1.2268,0.0000
2026-08-26 04:00:00,46,eval2026,rain,29.6100,83.0000,98.1400,2.4400,3.3200,95.1996,2.9934,0.0000,0.0000,0.1726,1,1.0000,0.0000,0.8660,0.5000,-0.8149,-0.5796,5.3688,4.0107,2.8653,2.0250,1.7049,1.5961,1.5451,0.0000
2026-08-26 05:00:00,46,eval2026,rain,30.5400,78.3500,98.1100,2.2800,2.5200,99.2004,2.9934,0.0000,0.0000,0.6452,1,1.0000,0.0000,0.9659,0.2588,-0.8149,-0.5796,4.2667,3.7424,2.3365,1.5930,1.3077,1.2962,1.2171,0.0000
2026-08-26 06:00:00,46,eval2026,rain,31.4300,74.9500,98.0300,2.3000,1.7500,100.0000,2.4945,0.0000,0.0000,0.2440,1,1.0000,0.0000,1.0000,0.0000,-0.8149,-0.5796,3.1437,2.6261,1.7099,1.2171,0.9400,0.7511,0.5683,0.0000
2026-08-26 07:00:00,46,eval2026,rain,32.1000,72.5500,97.9500,2.3900,1.3900,100.0000,2.4945,0.0000,0.0000,0.1216,1,1.0000,0.0000,0.9659,-0.2588,-0.8149,-0.5796,2.5900,2.2094,1.6543,1.1175,0.7505,0.4865,0.4578,0.0000
2026-08-26 08:00:00,46,eval2026,rain,32.1600,72.0700,97.8500,2.5400,0.8200,100.0000,2.4945,0.0000,0.0000,0.1015,1,1.0000,0.0000,0.8660,-0.5000,-0.8149,-0.5796,1.6581,1.9239,1.3749,0.8305,0.5553,0.3831,0.5281,0.0000
2026-08-26 09:00:00,46,eval2026,rain,31.8400,73.7000,97.7900,2.8100,0.2300,100.0000,2.9934,0.0000,0.0000,0.1172,1,1.0000,0.0000,0.7071,-0.7071,-0.8149,-0.5796,0.5611,1.0748,0.7899,0.5381,0.5084,0.5034,0.7784,0.0000
2026-08-26 10:00:00,46,eval2026,rain,31.4500,75.9800,97.7500,2.8500,0.0700,100.0000,2.4945,0.0000,0.0000,0.6488,1,1.0000,0.0000,0.5000,-0.8660,-0.8149,-0.5796,0.2020,0.4288,0.3587,0.3455,0.4568,0.5645,0.8309,0.0000
2026-08-26 11:00:00,46,eval2026,rain,30.8100,78.6900,97.7500,2.5600,0.0300,100.0000,2.4945,1.0000,0.0000,0.0320,1,1.0000,0.0000,0.2588,-0.9659,-0.8149,-0.5796,0.0973,0.3808,0.3328,0.3215,0.4386,0.6312,1.0058,0.0000
2026-08-26 12:00:00,46,eval2026,rain,29.8200,81.3200,97.7500,2.2800,0.0000,100.0000,2.4945,0.0000,0.0000,0.0791,1,1.0000,0.0000,0.0000,-1.0000,-0.8149,-0.5796,0.0000,0.2076,0.2469,0.2825,0.3779,0.5285,0.8075,0.0000
2026-08-26 13:00:00,46,eval2026,rain,28.6800,89.4700,97.7700,1.3900,0.0000,100.0000,2.4945,0.0000,0.0000,0.0164,1,1.0000,0.0000,-0.2588,-0.9659,-0.8149,-0.5796,0.0000,0.0901,0.1739,0.2391,0.3421,0.4751,0.7216,0.0000
2026-08-26 14:00:00,46,eval2026,rain,28.6200,86.6400,97.7900,1.0800,0.0000,100.0000,2.4945,0.0000,0.0000,0.0251,1,1.0000,0.0000,-0.5000,-0.8660,-0.8149,-0.5796,0.0000,-0.0353,0.0263,0.0754,0.1152,0.1882,0.3362,0.0000
2026-08-26 15:00:00,46,eval2026,rain,28.5600,84.8000,97.8100,1.0100,0.0000,100.0000,2.4945,0.0000,1.0000,0.0625,1,1.0000,0.0000,-0.7071,-0.7071,-0.8149,-0.5796,0.0000,-0.0446,0.0068,0.0523,0.1486,0.2546,0.4538,0.0000
2026-08-26 16:00:00,46,eval2026,rain,27.9400,88.8500,97.8100,1.4300,0.0000,100.0000,2.4945,0.0000,1.0000,0.0105,1,1.0000,0.0000,-0.8660,-0.5000,-0.8149,-0.5796,0.0000,0.0159,0.0939,0.1713,0.3270,0.4678,0.6770,0.0000
2026-08-26 17:00:00,46,eval2026,rain,27.4100,91.3900,97.8100,1.8400,0.0000,100.0000,2.4945,0.0000,1.0000,0.0416,1,1.0000,0.0000,-0.9659,-0.2588,-0.8149,-0.5796,0.0000,0.1854,0.3325,0.4524,0.6307,0.7853,0.9616,0.0000
2026-08-26 18:00:00,46,eval2026,rain,27.0700,91.7900,97.8200,2.0600,0.0000,100.0000,2.4945,0.0000,1.0000,0.0791,1,1.0000,0.0000,-1.0000,-0.0000,-0.8149,-0.5796,0.0000,0.2996,0.5196,0.6817,0.8598,1.0065,1.1477,0.0000
2026-08-26 19:00:00,46,eval2026,rain,26.7700,92.0700,97.8200,2.2300,0.0000,100.0000,2.4945,0.0000,1.0000,0.0807,1,1.0000,0.0000,-0.9659,0.2588,-0.8149,-0.5796,0.0000,0.3442,0.6027,0.8003,0.9960,1.1750,1.3539,0.0000
2026-08-26 20:00:00,46,eval2026,rain,26.4700,92.4200,97.8200,2.3800,0.0000,98.3124,2.4945,0.0000,1.0000,0.0733,1,1.0000,0.0000,-0.8660,0.5000,-0.8149,-0.5796,0.0000,0.3442,0.6227,0.8635,1.1468,1.4913,1.8110,0.0000
2026-08-26 21:00:00,46,eval2026,rain,26.1900,92.6700,97.7800,2.5100,0.0100,100.0000,2.4945,0.0000,1.0000,0.0801,1,1.0000,0.0000,-0.7071,0.7071,-0.8149,-0.5796,0.0376,0.3052,0.6248,0.9255,1.3605,1.9643,2.4537,0.0000
2026-08-26 22:00:00,46,eval2026,rain,25.9700,92.8900,97.7500,2.5600,0.0300,100.0000,2.4945,0.0000,1.0000,0.1184,1,1.0000,0.0000,-0.5000,0.8660,-0.8149,-0.5796,0.0973,0.3046,0.7004,1.0771,1.6841,2.4948,3.0775,0.0000
2026-08-26 23:00:00,46,eval2026,rain,25.7100,93.6300,97.7500,2.3900,0.0200,100.0000,2.4945,0.0000,1.0000,0.0294,1,1.0000,0.0000,-0.2588,0.9659,-0.8149,-0.5796,0.0685,0.3861,0.9340,1.4616,2.2394,3.1166,3.6261,0.0000
2026-08-30 00:00:00,47,eval2026,rain,24.1600,94.4200,97.7200,2.9300,0.0000,99.4019,4.0073,0.0000,0.0000,0.1787,1,1.0000,0.0000,0.0000,1.0000,-0.8528,-0.5222,0.0000,0.0835,0.2331,0.4906,0.8862,1.2088,1.6666,0.0000
2026-08-30 01:00:00,47,eval2026,rain,24.8900,90.3900,97.8300,3.4900,0.0000,99.7986,4.0073,0.0000,0.0000,0.2384,1,1.0000,0.0000,0.2588,0.9659,-0.8528,-0.5222,0.0000,0.1243,0.4481,0.8623,1.5063,1.9211,2.4500,0.0000
2026-08-30 02:00:00,47,eval2026,rain,26.2300,87.6600,97.9200,3.0600,0.0000,98.4009,3.4923,0.0000,0.0000,0.1844,1,1.0000,0.0000,0.5000,0.8660,-0.8528,-0.5222,0.0000,0.1352,0.6688,1.2678,2.1521,2.5874,3.0689,0.0000
2026-08-30 03:00:00,47,eval2026,rain,28.5900,78.0100,97.9700,3.5500,0.0000,90.7104,3.4923,0.0000,0.0000,0.1423,1,1.0000,0.0000,0.7071,0.7071,-0.8528,-0.5222,0.0000,0.1991,0.9183,1.6016,2.4930,2.7121,2.9581,0.0000
2026-08-30 04:00:00,47,eval2026,rain,30.5300,70.0300,98.0000,3.9200,0.0000,87.7991,4.0073,0.0000,0.0000,0.0782,1,1.0000,0.0000,0.8660,0.5000,-0.8528,-0.5222,0.0000,0.3870,1.1167,1.6823,2.2084,2.0790,1.9967,0.0000
2026-08-30 05:00:00,47,eval2026,rain,31.9600,65.1600,97.9800,3.7200,0.0100,98.9746,4.5062,0.0000,0.0000,0.0712,1,1.0000,0.0000,0.9659,0.2588,-0.8528,-0.5222,0.0376,0.4477,0.8600,1.1260,1.1724,0.9774,0.8199,0.0000
2026-08-30 06:00:00,47,eval2026,rain,32.8800,62.7600,97.9400,3.2500,0.0600,100.0000,4.5062,0.0000,0.0000,0.1380,1,1.0000,0.0000,1.0000,0.0000,-0.8528,-0.5222,0.1769,0.2393,0.3210,0.4064,0.3442,0.2817,0.2187,0.0000
2026-08-30 07:00:00,47,eval2026,rain,33.3000,62.0100,97.8700,2.8400,0.3100,100.0000,5.0051,0.0000,0.0000,0.1685,1,1.0000,0.0000,0.9659,-0.2588,-0.8528,-0.5222,0.7244,0.1062,0.0581,0.0671,0.0470,0.0550,0.0577,0.0000
2026-08-30 08:00:00,47,eval2026,rain,33.1600,62.9400,97.8100,2.5400,1.7000,99.1119,5.0051,0.0000,0.0000,0.1093,1,1.0000,0.0000,0.8660,-0.5000,-0.8528,-0.5222,3.0681,0.4304,0.2658,0.1857,0.1532,0.1733,0.2183,0.0000
2026-08-30 09:00:00,47,eval2026,rain,32.9200,64.2600,97.7800,2.1200,1.5100,99.9115,5.0051,0.0000,0.0000,0.0812,1,1.0000,0.0000,0.7071,-0.7071,-0.8528,-0.5222,2.7770,3.0534,1.9266,1.0195,0.5439,0.3730,0.5485,0.0000
2026-08-30 10:00:00,47,eval2026,rain,32.9500,63.6200,97.7600,1.6500,0.4200,95.5994,5.0051,0.0000,0.0000,0.0481,1,1.0000,0.0000,0.5000,-0.8660,-0.8528,-0.5222,0.9388,2.0019,1.1264,0.5957,0.3972,0.3528,0.4817,0.0000
2026-08-30 11:00:00,47,eval2026,rain,32.4500,61.8300,97.7600,1.5200,0.9900,96.2982,5.0051,0.0000,0.0000,0.0770,1,1.0000,0.0000,0.2588,-0.9659,-0.8528,-0.5222,1.9448,0.1541,0.1016,0.2008,0.3392,0.5458,0.6893,0.0000
2026-08-30 12:00:00,47,eval2026,rain,31.4100,65.1200,97.7800,1.2300,2.0900,89.3127,5.0051,0.0000,0.0000,0.0652,1,1.0000,0.0000,0.0000,-1.0000,-0.8528,-0.5222,3.6485,1.8596,1.2736,0.8955,0.7362,0.9380,1.1127,0.0000
2026-08-30 13:00:00,47,eval2026,rain,30.7200,71.6000,97.8100,0.5300,2.0500,88.8245,5.0051,0.0000,0.0000,0.0865,1,1.0000,0.0000,-0.2588,-0.9659,-0.8528,-0.5222,3.5899,3.9238,2.3985,1.3088,0.7946,1.0650,1.4581,0.0000
2026-08-30 14:00:00,47,eval2026,rain,29.9800,75.7300,97.8800,0.8900,0.4500,88.1500,5.0051,0.0000,0.0000,0.0928,1,1.0000,0.0000,-0.5000,-0.8660,-0.8528,-0.5222,0.9956,2.2273,1.1984,0.8337,0.8325,1.3562,1.6776,0.0000
2026-08-30 15:00:00,47,eval2026,rain,28.7800,84.7300,97.9400,1.4700,0.0500,94.0216,4.5062,0.0000,0.0000,0.0552,1,1.0000,0.0000,-0.7071,-0.7071,-0.8528,-0.5222,0.1511,0.2182,0.2352,0.6302,1.1346,1.9084,2.4421,0.0000
2026-08-30 16:00:00,47,eval2026,rain,28.1200,87.0700,97.9400,1.6900,0.0100,91.9983,4.5062,0.0000,0.0000,0.0419,1,1.0000,0.0000,-0.8660,-0.5000,-0.8528,-0.5222,0.0376,-0.1292,0.1027,0.7329,1.4789,2.5213,3.2077,0.0000
2026-08-30 17:00:00,47,eval2026,rain,27.6300,88.0800,97.9100,1.7400,0.0000,95.2881,4.5062,0.0000,0.0000,0.0361,1,1.0000,0.0000,-0.9659,-0.2588,-0.8528,-0.5222,0.0000,-0.1621,0.3212,1.1701,2.0399,2.9815,3.4021,0.0000
2026-08-30 18:00:00,47,eval2026,rain,27.1300,89.1600,97.8700,1.7800,0.0000,85.8276,4.5062,0.0000,0.0000,0.0297,1,1.0000,0.0000,-1.0000,-0.0000,-0.8528,-0.5222,0.0000,0.0030,0.7819,1.6662,2.3544,2.7326,2.6127,0.0000
2026-08-30 19:00:00,47,eval2026,rain,26.6200,90.5200,97.8300,1.8000,0.0000,59.2621,4.5062,0.0000,0.0000,0.0298,1,1.0000,0.0000,-0.9659,0.2588,-0.8528,-0.5222,0.0000,0.2862,1.2300,1.9118,2.2696,2.1072,1.6530,0.0000
2026-08-30 20:00:00,47,eval2026,rain,26.1900,91.7300,97.7900,1.7500,0.0000,49.1760,4.5062,0.0000,0.0000,0.0501,1,1.0000,0.0000,-0.8660,0.5000,-0.8528,-0.5222,0.0000,0.4853,1.2454,1.6331,1.6422,1.2727,0.7936,0.0000
2026-08-30 21:00:00,47,eval2026,rain,25.8500,92.6600,97.7800,1.6100,0.0000,42.5079,4.5062,0.0000,0.0000,0.0353,1,1.0000,0.0000,-0.7071,0.7071,-0.8528,-0.5222,0.0000,0.4105,0.9094,1.0921,0.9880,0.7486,0.4950,0.0000
2026-08-30 22:00:00,47,eval2026,rain,25.6300,92.9600,97.8000,1.3800,0.0000,39.4257,4.5062,0.0000,0.0000,0.0298,1,1.0000,0.0000,-0.5000,0.8660,-0.8528,-0.5222,0.0000,0.2158,0.5532,0.6037,0.5330,0.4324,0.3981,0.0000
2026-08-30 23:00:00,47,eval2026,rain,25.4100,92.9900,97.8300,1.2200,0.0000,34.3964,4.0073,0.0000,0.0000,0.0259,1,1.0000,0.0000,-0.2588,0.9659,-0.8528,-0.5222,0.0000,0.0984,0.2953,0.2610,0.2549,0.2347,0.3267,0.0000
2026-09-09 00:00:00,48,eval2026,clear,23.7500,88.6400,98.0900,2.8100,0.0000,4.5135,4.0073,0.0000,1.0000,0.0043,1,1.0000,0.0000,0.0000,1.0000,-0.9296,-0.3685,0.0000,0.0194,0.0406,0.0515,0.0639,0.0444,0.0382,0.0000
2026-09-09 01:00:00,48,eval2026,clear,24.3200,85.2300,98.1800,3.4500,0.0000,1.3519,4.0073,0.0000,0.0000,0.0036,1,1.0000,0.0000,0.2588,0.9659,-0.9296,-0.3685,0.0000,-0.0027,0.0271,0.0384,0.0483,0.0261,0.0158,0.0000
2026-09-09 02:00:00,48,eval2026,clear,25.8000,78.7400,98.2400,4.0800,0.0000,2.5604,5.0051,0.0000,0.0000,0.0032,1,1.0000,0.0000,0.5000,0.8660,-0.9296,-0.3685,0.0000,-0.0163,0.0182,0.0283,0.0313,0.0076,-0.0010,0.0000
2026-09-09 03:00:00,48,eval2026,clear,27.7900,73.9600,98.2800,3.7400,0.0000,0.2014,5.0051,0.0000,0.0000,0.0033,1,1.0000,0.0000,0.7071,0.7071,-0.9296,-0.3685,0.0000,-0.0225,0.0134,0.0229,0.0251,0.0039,-0.0032,0.0000
2026-09-09 04:00:00,48,eval2026,clear,30.2900,66.3500,98.3000,4.0400,0.0000,2.2858,7.0006,0.0000,0.0000,0.0035,1,1.0000,0.0000,0.8660,0.5000,-0.9296,-0.3685,0.0000,-0.0288,0.0081,0.0204,0.0230,0.0044,-0.0048,0.0000
2026-09-09 05:00:00,48,eval2026,clear,32.1400,60.3500,98.2800,4.4200,0.0000,2.2614,7.0006,0.0000,0.0000,0.0036,1,1.0000,0.0000,0.9659,0.2588,-0.9296,-0.3685,0.0000,-0.0468,-0.0065,0.0055,0.0113,-0.0031,-0.0110,0.0000
2026-09-09 06:00:00,48,eval2026,clear,33.3200,56.2300,98.2100,4.4300,0.0000,0.0885,7.0006,0.0000,0.0000,0.0044,1,1.0000,0.0000,1.0000,0.0000,-0.9296,-0.3685,0.0000,-0.0517,-0.0114,-0.0010,0.0059,-0.0072,-0.0137,0.0000
2026-09-09 07:00:00,48,eval2026,clear,34.0800,53.9900,98.1800,3.9900,0.0000,14.1998,7.0006,0.0000,0.0000,0.0669,1,1.0000,0.0000,0.9659,-0.2588,-0.9296,-0.3685,0.0000,-0.0498,-0.0115,-0.0048,-0.0005,-0.0152,-0.0198,0.0000
2026-09-09 08:00:00,48,eval2026,clear,34.5600,53.1200,98.1000,3.3400,0.0000,20.8405,7.0006,0.0000,0.0000,0.0844,1,1.0000,0.0000,0.8660,-0.5000,-0.9296,-0.3685,0.0000,-0.0425,-0.0080,-0.0070,-0.0073,-0.0244,-0.0252,0.0000
2026-09-09 09:00:00,48,eval2026,clear,34.7000,53.2300,98.0300,2.6300,0.0000,18.8904,7.0006,0.0000,0.0000,0.0724,1,1.0000,0.0000,0.7071,-0.7071,-0.9296,-0.3685,0.0000,-0.0347,-0.0048,-0.0100,-0.0134,-0.0318,-0.0254,0.0000
2026-09-09 10:00:00,48,eval2026,clear,34.4700,54.5000,97.9800,1.8900,0.0000,12.1613,7.0006,0.0000,0.0000,0.0371,1,1.0000,0.0000,0.5000,-0.8660,-0.9296,-0.3685,0.0000,-0.0339,-0.0076,-0.0162,-0.0195,-0.0365,-0.0224,0.0000
2026-09-09 11:00:00,48,eval2026,clear,34.0000,58.7000,97.9500,1.0200,0.0000,6.0608,6.0029,0.0000,0.0000,0.0286,1,1.0000,0.0000,0.2588,-0.9659,-0.9296,-0.3685,0.0000,-0.0397,-0.0158,-0.0237,-0.0243,-0.0374,-0.0183,0.0000
2026-09-09 12:00:00,48,eval2026,clear,33.1800,66.1200,97.9700,0.5900,0.0000,3.7109,6.0029,0.0000,0.0000,0.0194,1,1.0000,0.0000,0.0000,-1.0000,-0.9296,-0.3685,0.0000,-0.0473,-0.0240,-0.0290,-0.0260,-0.0342,-0.0144,0.0000
2026-09-09 13:00:00,48,eval2026,clear,32.2700,62.2800,97.9900,0.8200,0.0000,2.9999,5.0051,0.0000,0.0000,0.0168,1,1.0000,0.0000,-0.2588,-0.9659,-0.9296,-0.3685,0.0000,-0.0525,-0.0298,-0.0319,-0.0250,-0.0276,-0.0105,0.0000
2026-09-09 14:00:00,48,eval2026,clear,30.5000,69.5200,98.0500,1.6100,0.0300,1.7120,5.0051,0.0000,0.0000,0.0149,1,1.0000,0.0000,-0.5000,-0.8660,-0.9296,-0.3685,0.0973,-0.0493,-0.0261,-0.0261,-0.0196,-0.0204,-0.0096,0.0000
2026-09-09 15:00:00,48,eval2026,clear,29.0600,75.1000,98.1100,2.1500,0.1100,0.7996,4.5062,0.0000,0.0000,0.0152,1,1.0000,0.0000,-0.7071,-0.7071,-0.9296,-0.3685,0.2980,-0.0284,-0.0095,-0.0106,-0.0068,-0.0083,-0.0048,0.0000
2026-09-09 16:00:00,48,eval2026,clear,28.0700,76.8900,98.1400,2.4100,0.0000,1.5991,4.5062,0.0000,0.0000,0.0140,1,1.0000,0.0000,-0.8660,-0.5000,-0.9296,-0.3685,0.0000,0.0381,0.0412,0.0310,0.0285,0.0223,0.0198,0.0000
2026-09-09 17:00:00,48,eval2026,clear,27.2800,78.6900,98.1400,2.3600,0.0000,2.1118,4.5062,0.0000,0.0000,0.0112,1,1.0000,0.0000,-0.9659,-0.2588,-0.9296,-0.3685,0.0000,0.0259,0.0337,0.0293,0.0262,0.0154,0.0104,0.0000
2026-09-09 18:00:00,48,eval2026,clear,26.6300,81.1500,98.1200,2.1100,0.0000,0.5981,4.5062,0.0000,0.0000,0.0087,1,1.0000,0.0000,-1.0000,-0.0000,-0.9296,-0.3685,0.0000,0.0190,0.0287,0.0239,0.0183,0.0041,0.0008,0.0000
2026-09-09 19:00:00,48,eval2026,clear,26.1000,83.2300,98.1200,1.8400,0.0000,0.4883,4.5062,0.0000,0.0000,0.0078,1,1.0000,0.0000,-0.9659,0.2588,-0.9296,-0.3685,0.0000,0.0173,0.0253,0.0161,0.0077,-0.0087,-0.0064,0.0000
2026-09-09 20:00:00,48,eval2026,clear,25.7600,83.9000,98.1200,1.5600,0.0000,0.2014,4.5062,0.0000,0.0000,0.0070,1,1.0000,0.0000,-0.8660,0.5000,-0.9296,-0.3685,0.0000,0.0182,0.0224,0.0073,-0.0025,-0.0201,-0.0095,0.0000
2026-09-09 21:00:00,48,eval2026,clear,25.6200,82.7100,98.1000,1.2200,0.0000,2.2003,4.5062,0.0000,0.0000,0.0056,1,1.0000,0.0000,-0.7071,0.7071,-0.9296,-0.3685,0.0000,0.0184,0.0183,-0.0018,-0.0111,-0.0288,-0.0091,0.0000
2026-09-09 22:00:00,48,eval2026,clear,25.4500,81.4200,98.0600,0.9200,0.0000,0.7996,4.5062,0.0000,0.0000,0.0029,1,1.0000,0.0000,-0.5000,0.8660,-0.9296,-0.3685,0.0000,0.0143,0.0115,-0.0113,-0.0182,-0.0340,-0.0052,0.0000
2026-09-09 23:00:00,48,eval2026,clear,24.9500,83.1600,98.0800,1.0300,0.0000,1.0010,4.5062,0.0000,0.0000,0.0029,1,1.0000,0.0000,-0.2588,0.9659,-0.9296,-0.3685,0.0000,0.0028,-0.0001,-0.0226,-0.0252,-0.0367,0.0006,0.0000
2026-09-15 00:00:00,49,eval2026,clear,24.5500,99.9200,98.5700,1.5600,0.2400,2.7130,2.9934,0.0000,1.0000,0.0258,1,1.0000,0.0000,0.0000,1.0000,-0.9627,-0.2707,0.5820,0.2907,0.1907,0.1077,0.0833,0.0603,0.0410,0.0000
2026-09-15 01:00:00,49,eval2026,clear,25.1400,98.2300,98.6400,1.8900,0.1400,4.9103,2.3014,0.0000,1.0000,0.0187,1,1.0000,0.0000,0.2588,0.9659,-0.9627,-0.2707,0.3666,0.2521,0.1569,0.0888,0.0828,0.0665,0.0466,0.0000
2026-09-15 02:00:00,49,eval2026,clear,26.5100,93.6600,98.6900,2.2500,0.0300,2.9999,2.0921,0.0000,1.0000,0.0134,1,1.0000,0.0000,0.5000,0.8660,-0.9627,-0.2707,0.0973,0.1821,0.1231,0.0801,0.0864,0.0757,0.0538,0.0000
2026-09-15 03:00:00,49,eval2026,clear,28.6600,82.0700,98.7300,2.4600,0.0800,25.8911,2.4945,0.0000,1.0000,0.0173,1,1.0000,0.0000,0.7071,0.7071,-0.9627,-0.2707,0.2266,0.1132,0.1010,0.0800,0.0860,0.0766,0.0509,0.0000
2026-09-15 04:00:00,49,eval2026,clear,30.0200,75.0800,98.7200,2.7600,0.1200,47.3053,3.4923,0.0000,0.0000,0.1087,1,1.0000,0.0000,0.8660,0.5000,-0.9627,-0.2707,0.3211,0.1261,0.1306,0.1125,0.1100,0.0912,0.0505,0.0000
2026-09-15 05:00:00,49,eval2026,clear,30.9300,71.5000,98.6600,2.8200,0.1700,22.6013,4.0073,0.0000,0.0000,0.0554,1,1.0000,0.0000,0.9659,0.2588,-0.9627,-0.2707,0.4331,0.1936,0.1894,0.1577,0.1372,0.0975,0.0460,0.0000
2026-09-15 06:00:00,49,eval2026,clear,31.7000,69.0700,98.6100,2.6200,0.2400,12.8418,4.5062,0.0000,0.0000,0.0477,1,1.0000,0.0000,1.0000,0.0000,-0.9627,-0.2707,0.5820,0.2441,0.2259,0.1791,0.1458,0.1050,0.0582,0.0000
2026-09-15 07:00:00,49,eval2026,clear,32.1600,67.6100,98.5200,2.3200,0.2500,31.7902,5.0051,0.0000,0.0000,0.0768,1,1.0000,0.0000,0.9659,-0.2588,-0.9627,-0.2707,0.6027,0.3267,0.2766,0.2082,0.1655,0.1299,0.0889,0.0000
2026-09-15 08:00:00,49,eval2026,clear,32.4000,66.6600,98.4100,1.9700,0.2700,24.7986,5.0051,0.0000,0.0000,0.0454,1,1.0000,0.0000,0.8660,-0.5000,-0.9627,-0.2707,0.6437,0.3730,0.2993,0.2171,0.1727,0.1461,0.1119,0.0000
2026-09-15 09:00:00,49,eval2026,clear,32.1900,66.9100,98.3100,1.6100,0.3400,16.5894,5.0051,0.0000,0.0000,0.0620,1,1.0000,0.0000,0.7071,-0.7071,-0.9627,-0.2707,0.7839,0.3936,0.3044,0.2160,0.1755,0.1598,0.1317,0.0000
2026-09-15 10:00:00,49,eval2026,clear,31.8200,68.3100,98.2500,1.4400,0.3400,21.5485,5.0051,0.0000,0.0000,0.0852,1,1.0000,0.0000,0.5000,-0.8660,-0.9627,-0.2707,0.7839,0.4726,0.3474,0.2396,0.1974,0.1868,0.1615,0.0000
2026-09-15 11:00:00,49,eval2026,clear,31.1400,73.9100,98.2400,1.1900,0.2900,68.1763,4.5062,0.0000,0.0000,0.3040,1,1.0000,0.0000,0.2588,-0.9659,-0.9627,-0.2707,0.6842,0.5004,0.3632,0.2518,0.2149,0.2086,0.1840,0.0000
2026-09-15 12:00:00,49,eval2026,clear,30.1200,84.9900,98.2700,0.9900,0.3100,44.3390,4.5062,0.0000,0.0000,0.1728,1,1.0000,0.0000,0.0000,-1.0000,-0.9627,-0.2707,0.7244,0.4262,0.3264,0.2341,0.2065,0.1942,0.1733,0.0000
2026-09-15 13:00:00,49,eval2026,clear,29.1300,88.9400,98.3000,1.2300,0.2700,33.8898,4.5062,0.0000,0.0000,0.1073,1,1.0000,0.0000,-0.2588,-0.9659,-0.9627,-0.2707,0.6437,0.4220,0.3390,0.2502,0.2333,0.2283,0.2136,0.0000
2026-09-15 14:00:00,49,eval2026,clear,28.4100,89.8200,98.3800,1.4900,0.1900,30.1117,4.5062,0.0000,0.0000,0.0996,1,1.0000,0.0000,-0.5000,-0.8660,-0.9627,-0.2707,0.4764,0.3993,0.3448,0.2708,0.2695,0.2729,0.2610,0.0000
2026-09-15 15:00:00,49,eval2026,clear,27.8200,90.9000,98.4200,1.6300,0.1700,21.6370,4.5062,0.0000,0.0000,0.0695,1,1.0000,0.0000,-0.7071,-0.7071,-0.9627,-0.2707,0.4331,0.3258,0.3139,0.2626,0.2752,0.2812,0.2708,0.0000
2026-09-15 16:00:00,49,eval2026,clear,27.3000,92.0100,98.4300,1.7800,0.1300,5.1758,4.0073,0.0000,0.0000,0.0305,1,1.0000,0.0000,-0.8660,-0.5000,-0.9627,-0.2707,0.3440,0.2995,0.3073,0.2579,0.2681,0.2686,0.2531,0.0000
2026-09-15 17:00:00,49,eval2026,clear,26.8400,92.8300,98.4200,1.8500,0.1100,14.3372,4.0073,0.0000,0.0000,0.0159,1,1.0000,0.0000,-0.9659,-0.2588,-0.9627,-0.2707,0.2980,0.2581,0.2772,0.2306,0.2279,0.2213,0.2001,0.0000
2026-09-15 18:00:00,49,eval2026,clear,26.4700,93.6200,98.4200,1.8400,0.0600,2.6489,4.0073,0.0000,0.0000,0.0180,1,1.0000,0.0000,-1.0000,-0.0000,-0.9627,-0.2707,0.1769,0.2309,0.2492,0.2004,0.1825,0.1712,0.1485,0.0000
2026-09-15 19:00:00,49,eval2026,clear,26.1100,94.7500,98.4000,1.8000,0.0100,10.0494,4.0073,0.0000,0.0000,0.0193,1,1.0000,0.0000,-0.9659,0.2588,-0.9627,-0.2707,0.0376,0.1796,0.1973,0.1501,0.1232,0.1117,0.0949,0.0000
2026-09-15 20:00:00,49,eval2026,clear,25.7800,95.5600,98.3800,1.7400,0.0400,10.4736,4.0073,0.0000,0.0000,0.0179,1,1.0000,0.0000,-0.8660,0.5000,-0.9627,-0.2707,0.1247,0.1307,0.1429,0.0947,0.0663,0.0573,0.0531,0.0000
2026-09-15 21:00:00,49,eval2026,clear,25.4800,96.1200,98.3500,1.7400,0.0500,8.6731,4.0073,0.0000,0.0000,0.0140,1,1.0000,0.0000,-0.7071,0.7071,-0.9627,-0.2707,0.1511,0.1223,0.1162,0.0586,0.0314,0.0254,0.0369,0.0000
2026-09-15 22:00:00,49,eval2026,clear,25.2400,96.3200,98.3700,1.7200,0.0500,32.2510,4.0073,0.0000,1.0000,0.1259,1,1.0000,0.0000,-0.5000,0.8660,-0.9627,-0.2707,0.1511,0.1196,0.0931,0.0289,0.0075,0.0058,0.0373,0.0000
2026-09-15 23:00:00,49,eval2026,clear,25.1100,95.8900,98.4000,1.6100,0.0500,57.7820,4.0073,0.0000,1.0000,0.1798,1,1.0000,0.0000,-0.2588,0.9659,-0.9627,-0.2707,0.1511,0.1439,0.0937,0.0299,0.0188,0.0244,0.0678,0.0000
